hour_of_day,day,row,col,demand
17,0,0,0,0
17,0,0,1,0
17,0,0,2,5
17,0,0,7,33
17,0,1,3,19
17,0,1,4,14
17,0,1,5,8
17,0,2,3,17
17,0,2,5,11
17,0,2,7,3
17,0,3,0,0
17,0,3,1,5
17,0,3,2,0
17,0,3,3,8
17,0,3,5,19
17,0,4,0,0
17,0,4,1,8
17,0,4,4,27
17,0,4,5,17
17,0,4,6,0
17,0,5,0,0
17,0,5,1,0
17,0,5,2,0
17,0,5,3,3
17,0,5,4,11
17,0,5,6,3
17,0,5,7,3
17,0,6,1,0
17,0,6,2,0
17,0,6,4,0
17,0,6,5,14
17,0,6,6,11
17,0,7,2,0
17,0,7,3,0
17,0,7,4,0
17,0,7,5,0
17,0,7,6,5
18,0,0,0,0
18,0,0,1,0
18,0,0,3,5
18,0,0,5,3
18,0,0,6,8
18,0,1,0,0
18,0,1,1,0
18,0,1,2,0
18,0,1,3,3
18,0,1,4,3
18,0,1,6,8
18,0,1,7,3
18,0,2,3,0
18,0,2,4,8
18,0,2,6,5
18,0,3,1,0
18,0,3,4,0
18,0,3,6,3
18,0,4,0,0
18,0,4,1,0
18,0,4,2,5
18,0,4,3,51
18,0,4,6,0
18,0,5,0,0
18,0,5,1,0
18,0,5,2,0
18,0,5,3,0
18,0,5,4,8
18,0,5,5,3
18,0,6,4,0
18,0,6,7,0
18,0,7,0,0
18,0,7,1,0
18,0,7,2,0
18,0,7,4,0
19,0,0,0,0
19,0,0,2,0
19,0,0,3,3
19,0,0,4,0
19,0,1,0,0
19,0,1,1,0
19,0,1,3,3
19,0,1,5,33
19,0,1,6,0
19,0,2,2,3
19,0,2,3,0
19,0,2,5,3
19,0,2,6,3
19,0,3,1,0
19,0,3,2,0
19,0,3,3,0
19,0,3,4,0
19,0,3,5,5
19,0,3,7,5
19,0,4,0,0
19,0,4,2,0
19,0,4,5,0
19,0,4,7,0
19,0,5,0,0
19,0,5,1,0
19,0,5,3,0
19,0,5,4,0
19,0,5,5,0
19,0,5,6,0
19,0,6,0,0
19,0,6,1,0
19,0,6,2,0
19,0,6,4,0
19,0,6,6,0
19,0,7,2,0
19,0,7,3,0
19,0,7,4,0
19,0,7,6,0
20,0,0,1,0
20,0,0,2,0
20,0,0,4,0
20,0,0,7,3
20,0,1,1,0
20,0,1,2,5
20,0,1,6,0
20,0,2,0,0
20,0,2,1,0
20,0,2,2,5
20,0,2,4,0
20,0,2,6,3
20,0,2,7,0
20,0,3,0,0
20,0,3,1,8
20,0,3,4,0
20,0,3,5,8
20,0,3,6,3
20,0,3,7,5
20,0,4,1,3
20,0,4,2,0
20,0,4,3,3
20,0,4,5,0
20,0,4,6,0
20,0,4,7,0
20,0,5,0,0
20,0,5,1,0
20,0,5,2,0
20,0,5,3,0
20,0,5,4,0
20,0,5,7,0
20,0,6,2,0
20,0,6,3,0
20,0,6,6,8
20,0,7,2,0
20,0,7,3,0
20,0,7,4,0
20,0,7,5,0
20,0,7,6,5
20,0,7,7,0
21,0,0,1,0
21,0,0,3,5
21,0,0,4,3
21,0,0,5,3
21,0,0,6,0
21,0,0,7,0
21,0,1,1,0
21,0,1,2,3
21,0,1,3,0
21,0,1,4,0
21,0,1,6,14
21,0,1,7,0
21,0,2,0,0
21,0,2,1,0
21,0,2,4,3
21,0,2,6,5
21,0,2,7,3
21,0,3,1,0
21,0,3,2,0
21,0,3,3,11
21,0,3,4,0
21,0,3,5,0
21,0,3,6,0
21,0,4,2,0
21,0,4,4,0
21,0,4,7,0
21,0,5,2,0
21,0,5,3,0
21,0,5,6,0
21,0,5,7,0
21,0,6,0,0
21,0,6,5,5
21,0,6,6,0
21,0,6,7,0
21,0,7,6,30
22,0,0,1,0
22,0,0,2,0
22,0,0,3,3
22,0,0,4,0
22,0,0,5,0
22,0,0,6,0
22,0,1,2,0
22,0,2,0,0
22,0,2,1,0
22,0,2,2,0
22,0,2,4,0
22,0,2,5,0
22,0,3,0,0
22,0,3,1,0
22,0,3,4,0
22,0,3,5,0
22,0,3,7,0
22,0,4,0,0
22,0,4,2,0
22,0,4,3,0
22,0,4,4,0
22,0,4,5,0
22,0,4,7,0
22,0,5,0,0
22,0,5,1,0
22,0,5,4,0
22,0,5,6,0
22,0,5,7,0
22,0,6,3,0
22,0,6,4,0
22,0,6,5,0
22,0,6,7,0
22,0,7,1,0
22,0,7,2,0
22,0,7,7,0
23,0,0,2,0
23,0,0,3,0
23,0,0,4,0
23,0,0,5,0
23,0,0,6,0
23,0,0,7,0
23,0,1,0,0
23,0,1,1,0
23,0,1,2,0
23,0,1,6,0
23,0,2,0,0
23,0,2,2,0
23,0,2,4,0
23,0,2,5,0
23,0,2,6,0
23,0,3,0,0
23,0,3,4,0
23,0,4,1,0
23,0,4,2,0
23,0,4,3,0
23,0,4,4,0
23,0,4,7,0
23,0,5,1,0
23,0,5,6,0
23,0,5,7,0
23,0,6,0,0
23,0,6,1,0
23,0,6,2,0
23,0,6,4,0
23,0,6,7,0
23,0,7,0,0
23,0,7,1,0
23,0,7,4,0
23,0,7,7,0
0,1,0,0,3
0,1,0,1,0
0,1,0,3,11
0,1,0,4,3
0,1,0,6,0
0,1,0,7,0
0,1,1,1,0
0,1,1,2,3
0,1,1,3,0
0,1,1,4,0
0,1,1,5,0
0,1,2,3,3
0,1,2,4,0
0,1,2,6,0
0,1,2,7,0
0,1,3,1,0
0,1,3,2,3
0,1,3,5,5
0,1,4,0,0
0,1,4,1,0
0,1,4,4,0
0,1,4,5,3
0,1,4,6,0
0,1,4,7,0
0,1,5,2,0
0,1,5,3,0
0,1,5,5,0
0,1,5,6,17
0,1,6,0,0
0,1,6,4,0
0,1,6,5,41
0,1,7,0,0
0,1,7,2,0
0,1,7,4,0
0,1,7,6,22
1,1,0,0,30
1,1,0,1,3
1,1,0,2,14
1,1,0,5,24
1,1,1,0,5
1,1,1,6,24
1,1,1,7,27
1,1,2,0,5
1,1,2,1,0
1,1,2,3,22
1,1,2,6,33
1,1,3,0,0
1,1,3,3,24
1,1,3,4,5
1,1,3,6,14
1,1,4,0,0
1,1,4,1,0
1,1,4,6,3
1,1,5,1,22
1,1,5,2,0
1,1,5,3,3
1,1,5,5,24
1,1,5,7,11
1,1,6,0,0
1,1,6,1,0
1,1,6,5,22
1,1,6,6,0
1,1,7,0,0
1,1,7,1,0
1,1,7,3,0
1,1,7,5,3
1,1,7,7,0
2,1,0,0,5
2,1,0,1,8
2,1,0,2,79
2,1,0,3,543
2,1,0,4,570
2,1,0,6,114
2,1,0,7,169
2,1,1,1,0
2,1,1,2,218
2,1,2,0,0
2,1,2,1,0
2,1,2,4,347
2,1,2,6,172
2,1,2,7,259
2,1,3,0,0
2,1,3,1,33
2,1,3,2,169
2,1,3,3,145
2,1,3,4,96
2,1,3,5,118
2,1,3,7,191
2,1,4,0,0
2,1,4,1,3
2,1,4,2,0
2,1,4,3,44
2,1,4,4,71
2,1,4,6,14
2,1,5,0,0
2,1,5,3,33
2,1,5,6,51
2,1,5,7,44
2,1,6,0,0
2,1,6,2,0
2,1,6,3,0
2,1,6,4,77
2,1,7,0,0
2,1,7,3,5
2,1,7,4,3
3,1,0,3,642
3,1,0,4,570
3,1,0,5,363
3,1,0,6,196
3,1,1,0,0
3,1,1,2,352
3,1,1,3,415
3,1,1,4,426
3,1,1,6,101
3,1,1,7,377
3,1,2,0,0
3,1,2,1,0
3,1,2,6,210
3,1,3,0,3
3,1,3,3,177
3,1,3,4,208
3,1,3,5,254
3,1,3,6,155
3,1,4,0,0
3,1,4,1,11
3,1,4,2,0
3,1,4,3,65
3,1,4,4,147
3,1,4,5,174
3,1,4,6,58
3,1,5,0,0
3,1,5,1,3
3,1,5,3,5
3,1,5,4,11
3,1,6,0,0
3,1,6,1,0
3,1,6,2,0
3,1,6,3,3
3,1,6,4,0
3,1,6,6,147
3,1,7,0,0
3,1,7,2,0
3,1,7,3,3
3,1,7,4,0
3,1,7,5,3
3,1,7,6,3
3,1,7,7,8
4,1,0,1,0
4,1,0,3,502
4,1,0,4,188
4,1,0,5,306
4,1,0,6,208
4,1,1,0,0
4,1,1,1,0
4,1,1,6,101
4,1,1,7,150
4,1,2,2,44
4,1,2,3,246
4,1,2,4,483
4,1,2,5,263
4,1,2,6,133
4,1,3,0,0
4,1,3,1,5
4,1,3,3,77
4,1,3,4,77
4,1,3,5,164
4,1,3,6,90
4,1,3,7,55
4,1,4,0,5
4,1,4,2,3
4,1,4,3,46
4,1,4,4,44
4,1,4,5,68
4,1,4,6,137
4,1,5,0,0
4,1,5,1,0
4,1,5,2,0
4,1,5,3,0
4,1,5,4,24
4,1,5,7,17
4,1,6,3,3
4,1,6,4,3
4,1,6,6,11
4,1,6,7,3
4,1,7,2,0
4,1,7,3,17
4,1,7,7,0
5,1,0,0,14
5,1,0,1,0
5,1,0,4,65
5,1,0,6,74
5,1,1,1,0
5,1,1,5,276
5,1,1,6,60
5,1,1,7,114
5,1,2,1,0
5,1,2,2,30
5,1,2,3,194
5,1,2,6,126
5,1,3,1,19
5,1,3,2,3
5,1,3,3,85
5,1,4,0,0
5,1,4,1,33
5,1,4,2,0
5,1,4,3,11
5,1,4,4,85
5,1,4,5,44
5,1,4,6,33
5,1,5,0,0
5,1,5,1,0
5,1,5,7,65
5,1,6,0,0
5,1,6,2,0
5,1,6,3,0
5,1,6,4,11
5,1,6,5,8
5,1,6,6,0
5,1,7,2,0
5,1,7,3,0
5,1,7,4,5
5,1,7,6,3
5,1,7,7,0
6,1,0,2,90
6,1,0,4,51
6,1,0,5,259
6,1,0,6,85
6,1,0,7,213
6,1,1,0,0
6,1,1,1,5
6,1,1,2,24
6,1,1,4,96
6,1,2,0,0
6,1,2,2,17
6,1,2,5,123
6,1,2,6,159
6,1,3,1,5
6,1,3,2,11
6,1,3,3,90
6,1,3,5,38
6,1,3,6,101
6,1,3,7,186
6,1,4,0,0
6,1,4,4,82
6,1,4,5,44
6,1,5,0,0
6,1,5,1,0
6,1,5,3,8
6,1,5,5,17
6,1,6,0,0
6,1,6,2,0
6,1,6,3,0
6,1,6,6,22
6,1,6,7,181
6,1,7,1,0
6,1,7,2,0
6,1,7,3,3
6,1,7,5,14
6,1,7,6,41
6,1,7,7,5
7,1,0,0,14
7,1,0,1,14
7,1,0,2,24
7,1,0,3,164
7,1,0,4,104
7,1,0,5,92
7,1,0,6,99
7,1,0,7,101
7,1,1,0,0
7,1,1,3,109
7,1,1,5,58
7,1,2,0,0
7,1,2,1,0
7,1,2,2,55
7,1,2,3,58
7,1,2,4,55
7,1,2,5,99
7,1,2,6,147
7,1,2,7,131
7,1,3,0,0
7,1,3,1,19
7,1,3,2,24
7,1,3,4,33
7,1,4,0,0
7,1,4,3,181
7,1,4,4,44
7,1,4,5,60
7,1,4,6,44
7,1,6,0,0
7,1,6,1,0
7,1,6,2,0
7,1,6,3,147
7,1,6,5,22
7,1,6,6,3
7,1,6,7,46
7,1,7,1,0
7,1,7,2,0
7,1,7,3,5
7,1,7,5,8
7,1,7,7,0
8,1,0,1,8
8,1,0,3,60
8,1,0,4,104
8,1,0,5,150
8,1,0,6,164
8,1,0,7,118
8,1,1,0,0
8,1,1,1,3
8,1,1,3,96
8,1,1,4,14
8,1,1,5,153
8,1,1,6,249
8,1,2,2,44
8,1,2,5,101
8,1,2,6,150
8,1,3,0,0
8,1,3,1,3
8,1,3,2,5
8,1,3,3,44
8,1,3,6,49
8,1,3,7,90
8,1,4,2,0
8,1,4,3,17
8,1,4,4,19
8,1,4,5,87
8,1,4,7,51
8,1,5,0,0
8,1,5,3,0
8,1,5,5,51
8,1,5,6,46
8,1,5,7,5
8,1,6,0,0
8,1,6,3,3
8,1,6,4,5
8,1,6,5,104
8,1,7,0,0
8,1,7,1,0
8,1,7,3,11
8,1,7,5,11
8,1,7,6,3
8,1,7,7,3
9,1,0,1,19
9,1,0,2,68
9,1,0,5,191
9,1,1,0,0
9,1,1,1,14
9,1,1,2,46
9,1,1,3,60
9,1,1,4,19
9,1,1,5,218
9,1,1,6,213
9,1,1,7,114
9,1,2,2,17
9,1,2,5,213
9,1,2,6,200
9,1,3,1,0
9,1,3,4,55
9,1,3,5,213
9,1,4,0,0
9,1,4,1,17
9,1,4,2,0
9,1,4,3,27
9,1,4,4,24
9,1,5,1,5
9,1,5,2,3
9,1,5,4,19
9,1,5,5,126
9,1,6,0,0
9,1,6,1,0
9,1,6,5,22
9,1,6,6,0
9,1,7,0,0
9,1,7,1,0
9,1,7,4,11
9,1,7,5,24
9,1,7,6,3
9,1,7,7,5
10,1,0,0,3
10,1,0,1,19
10,1,0,2,14
10,1,0,3,41
10,1,0,5,213
10,1,0,6,273
10,1,1,2,36
10,1,1,3,79
10,1,1,4,55
10,1,1,5,276
10,1,1,6,546
10,1,2,0,0
10,1,2,1,11
10,1,2,2,22
10,1,2,6,660
10,1,3,1,5
10,1,3,2,11
10,1,3,3,49
10,1,3,6,454
10,1,4,2,3
10,1,4,5,87
10,1,5,1,0
10,1,5,2,5
10,1,5,3,8
10,1,5,6,194
10,1,6,0,0
10,1,6,1,0
10,1,6,2,0
10,1,6,3,0
10,1,6,4,0
10,1,6,5,14
10,1,6,7,5
10,1,7,2,0
10,1,7,4,14
10,1,7,7,3
11,1,0,0,3
11,1,0,2,68
11,1,0,3,85
11,1,0,6,565
11,1,0,7,161
11,1,1,0,5
11,1,1,1,5
11,1,1,3,55
11,1,1,4,150
11,1,1,5,522
11,1,1,6,865
11,1,2,1,3
11,1,2,2,27
11,1,2,3,87
11,1,2,4,74
11,1,2,5,434
11,1,2,6,1491
11,1,2,7,140
11,1,3,0,3
11,1,3,1,0
11,1,3,6,974
11,1,4,2,8
11,1,4,3,77
11,1,4,5,276
11,1,4,6,440
11,1,4,7,33
11,1,5,0,0
11,1,5,1,3
11,1,5,3,0
11,1,5,5,104
11,1,5,6,360
11,1,6,1,0
11,1,6,2,0
11,1,6,4,17
11,1,6,5,164
11,1,7,0,0
11,1,7,1,0
11,1,7,2,0
11,1,7,3,5
11,1,7,4,0
11,1,7,5,33
11,1,7,6,74
12,1,0,1,17
12,1,0,2,30
12,1,0,3,140
12,1,0,4,270
12,1,0,5,642
12,1,0,6,1201
12,1,1,0,0
12,1,1,1,0
12,1,1,3,112
12,1,1,4,51
12,1,1,7,311
12,1,2,0,0
12,1,2,1,5
12,1,2,2,58
12,1,2,5,418
12,1,2,6,1838
12,1,3,6,865
12,1,3,7,71
12,1,4,0,14
12,1,4,2,0
12,1,4,3,24
12,1,4,4,41
12,1,4,5,292
12,1,4,7,22
12,1,5,0,0
12,1,5,1,0
12,1,5,2,5
12,1,5,3,0
12,1,5,4,22
12,1,5,5,194
12,1,5,6,374
12,1,6,1,0
12,1,6,2,14
12,1,6,5,17
12,1,6,6,68
12,1,7,0,0
12,1,7,1,0
12,1,7,3,0
12,1,7,6,79
13,1,0,3,104
13,1,0,7,393
13,1,1,0,0
13,1,1,1,14
13,1,1,2,38
13,1,1,6,1712
13,1,1,7,557
13,1,2,0,3
13,1,2,3,123
13,1,2,4,63
13,1,2,5,959
13,1,2,7,306
13,1,3,1,5
13,1,3,3,41
13,1,3,4,145
13,1,3,5,604
13,1,4,0,0
13,1,4,1,24
13,1,4,2,0
13,1,4,3,46
13,1,4,4,24
13,1,4,5,268
13,1,4,6,579
13,1,4,7,60
13,1,5,1,0
13,1,5,2,3
13,1,5,4,33
13,1,6,5,36
13,1,7,0,0
13,1,7,6,85
14,1,0,0,11
14,1,0,1,11
14,1,0,5,120
14,1,0,6,401
14,1,0,7,333
14,1,1,0,0
14,1,1,1,5
14,1,1,2,24
14,1,1,3,38
14,1,1,4,65
14,1,1,5,145
14,1,1,6,734
14,1,2,0,0
14,1,2,2,27
14,1,2,4,22
14,1,2,5,150
14,1,2,6,454
14,1,3,0,3
14,1,3,2,3
14,1,3,6,265
14,1,4,0,0
14,1,4,1,8
14,1,4,2,5
14,1,4,3,11
14,1,4,5,77
14,1,4,6,249
14,1,4,7,17
14,1,5,1,3
14,1,5,3,3
14,1,5,4,14
14,1,5,6,71
14,1,5,7,19
14,1,6,0,0
14,1,6,1,0
14,1,6,2,0
14,1,6,3,5
14,1,6,5,11
14,1,6,6,5
14,1,6,7,8
14,1,7,1,0
14,1,7,2,0
14,1,7,5,11
14,1,7,6,5
15,1,0,0,3
15,1,0,4,44
15,1,0,5,126
15,1,0,6,177
15,1,1,0,0
15,1,1,1,3
15,1,1,2,14
15,1,1,3,36
15,1,1,5,71
15,1,1,6,131
15,1,2,3,106
15,1,2,5,71
15,1,2,7,51
15,1,3,0,0
15,1,3,2,11
15,1,3,4,46
15,1,3,7,22
15,1,4,3,51
15,1,4,4,36
15,1,4,7,8
15,1,5,2,5
15,1,5,4,8
15,1,5,5,46
15,1,5,7,22
15,1,6,0,0
15,1,6,1,0
15,1,6,3,5
15,1,6,4,8
15,1,6,6,5
15,1,6,7,8
15,1,7,1,0
15,1,7,4,5
15,1,7,6,11
15,1,7,7,11
16,1,0,1,5
16,1,0,2,22
16,1,0,5,44
16,1,0,6,49
16,1,1,0,0
16,1,1,1,19
16,1,1,2,19
16,1,1,5,22
16,1,1,6,46
16,1,1,7,22
16,1,2,0,0
16,1,2,1,0
16,1,2,4,30
16,1,2,5,33
16,1,2,6,55
16,1,3,2,11
16,1,3,3,8
16,1,3,4,0
16,1,3,5,82
16,1,3,6,49
16,1,3,7,30
16,1,4,2,0
16,1,4,3,24
16,1,4,6,36
16,1,5,0,0
16,1,5,1,0
16,1,5,4,8
16,1,6,0,0
16,1,6,1,0
16,1,6,2,0
16,1,6,6,0
16,1,6,7,3
16,1,7,0,0
16,1,7,3,0
16,1,7,6,0
16,1,7,7,5
17,1,0,0,11
17,1,0,2,23
17,1,0,4,6
17,1,0,5,25
17,1,0,6,25
17,1,0,7,43
17,1,1,1,3
17,1,1,2,14
17,1,1,3,14
17,1,2,0,0
17,1,2,2,14
17,1,2,4,14
17,1,2,5,11
17,1,2,6,34
17,1,2,7,14
17,1,3,0,0
17,1,3,3,32
17,1,3,4,25
17,1,3,6,40
17,1,4,1,9
17,1,4,2,0
17,1,4,5,32
17,1,4,7,9
17,1,5,0,0
17,1,5,4,18
17,1,5,5,18
17,1,5,6,6
17,1,5,7,6
17,1,6,0,0
17,1,6,1,3
17,1,6,2,0
17,1,6,4,3
17,1,6,5,11
17,1,6,6,0
17,1,7,0,0
17,1,7,1,0
17,1,7,2,0
17,1,7,5,0
17,1,7,6,3
17,1,7,7,3
18,1,0,0,3
18,1,0,1,0
18,1,0,2,9
18,1,0,3,20
18,1,0,5,18
18,1,0,7,9
18,1,1,0,0
18,1,1,1,0
18,1,1,3,34
18,1,1,4,3
18,1,1,6,3
18,1,1,7,20
18,1,2,2,9
18,1,2,3,9
18,1,2,5,14
18,1,2,6,20
18,1,3,0,6
18,1,3,2,3
18,1,3,3,23
18,1,3,4,32
18,1,3,6,40
18,1,3,7,11
18,1,4,0,0
18,1,4,4,40
18,1,4,6,23
18,1,4,7,6
18,1,5,2,3
18,1,5,5,14
18,1,5,7,6
18,1,6,4,9
18,1,6,5,14
18,1,6,6,11
18,1,7,3,0
18,1,7,4,0
18,1,7,5,3
18,1,7,7,0
19,1,0,3,0
19,1,0,4,6
19,1,0,5,9
19,1,0,6,11
19,1,1,0,0
19,1,1,4,3
19,1,1,5,14
19,1,1,6,3
19,1,2,0,0
19,1,2,6,23
19,1,2,7,20
19,1,3,1,0
19,1,3,2,0
19,1,4,3,49
19,1,4,7,9
19,1,5,0,0
19,1,5,4,0
19,1,5,6,0
19,1,5,7,0
19,1,6,1,0
19,1,6,3,3
19,1,6,4,0
19,1,6,5,14
19,1,6,6,0
19,1,7,0,0
19,1,7,4,0
19,1,7,7,0
20,1,0,0,0
20,1,0,3,0
20,1,0,5,3
20,1,1,0,0
20,1,1,1,0
20,1,1,2,6
20,1,1,3,9
20,1,1,4,3
20,1,1,6,3
20,1,1,7,3
20,1,2,1,0
20,1,2,3,9
20,1,2,6,0
20,1,2,7,6
20,1,3,1,0
20,1,3,2,3
20,1,3,4,3
20,1,3,7,0
20,1,4,1,0
20,1,4,3,37
20,1,4,4,6
20,1,4,5,6
20,1,4,6,0
20,1,4,7,0
20,1,5,0,0
20,1,5,1,0
20,1,5,3,0
20,1,5,5,0
20,1,5,6,0
20,1,6,1,0
20,1,6,2,0
20,1,6,3,0
20,1,6,4,0
20,1,6,6,3
20,1,6,7,3
20,1,7,1,0
20,1,7,3,0
20,1,7,4,0
20,1,7,5,3
20,1,7,7,0
21,1,0,2,9
21,1,0,3,0
21,1,0,6,9
21,1,0,7,0
21,1,1,0,0
21,1,1,1,0
21,1,1,3,3
21,1,1,5,6
21,1,2,1,0
21,1,2,3,0
21,1,2,5,0
21,1,2,6,3
21,1,2,7,6
21,1,3,0,20
21,1,3,1,3
21,1,3,2,0
21,1,3,4,3
21,1,3,5,0
21,1,3,6,0
21,1,3,7,0
21,1,4,1,3
21,1,4,2,0
21,1,4,3,14
21,1,4,5,0
21,1,4,6,0
21,1,5,1,0
21,1,5,2,6
21,1,5,3,0
21,1,5,5,0
21,1,6,0,0
21,1,6,4,0
21,1,6,5,0
21,1,7,0,0
21,1,7,2,0
21,1,7,4,3
21,1,7,5,0
21,1,7,6,0
22,1,0,0,0
22,1,0,1,0
22,1,0,2,0
22,1,0,5,0
22,1,0,6,0
22,1,0,7,9
22,1,1,1,0
22,1,1,2,0
22,1,1,6,0
22,1,2,2,3
22,1,2,3,0
22,1,2,6,0
22,1,3,1,37
22,1,3,2,9
22,1,3,5,0
22,1,4,2,20
22,1,4,3,37
22,1,4,5,0
22,1,4,6,0
22,1,4,7,9
22,1,5,0,0
22,1,5,3,0
22,1,5,4,9
22,1,5,5,0
22,1,5,6,0
22,1,6,0,0
22,1,6,1,0
22,1,6,3,0
22,1,6,4,0
22,1,6,5,3
22,1,6,6,0
22,1,6,7,0
22,1,7,0,0
22,1,7,1,0
22,1,7,3,0
22,1,7,6,0
23,1,0,1,0
23,1,0,3,0
23,1,0,7,3
23,1,1,3,3
23,1,1,5,0
23,1,1,6,3
23,1,2,1,0
23,1,2,3,6
23,1,2,4,9
23,1,2,5,0
23,1,2,7,3
23,1,3,0,0
23,1,3,3,11
23,1,3,4,3
23,1,4,0,0
23,1,4,1,0
23,1,4,2,0
23,1,4,5,3
23,1,5,2,0
23,1,5,3,0
23,1,5,4,0
23,1,5,5,0
23,1,5,6,0
23,1,6,0,0
23,1,6,1,0
23,1,6,3,0
23,1,6,5,0
23,1,7,0,0
23,1,7,1,0
23,1,7,3,0
23,1,7,4,0
23,1,7,5,0
23,1,7,6,0
0,2,0,1,0
0,2,0,2,0
0,2,0,3,0
0,2,0,5,3
0,2,0,6,0
0,2,1,0,0
0,2,1,4,0
0,2,1,7,0
0,2,2,1,0
0,2,2,3,0
0,2,2,4,6
0,2,2,5,6
0,2,2,6,3
0,2,3,0,3
0,2,3,1,6
0,2,3,2,0
0,2,3,3,9
0,2,3,6,6
0,2,3,7,0
0,2,4,0,0
0,2,4,2,0
0,2,4,4,9
0,2,4,5,0
0,2,4,7,3
0,2,5,0,0
0,2,5,1,0
0,2,5,3,0
0,2,5,6,0
0,2,6,1,0
0,2,6,3,0
0,2,6,4,3
0,2,6,5,0
0,2,6,6,0
0,2,6,7,0
0,2,7,5,0
0,2,7,6,3
1,2,0,0,6
1,2,0,1,3
1,2,0,2,29
1,2,0,5,20
1,2,0,7,49
1,2,1,0,25
1,2,1,5,115
1,2,1,7,109
1,2,2,1,6
1,2,2,2,49
1,2,2,6,32
1,2,2,7,18
1,2,3,1,9
1,2,3,4,9
1,2,3,5,86
1,2,3,6,40
1,2,4,0,0
1,2,4,1,9
1,2,4,2,0
1,2,4,3,0
1,2,4,6,3
1,2,5,2,0
1,2,5,3,3
1,2,5,5,18
1,2,5,6,14
1,2,6,0,0
1,2,6,5,9
1,2,6,6,0
1,2,7,0,0
1,2,7,1,0
1,2,7,2,0
1,2,7,6,29
2,2,0,0,37
2,2,0,1,14
2,2,0,2,147
2,2,0,4,278
2,2,0,5,143
2,2,1,0,0
2,2,1,2,97
2,2,1,4,301
2,2,1,7,579
2,2,2,0,3
2,2,2,1,0
2,2,2,3,444
2,2,2,4,326
2,2,2,5,639
2,2,2,6,221
2,2,2,7,218
2,2,3,1,52
2,2,3,2,89
2,2,3,6,123
2,2,3,7,100
2,2,4,0,0
2,2,4,1,80
2,2,4,2,0
2,2,4,4,298
2,2,5,0,0
2,2,5,1,0
2,2,5,4,49
2,2,5,5,25
2,2,5,7,158
2,2,6,1,0
2,2,6,3,0
2,2,6,6,0
2,2,6,7,32
2,2,7,1,0
2,2,7,4,83
2,2,7,7,46
3,2,0,0,23
3,2,0,3,387
3,2,0,4,421
3,2,0,5,229
3,2,0,7,444
3,2,1,0,32
3,2,1,4,249
3,2,1,7,923
3,2,2,0,0
3,2,2,4,674
3,2,3,0,0
3,2,3,3,181
3,2,3,5,269
3,2,3,7,149
3,2,4,0,3
3,2,4,1,18
3,2,4,3,46
3,2,5,3,14
3,2,5,4,218
3,2,5,5,169
3,2,5,6,6
3,2,5,7,115
3,2,6,0,0
3,2,6,1,0
3,2,6,2,0
3,2,6,3,3
3,2,6,4,49
3,2,6,7,120
3,2,7,0,0
3,2,7,1,0
3,2,7,2,0
3,2,7,5,6
3,2,7,6,34
4,2,0,0,23
4,2,0,1,9
4,2,0,2,77
4,2,0,3,221
4,2,0,4,181
4,2,0,5,593
4,2,0,6,267
4,2,1,0,0
4,2,1,2,80
4,2,1,3,326
4,2,1,4,135
4,2,1,5,708
4,2,1,6,433
4,2,2,1,9
4,2,2,2,319
4,2,2,4,435
4,2,2,6,441
4,2,2,7,226
4,2,3,1,23
4,2,3,2,3
4,2,3,5,158
4,2,3,6,221
4,2,3,7,221
4,2,4,0,3
4,2,4,1,6
4,2,4,2,9
4,2,4,3,52
4,2,4,6,54
4,2,5,1,0
4,2,5,3,11
4,2,5,4,32
4,2,5,5,195
4,2,5,7,75
4,2,6,0,0
4,2,6,2,0
4,2,6,3,34
4,2,6,7,9
4,2,7,1,0
4,2,7,3,0
4,2,7,5,0
4,2,7,6,0
4,2,7,7,9
5,2,0,0,11
5,2,0,1,9
5,2,0,2,57
5,2,0,3,195
5,2,0,7,424
5,2,1,0,11
5,2,1,1,52
5,2,1,2,52
5,2,1,3,252
5,2,2,0,0
5,2,2,2,37
5,2,2,3,315
5,2,2,5,178
5,2,3,0,0
5,2,3,1,3
5,2,3,2,6
5,2,3,5,140
5,2,3,7,226
5,2,4,1,11
5,2,4,4,75
5,2,4,7,161
5,2,5,4,9
5,2,5,5,118
5,2,5,6,72
5,2,5,7,49
5,2,6,2,0
5,2,6,4,18
5,2,6,6,3
5,2,7,0,0
5,2,7,1,0
5,2,7,3,0
5,2,7,4,0
5,2,7,6,11
6,2,0,0,6
6,2,0,1,9
6,2,0,2,138
6,2,0,3,178
6,2,0,4,212
6,2,0,6,163
6,2,0,7,238
6,2,1,6,233
6,2,1,7,263
6,2,2,0,0
6,2,2,2,97
6,2,2,5,172
6,2,2,6,161
6,2,2,7,298
6,2,3,0,0
6,2,3,1,6
6,2,3,2,11
6,2,3,4,23
6,2,3,5,61
6,2,3,6,72
6,2,4,2,0
6,2,4,5,169
6,2,4,7,34
6,2,5,1,0
6,2,5,3,11
6,2,5,6,32
6,2,6,0,0
6,2,6,1,0
6,2,6,2,9
6,2,6,3,9
6,2,6,4,3
6,2,6,5,6
6,2,6,6,57
6,2,6,7,106
6,2,7,0,0
6,2,7,1,0
6,2,7,2,0
6,2,7,3,0
6,2,7,4,11
6,2,7,5,3
7,2,0,0,3
7,2,0,1,18
7,2,0,4,154
7,2,0,7,95
7,2,1,0,0
7,2,1,4,40
7,2,1,6,315
7,2,2,0,0
7,2,2,2,149
7,2,2,4,100
7,2,2,6,190
7,2,2,7,154
7,2,3,1,6
7,2,3,4,115
7,2,3,5,143
7,2,3,6,95
7,2,3,7,68
7,2,4,3,20
7,2,4,5,66
7,2,4,6,68
7,2,4,7,92
7,2,5,0,0
7,2,5,1,0
7,2,5,2,3
7,2,5,3,29
7,2,5,4,9
7,2,5,5,195
7,2,5,7,63
7,2,6,0,0
7,2,6,1,0
7,2,6,2,0
7,2,6,3,6
7,2,6,6,37
7,2,6,7,18
7,2,7,1,0
7,2,7,3,18
7,2,7,5,6
7,2,7,7,20
8,2,0,1,147
8,2,0,4,72
8,2,0,6,221
8,2,0,7,154
8,2,1,1,3
8,2,1,2,140
8,2,1,6,491
8,2,1,7,143
8,2,2,0,0
8,2,2,1,0
8,2,2,2,178
8,2,2,3,63
8,2,2,4,23
8,2,2,5,186
8,2,3,0,3
8,2,3,3,75
8,2,3,4,68
8,2,3,7,49
8,2,4,1,14
8,2,4,2,0
8,2,4,3,49
8,2,4,4,49
8,2,4,5,147
8,2,4,6,100
8,2,4,7,77
8,2,5,0,0
8,2,5,2,3
8,2,5,3,138
8,2,5,5,92
8,2,5,6,92
8,2,5,7,419
8,2,6,1,0
8,2,6,2,3
8,2,6,3,18
8,2,6,5,57
8,2,6,7,6
8,2,7,0,0
8,2,7,1,0
8,2,7,3,3
8,2,7,4,3
8,2,7,5,0
8,2,7,6,46
8,2,7,7,32
9,2,0,0,3
9,2,0,2,54
9,2,0,3,89
9,2,0,4,147
9,2,0,5,138
9,2,0,7,353
9,2,1,0,0
9,2,1,2,49
9,2,1,3,634
9,2,1,5,654
9,2,1,7,315
9,2,2,0,0
9,2,2,1,0
9,2,2,2,20
9,2,2,4,175
9,2,3,0,11
9,2,3,1,11
9,2,3,2,14
9,2,3,5,215
9,2,3,6,430
9,2,3,7,138
9,2,4,0,3
9,2,4,2,0
9,2,4,4,68
9,2,4,5,195
9,2,4,6,86
9,2,4,7,25
9,2,5,0,0
9,2,5,1,43
9,2,5,2,0
9,2,5,4,14
9,2,5,5,49
9,2,5,6,252
9,2,5,7,138
9,2,6,2,9
9,2,6,3,0
9,2,6,4,3
9,2,6,6,40
9,2,7,0,0
9,2,7,1,0
9,2,7,2,0
9,2,7,3,0
9,2,7,4,49
9,2,7,5,9
9,2,7,6,37
10,2,0,0,32
10,2,0,1,3
10,2,0,2,106
10,2,0,3,129
10,2,0,4,376
10,2,0,5,301
10,2,0,6,344
10,2,1,0,3
10,2,1,3,178
10,2,1,4,109
10,2,1,5,502
10,2,1,7,670
10,2,2,0,3
10,2,2,2,25
10,2,2,3,140
10,2,2,4,75
10,2,2,5,392
10,2,3,0,3
10,2,3,1,3
10,2,3,2,9
10,2,3,6,706
10,2,3,7,23
10,2,4,1,3
10,2,4,2,0
10,2,4,4,158
10,2,4,5,209
10,2,4,7,72
10,2,5,0,68
10,2,5,3,0
10,2,5,4,190
10,2,5,5,218
10,2,5,6,218
10,2,6,0,0
10,2,6,2,3
10,2,6,4,80
10,2,6,5,63
10,2,6,7,0
10,2,7,0,0
10,2,7,2,0
10,2,7,3,0
10,2,7,5,6
10,2,7,6,0
11,2,0,2,135
11,2,0,3,120
11,2,0,4,287
11,2,0,5,1021
11,2,0,6,1089
11,2,1,0,0
11,2,1,4,23
11,2,1,5,1084
11,2,1,6,1955
11,2,1,7,505
11,2,2,2,158
11,2,2,3,263
11,2,2,4,100
11,2,3,1,14
11,2,3,5,2256
11,2,3,7,52
11,2,4,6,725
11,2,5,0,3
11,2,5,1,11
11,2,5,2,25
11,2,5,3,6
11,2,5,4,46
11,2,5,6,197
11,2,5,7,37
11,2,6,0,0
11,2,6,1,0
11,2,6,2,11
11,2,6,4,18
11,2,6,5,18
11,2,7,0,0
11,2,7,1,0
11,2,7,3,0
11,2,7,5,3
11,2,7,6,18
11,2,7,7,3
12,2,0,0,29
12,2,0,1,6
12,2,0,2,72
12,2,0,3,161
12,2,0,4,143
12,2,0,6,1370
12,2,1,1,14
12,2,1,3,80
12,2,1,5,1347
12,2,2,0,9
12,2,2,1,0
12,2,2,2,61
12,2,2,4,161
12,2,2,6,1989
12,2,3,1,9
12,2,3,2,9
12,2,3,3,40
12,2,3,5,1089
12,2,3,6,1505
12,2,3,7,229
12,2,4,2,0
12,2,4,3,72
12,2,4,4,129
12,2,4,5,252
12,2,4,6,412
12,2,4,7,347
12,2,5,0,0
12,2,5,4,298
12,2,5,5,183
12,2,5,6,269
12,2,5,7,132
12,2,6,0,0
12,2,6,1,11
12,2,6,3,0
12,2,6,4,20
12,2,6,5,34
12,2,6,7,49
12,2,7,0,0
12,2,7,2,3
12,2,7,3,0
12,2,7,6,11
12,2,7,7,0
13,2,0,1,6
13,2,0,2,43
13,2,0,5,622
13,2,0,6,1095
13,2,1,0,0
13,2,1,1,3
13,2,1,2,46
13,2,1,4,126
13,2,1,5,771
13,2,2,0,3
13,2,2,2,23
13,2,2,4,106
13,2,2,6,1774
13,2,3,2,9
13,2,3,3,63
13,2,3,4,86
13,2,3,5,992
13,2,3,6,1055
13,2,4,0,14
13,2,4,1,83
13,2,4,3,77
13,2,4,4,57
13,2,4,6,717
13,2,5,0,0
13,2,5,3,0
13,2,5,4,6
13,2,5,5,387
13,2,5,6,424
13,2,5,7,315
13,2,6,1,0
13,2,6,3,3
13,2,7,1,0
13,2,7,3,0
13,2,7,5,6
13,2,7,6,9
13,2,7,7,29
14,2,0,1,14
14,2,0,3,63
14,2,0,5,261
14,2,0,6,401
14,2,1,1,6
14,2,1,2,34
14,2,1,5,290
14,2,1,7,66
14,2,2,0,0
14,2,2,2,32
14,2,2,3,89
14,2,2,5,421
14,2,2,7,63
14,2,3,0,0
14,2,3,2,32
14,2,3,3,37
14,2,3,4,23
14,2,3,5,319
14,2,3,6,330
14,2,3,7,61
14,2,4,2,0
14,2,4,3,40
14,2,4,7,9
14,2,5,1,0
14,2,5,2,0
14,2,5,6,147
14,2,5,7,20
14,2,6,2,14
14,2,6,4,9
14,2,6,7,14
14,2,7,0,0
14,2,7,1,0
14,2,7,2,0
14,2,7,3,0
14,2,7,7,3
15,2,0,0,14
15,2,0,1,3
15,2,0,2,11
15,2,0,5,204
15,2,0,6,109
15,2,0,7,89
15,2,1,0,0
15,2,1,3,83
15,2,1,4,11
15,2,1,5,149
15,2,2,0,0
15,2,2,1,0
15,2,2,5,104
15,2,2,6,247
15,2,2,7,40
15,2,3,0,6
15,2,3,1,3
15,2,3,2,32
15,2,3,4,32
15,2,4,0,0
15,2,4,3,14
15,2,4,4,32
15,2,4,7,14
15,2,5,0,0
15,2,5,2,9
15,2,5,4,18
15,2,5,5,20
15,2,6,0,0
15,2,6,2,6
15,2,6,4,3
15,2,6,5,14
15,2,6,6,46
15,2,7,0,0
15,2,7,1,0
15,2,7,2,0
15,2,7,3,0
15,2,7,4,6
15,2,7,7,0
16,2,0,0,0
16,2,0,1,3
16,2,0,4,37
16,2,0,5,18
16,2,0,6,32
16,2,1,0,0
16,2,1,1,0
16,2,1,2,14
16,2,1,3,52
16,2,1,4,40
16,2,2,2,20
16,2,2,4,32
16,2,2,6,86
16,2,2,7,20
16,2,3,0,0
16,2,3,1,6
16,2,3,2,0
16,2,3,3,20
16,2,3,6,63
16,2,3,7,23
16,2,4,1,23
16,2,4,2,0
16,2,4,3,18
16,2,4,4,46
16,2,4,6,46
16,2,5,1,0
16,2,5,3,20
16,2,5,5,25
16,2,5,6,43
16,2,5,7,3
16,2,6,1,0
16,2,6,4,9
16,2,6,6,18
16,2,6,7,3
16,2,7,0,0
16,2,7,3,0
16,2,7,4,0
16,2,7,6,3
16,2,7,7,0
17,2,0,0,3
17,2,0,3,30
17,2,0,4,36
17,2,0,5,24
17,2,0,6,21
17,2,1,1,0
17,2,1,3,49
17,2,1,4,9
17,2,1,6,19
17,2,1,7,51
17,2,2,3,24
17,2,2,6,30
17,2,3,0,0
17,2,3,1,6
17,2,3,2,12
17,2,3,3,36
17,2,3,5,69
17,2,3,7,15
17,2,4,0,0
17,2,4,1,9
17,2,4,2,3
17,2,4,6,21
17,2,4,7,15
17,2,5,0,0
17,2,5,1,0
17,2,5,2,12
17,2,5,3,6
17,2,5,4,15
17,2,5,5,27
17,2,5,6,9
17,2,5,7,9
17,2,6,0,0
17,2,6,1,0
17,2,6,2,0
17,2,6,3,0
17,2,6,4,15
17,2,6,5,9
17,2,6,6,6
17,2,6,7,3
17,2,7,7,0
18,2,0,0,3
18,2,0,3,9
18,2,0,5,21
18,2,0,7,12
18,2,1,0,0
18,2,1,1,0
18,2,1,2,15
18,2,1,3,54
18,2,1,4,9
18,2,1,6,15
18,2,1,7,24
18,2,2,0,0
18,2,2,1,0
18,2,2,2,9
18,2,2,3,15
18,2,2,6,21
18,2,2,7,27
18,2,3,0,0
18,2,3,2,21
18,2,3,4,21
18,2,3,5,34
18,2,4,0,0
18,2,4,1,15
18,2,4,6,27
18,2,4,7,19
18,2,5,2,0
18,2,5,3,24
18,2,5,6,9
18,2,5,7,42
18,2,6,1,0
18,2,6,3,3
18,2,6,4,6
18,2,6,7,6
18,2,7,0,0
18,2,7,1,0
18,2,7,2,0
18,2,7,3,0
19,2,0,0,6
19,2,0,3,6
19,2,0,4,12
19,2,0,7,6
19,2,1,0,0
19,2,1,2,15
19,2,1,3,19
19,2,1,4,19
19,2,2,0,0
19,2,2,1,0
19,2,2,2,12
19,2,2,4,3
19,2,2,5,21
19,2,2,6,19
19,2,2,7,9
19,2,3,0,0
19,2,3,5,19
19,2,3,6,3
19,2,3,7,3
19,2,4,2,3
19,2,4,3,226
19,2,4,6,9
19,2,4,7,3
19,2,5,1,3
19,2,5,2,0
19,2,5,6,3
19,2,6,1,0
19,2,6,2,0
19,2,6,4,0
19,2,6,5,9
19,2,6,7,0
19,2,7,0,0
19,2,7,1,0
19,2,7,3,0
19,2,7,4,6
19,2,7,5,3
20,2,0,1,0
20,2,0,2,0
20,2,0,3,9
20,2,0,4,0
20,2,0,5,3
20,2,0,6,3
20,2,0,7,6
20,2,1,0,0
20,2,1,1,0
20,2,1,2,3
20,2,1,4,15
20,2,1,5,3
20,2,1,6,0
20,2,1,7,3
20,2,2,2,12
20,2,2,3,3
20,2,2,4,6
20,2,2,6,12
20,2,3,0,0
20,2,3,1,3
20,2,3,2,0
20,2,3,4,3
20,2,3,6,9
20,2,3,7,15
20,2,4,0,0
20,2,4,1,0
20,2,4,3,6
20,2,4,5,6
20,2,4,7,0
20,2,5,0,0
20,2,5,2,12
20,2,5,4,6
20,2,5,5,6
20,2,5,6,0
20,2,6,0,0
20,2,6,1,0
20,2,6,2,0
20,2,6,4,3
20,2,6,6,0
20,2,6,7,0
20,2,7,0,0
20,2,7,1,0
20,2,7,2,0
20,2,7,5,3
21,2,0,2,0
21,2,0,3,6
21,2,0,4,0
21,2,0,6,6
21,2,0,7,3
21,2,1,0,0
21,2,1,2,0
21,2,1,3,0
21,2,1,5,0
21,2,1,6,3
21,2,2,5,3
21,2,2,6,3
21,2,2,7,0
21,2,3,0,0
21,2,3,1,0
21,2,3,2,0
21,2,3,3,0
21,2,3,4,0
21,2,3,6,6
21,2,4,2,0
21,2,4,3,64
21,2,4,4,3
21,2,4,5,0
21,2,4,6,0
21,2,5,0,0
21,2,5,2,0
21,2,5,3,0
21,2,5,4,3
21,2,5,5,0
21,2,5,6,3
21,2,5,7,0
21,2,6,0,0
21,2,6,1,0
21,2,6,3,0
21,2,7,0,0
21,2,7,1,0
21,2,7,2,0
21,2,7,3,0
21,2,7,4,0
21,2,7,6,0
22,2,0,0,0
22,2,0,1,0
22,2,0,2,9
22,2,0,3,3
22,2,0,4,0
22,2,0,5,0
22,2,1,1,0
22,2,1,2,0
22,2,1,4,0
22,2,1,5,3
22,2,1,7,0
22,2,2,1,0
22,2,2,2,3
22,2,2,4,0
22,2,2,5,6
22,2,2,7,0
22,2,3,0,0
22,2,3,1,0
22,2,3,3,3
22,2,3,6,0
22,2,3,7,0
22,2,4,0,0
22,2,4,1,0
22,2,4,3,9
22,2,4,4,0
22,2,5,0,0
22,2,5,2,0
22,2,6,0,0
22,2,6,2,0
22,2,6,3,0
22,2,6,4,0
22,2,6,5,0
22,2,6,6,6
22,2,7,0,0
22,2,7,1,0
22,2,7,2,0
22,2,7,4,0
22,2,7,5,0
22,2,7,7,0
23,2,0,0,0
23,2,0,1,0
23,2,0,2,6
23,2,0,4,0
23,2,0,5,6
23,2,0,7,0
23,2,1,0,0
23,2,1,1,0
23,2,1,2,0
23,2,1,4,0
23,2,2,0,0
23,2,2,1,0
23,2,2,3,12
23,2,2,4,3
23,2,3,2,0
23,2,3,5,3
23,2,3,7,0
23,2,4,1,0
23,2,4,3,0
23,2,4,4,3
23,2,4,5,3
23,2,5,0,0
23,2,5,1,0
23,2,5,4,0
23,2,5,6,3
23,2,5,7,0
23,2,6,0,0
23,2,6,1,0
23,2,6,2,0
23,2,6,3,0
23,2,6,4,0
23,2,6,5,3
23,2,7,0,0
23,2,7,2,0
23,2,7,4,0
23,2,7,7,0
0,3,0,0,6
0,3,0,1,0
0,3,0,2,15
0,3,0,5,6
0,3,0,6,0
0,3,0,7,0
0,3,1,0,9
0,3,1,1,0
0,3,1,2,3
0,3,1,3,6
0,3,1,4,3
0,3,1,6,6
0,3,2,0,0
0,3,2,1,0
0,3,2,3,6
0,3,2,5,0
0,3,2,6,6
0,3,3,1,0
0,3,3,2,0
0,3,3,3,6
0,3,3,4,0
0,3,3,5,0
0,3,3,6,3
0,3,3,7,0
0,3,4,0,0
0,3,4,2,0
0,3,4,4,3
0,3,4,5,3
0,3,4,6,3
0,3,4,7,3
0,3,5,0,0
0,3,5,1,0
0,3,5,2,0
0,3,5,3,0
0,3,5,4,0
0,3,5,5,9
0,3,5,7,6
0,3,6,0,0
0,3,6,1,0
0,3,6,2,0
0,3,6,3,0
0,3,6,4,0
0,3,6,5,3
0,3,6,6,0
0,3,7,0,0
0,3,7,1,0
0,3,7,5,0
0,3,7,6,9
0,3,7,7,0
1,3,0,0,15
1,3,0,1,12
1,3,0,2,115
1,3,0,3,111
1,3,0,4,81
1,3,0,7,19
1,3,1,0,9
1,3,1,5,90
1,3,1,6,6
1,3,1,7,54
1,3,2,2,0
1,3,2,3,169
1,3,2,5,60
1,3,2,7,66
1,3,3,0,3
1,3,3,1,3
1,3,3,3,19
1,3,4,1,3
1,3,4,2,0
1,3,4,3,6
1,3,4,5,54
1,3,4,6,0
1,3,4,7,42
1,3,5,0,0
1,3,5,4,30
1,3,5,6,0
1,3,6,4,9
1,3,6,5,6
1,3,6,6,0
1,3,6,7,19
1,3,7,1,0
1,3,7,4,0
2,3,0,1,94
2,3,0,2,111
2,3,0,3,271
2,3,0,5,177
2,3,0,6,175
2,3,0,7,226
2,3,1,1,530
2,3,1,2,250
2,3,1,3,397
2,3,1,4,252
2,3,1,6,126
2,3,1,7,388
2,3,2,0,0
2,3,2,1,0
2,3,2,4,431
2,3,2,7,608
2,3,3,0,0
2,3,3,1,15
2,3,3,2,85
2,3,3,3,205
2,3,3,5,102
2,3,3,6,226
2,3,3,7,177
2,3,4,1,3
2,3,4,4,186
2,3,4,5,262
2,3,4,6,66
2,3,5,2,0
2,3,5,5,124
2,3,5,6,72
2,3,5,7,24
2,3,6,4,45
2,3,6,5,94
2,3,6,6,12
2,3,7,0,0
2,3,7,2,0
2,3,7,3,3
2,3,7,4,3
2,3,7,5,0
2,3,7,7,21
3,3,0,0,0
3,3,0,1,0
3,3,0,3,111
3,3,0,4,301
3,3,0,6,156
3,3,0,7,313
3,3,1,2,201
3,3,1,3,403
3,3,1,4,72
3,3,1,5,681
3,3,1,6,87
3,3,1,7,451
3,3,2,3,207
3,3,2,4,274
3,3,2,5,355
3,3,2,6,241
3,3,3,1,3
3,3,3,2,24
3,3,3,3,132
3,3,3,7,141
3,3,4,2,0
3,3,4,3,39
3,3,4,4,154
3,3,4,5,160
3,3,4,6,60
3,3,4,7,79
3,3,5,0,0
3,3,5,2,3
3,3,5,6,42
3,3,6,2,0
3,3,6,3,3
3,3,6,4,9
3,3,6,7,109
3,3,7,0,0
3,3,7,1,0
3,3,7,3,0
3,3,7,5,0
3,3,7,6,3
4,3,0,0,0
4,3,0,3,166
4,3,0,4,87
4,3,1,1,3
4,3,1,2,115
4,3,1,4,126
4,3,1,5,207
4,3,1,6,87
4,3,1,7,500
4,3,2,0,0
4,3,2,1,0
4,3,2,2,34
4,3,2,4,147
4,3,2,5,186
4,3,2,6,244
4,3,3,1,42
4,3,3,4,66
4,3,3,5,105
4,3,4,0,0
4,3,4,3,42
4,3,4,5,79
4,3,4,6,21
4,3,5,0,0
4,3,5,1,3
4,3,5,2,0
4,3,5,7,96
4,3,6,0,0
4,3,6,3,0
4,3,6,6,0
4,3,7,0,0
4,3,7,1,0
4,3,7,2,0
4,3,7,6,9
5,3,0,0,9
5,3,0,3,162
5,3,0,4,135
5,3,0,5,271
5,3,0,6,162
5,3,1,0,0
5,3,1,1,34
5,3,1,2,85
5,3,1,3,267
5,3,1,6,139
5,3,1,7,485
5,3,2,3,139
5,3,2,4,262
5,3,2,5,166
5,3,2,7,196
5,3,3,3,117
5,3,3,4,169
5,3,3,6,49
5,3,4,2,0
5,3,4,3,27
5,3,4,4,51
5,3,4,5,57
5,3,4,6,36
5,3,4,7,66
5,3,5,3,15
5,3,5,4,15
5,3,5,6,19
5,3,5,7,45
5,3,6,1,0
5,3,6,2,0
5,3,6,3,60
5,3,6,5,9
5,3,6,6,6
5,3,6,7,9
5,3,7,0,0
5,3,7,2,0
5,3,7,3,6
5,3,7,5,54
5,3,7,6,6
5,3,7,7,0
6,3,0,2,39
6,3,0,3,171
6,3,0,5,237
6,3,0,6,295
6,3,0,7,177
6,3,1,2,24
6,3,1,3,192
6,3,1,5,132
6,3,1,6,175
6,3,2,1,3
6,3,2,2,30
6,3,2,7,102
6,3,3,0,0
6,3,3,1,0
6,3,3,3,102
6,3,3,4,64
6,3,4,0,0
6,3,4,1,90
6,3,4,6,42
6,3,5,1,3
6,3,5,6,21
6,3,5,7,27
6,3,6,0,0
6,3,6,1,0
6,3,6,3,6
6,3,6,4,608
6,3,6,6,6
6,3,6,7,21
6,3,7,0,0
6,3,7,3,0
6,3,7,4,0
6,3,7,6,0
7,3,0,0,34
7,3,0,1,3
7,3,0,2,19
7,3,0,3,94
7,3,0,6,186
7,3,0,7,150
7,3,1,0,3
7,3,1,1,0
7,3,1,6,226
7,3,2,0,0
7,3,2,1,3
7,3,2,3,105
7,3,3,0,12
7,3,3,1,9
7,3,3,2,3
7,3,3,3,39
7,3,3,4,75
7,3,3,6,130
7,3,4,0,3
7,3,4,1,169
7,3,4,2,24
7,3,4,5,81
7,3,4,7,27
7,3,5,0,0
7,3,5,1,0
7,3,5,2,0
7,3,5,3,21
7,3,5,4,24
7,3,5,5,69
7,3,5,6,57
7,3,5,7,24
7,3,6,0,0
7,3,6,2,9
7,3,6,4,6
7,3,6,5,12
7,3,6,6,6
7,3,7,1,0
7,3,7,2,3
7,3,7,3,0
7,3,7,4,3
7,3,7,5,6
7,3,7,7,3
8,3,0,1,3
8,3,0,3,64
8,3,0,4,117
8,3,0,6,455
8,3,1,1,15
8,3,1,2,69
8,3,1,5,286
8,3,1,7,171
8,3,2,0,0
8,3,2,2,39
8,3,2,3,96
8,3,2,4,286
8,3,2,6,216
8,3,2,7,60
8,3,3,4,150
8,3,3,5,406
8,3,3,7,90
8,3,4,1,12
8,3,4,3,9
8,3,4,4,190
8,3,4,6,130
8,3,5,1,0
8,3,5,3,21
8,3,5,5,322
8,3,5,7,34
8,3,6,1,3
8,3,6,2,0
8,3,6,4,24
8,3,7,0,0
8,3,7,1,0
8,3,7,2,3
8,3,7,3,3
9,3,0,1,3
9,3,0,4,207
9,3,0,7,90
9,3,1,0,0
9,3,1,1,3
9,3,1,2,39
9,3,1,4,75
9,3,2,0,0
9,3,2,1,3
9,3,2,2,45
9,3,2,7,169
9,3,3,0,0
9,3,3,3,42
9,3,3,4,45
9,3,3,6,380
9,3,4,0,9
9,3,4,1,9
9,3,4,3,27
9,3,4,4,105
9,3,4,6,292
9,3,4,7,60
9,3,5,0,0
9,3,5,2,3
9,3,5,3,3
9,3,5,4,12
9,3,5,5,64
9,3,5,7,166
9,3,6,0,0
9,3,6,1,0
9,3,6,2,0
9,3,6,3,9
9,3,6,6,19
9,3,7,1,0
9,3,7,2,0
9,3,7,4,12
9,3,7,6,19
9,3,7,7,42
10,3,0,0,6
10,3,0,1,9
10,3,0,2,34
10,3,0,4,154
10,3,0,5,229
10,3,1,0,0
10,3,1,1,12
10,3,1,3,192
10,3,1,4,66
10,3,1,5,470
10,3,1,7,425
10,3,2,0,0
10,3,2,3,145
10,3,2,5,482
10,3,3,0,0
10,3,3,1,15
10,3,3,2,3
10,3,3,4,87
10,3,3,5,702
10,3,3,6,758
10,3,3,7,259
10,3,4,1,51
10,3,4,3,30
10,3,4,4,75
10,3,4,7,205
10,3,5,1,292
10,3,5,2,3
10,3,5,7,818
10,3,6,1,0
10,3,6,2,3
10,3,6,3,0
10,3,6,6,42
10,3,6,7,171
10,3,7,1,0
10,3,7,2,0
10,3,7,4,9
10,3,7,6,49
11,3,0,1,3
11,3,0,4,380
11,3,0,5,798
11,3,1,1,3
11,3,1,2,90
11,3,1,3,207
11,3,1,6,1800
11,3,1,7,487
11,3,2,0,3
11,3,2,5,1042
11,3,2,7,572
11,3,3,0,0
11,3,3,1,15
11,3,3,4,171
11,3,3,5,1556
11,3,3,6,987
11,3,3,7,259
11,3,4,1,45
11,3,4,2,3
11,3,4,5,292
11,3,4,6,446
11,3,4,7,397
11,3,5,0,0
11,3,5,1,3
11,3,5,2,6
11,3,5,7,267
11,3,6,0,0
11,3,6,6,15
11,3,6,7,385
11,3,7,0,0
11,3,7,4,45
11,3,7,6,370
12,3,0,1,12
12,3,0,4,265
12,3,0,6,1243
12,3,0,7,659
12,3,1,2,145
12,3,1,4,96
12,3,1,5,876
12,3,1,7,779
12,3,2,0,9
12,3,2,1,51
12,3,2,2,51
12,3,2,3,147
12,3,2,4,147
12,3,2,6,2179
12,3,2,7,244
12,3,3,0,0
12,3,3,1,15
12,3,3,2,9
12,3,3,4,100
12,3,3,7,145
12,3,4,2,0
12,3,4,4,160
12,3,4,7,139
12,3,5,1,0
12,3,5,2,3
12,3,5,5,325
12,3,5,6,508
12,3,5,7,385
12,3,6,1,0
12,3,6,4,36
12,3,6,5,186
12,3,6,6,244
12,3,6,7,100
12,3,7,0,0
12,3,7,2,0
12,3,7,6,15
12,3,7,7,64
13,3,0,1,6
13,3,0,2,69
13,3,0,3,418
13,3,0,4,235
13,3,0,5,1035
13,3,0,6,1078
13,3,1,0,0
13,3,1,1,0
13,3,1,3,222
13,3,1,6,1599
13,3,2,1,0
13,3,2,2,57
13,3,2,3,277
13,3,2,4,135
13,3,2,6,2299
13,3,2,7,274
13,3,3,1,12
13,3,3,2,27
13,3,3,6,1712
13,3,4,0,0
13,3,4,1,36
13,3,4,2,0
13,3,4,3,169
13,3,4,4,94
13,3,4,7,130
13,3,5,1,6
13,3,5,2,3
13,3,5,3,6
13,3,6,0,0
13,3,6,3,49
13,3,6,4,39
13,3,6,6,184
13,3,7,0,0
13,3,7,2,0
13,3,7,3,3
13,3,7,5,24
13,3,7,6,19
14,3,0,1,12
14,3,0,4,109
14,3,0,5,487
14,3,0,7,472
14,3,1,0,0
14,3,1,2,36
14,3,1,3,79
14,3,1,4,166
14,3,1,6,1180
14,3,1,7,259
14,3,2,2,30
14,3,2,3,301
14,3,2,5,864
14,3,2,6,1409
14,3,3,0,3
14,3,3,1,3
14,3,3,2,3
14,3,3,5,568
14,3,4,2,0
14,3,4,3,171
14,3,4,5,237
14,3,4,6,548
14,3,5,0,0
14,3,5,1,0
14,3,5,3,0
14,3,5,4,27
14,3,5,5,72
14,3,5,7,42
14,3,6,0,0
14,3,6,2,0
14,3,6,3,9
14,3,6,5,15
14,3,6,6,94
14,3,7,1,0
14,3,7,2,0
14,3,7,3,12
14,3,7,5,0
14,3,7,6,24
14,3,7,7,19
15,3,0,0,12
15,3,0,1,9
15,3,0,4,94
15,3,0,5,132
15,3,0,6,666
15,3,1,0,0
15,3,1,1,3
15,3,1,2,90
15,3,1,3,124
15,3,1,4,111
15,3,1,6,431
15,3,2,0,3
15,3,2,1,0
15,3,2,2,27
15,3,2,7,169
15,3,3,4,30
15,3,3,5,427
15,3,3,6,508
15,3,4,0,3
15,3,4,3,69
15,3,4,5,160
15,3,4,7,12
15,3,5,0,0
15,3,5,3,0
15,3,5,6,54
15,3,5,7,24
15,3,6,3,6
15,3,6,6,9
15,3,6,7,27
15,3,7,3,0
15,3,7,4,0
15,3,7,6,6
16,3,0,1,6
16,3,0,3,57
16,3,0,5,42
16,3,1,0,0
16,3,1,1,6
16,3,1,4,19
16,3,1,5,87
16,3,2,0,3
16,3,2,1,0
16,3,2,2,12
16,3,2,4,57
16,3,2,5,117
16,3,3,1,6
16,3,3,2,0
16,3,3,3,15
16,3,3,4,12
16,3,3,6,94
16,3,3,7,21
16,3,4,0,0
16,3,4,2,0
16,3,4,3,34
16,3,4,4,30
16,3,4,5,81
16,3,4,7,24
16,3,5,1,0
16,3,5,3,12
16,3,5,7,6
16,3,6,1,0
16,3,6,2,9
16,3,6,3,6
16,3,6,5,12
16,3,7,1,0
16,3,7,3,0
16,3,7,5,0
16,3,7,7,0
17,3,0,0,0
17,3,0,1,0
17,3,0,3,38
17,3,0,4,26
17,3,0,5,38
17,3,0,6,26
17,3,1,0,0
17,3,1,5,41
17,3,1,6,12
17,3,2,0,0
17,3,2,5,38
17,3,2,6,44
17,3,2,7,32
17,3,3,0,0
17,3,3,3,22
17,3,3,4,26
17,3,4,1,10
17,3,4,5,38
17,3,4,6,38
17,3,5,0,0
17,3,5,1,0
17,3,5,2,6
17,3,5,5,12
17,3,5,7,6
17,3,6,0,0
17,3,6,2,4
17,3,6,5,6
17,3,6,6,4
17,3,7,1,0
17,3,7,2,16
17,3,7,4,4
17,3,7,7,4
18,3,0,1,0
18,3,0,2,19
18,3,0,5,16
18,3,0,7,12
18,3,1,3,38
18,3,1,6,6
18,3,2,1,0
18,3,2,2,12
18,3,2,3,16
18,3,2,4,16
18,3,2,5,26
18,3,2,6,41
18,3,3,0,0
18,3,3,1,0
18,3,3,2,6
18,3,3,4,16
18,3,3,5,73
18,3,4,3,47
18,3,4,4,26
18,3,4,5,16
18,3,4,7,19
18,3,5,3,0
18,3,5,4,4
18,3,5,6,4
18,3,6,1,0
18,3,6,2,0
18,3,6,3,6
18,3,6,5,4
18,3,6,7,16
18,3,7,0,0
18,3,7,1,0
18,3,7,2,0
18,3,7,4,0
18,3,7,5,4
18,3,7,6,10
19,3,0,0,0
19,3,0,1,6
19,3,0,3,16
19,3,0,4,16
19,3,0,5,35
19,3,0,7,19
19,3,1,0,0
19,3,1,5,19
19,3,1,6,10
19,3,2,0,0
19,3,2,1,0
19,3,2,4,10
19,3,2,5,38
19,3,3,1,10
19,3,3,4,10
19,3,3,5,28
19,3,4,1,4
19,3,4,2,28
19,3,4,3,12
19,3,4,6,4
19,3,4,7,12
19,3,5,0,0
19,3,5,2,19
19,3,5,3,0
19,3,5,4,4
19,3,5,6,0
19,3,6,1,0
19,3,6,3,0
19,3,6,4,0
19,3,6,7,4
19,3,7,2,4
19,3,7,3,4
19,3,7,4,4
19,3,7,7,0
20,3,0,1,0
20,3,0,3,10
20,3,0,5,0
20,3,0,7,12
20,3,1,0,4
20,3,1,1,0
20,3,1,2,4
20,3,1,6,0
20,3,1,7,4
20,3,2,0,0
20,3,2,2,4
20,3,2,3,12
20,3,2,4,0
20,3,2,6,6
20,3,2,7,0
20,3,3,0,0
20,3,3,1,0
20,3,3,3,53
20,3,3,4,0
20,3,3,6,12
20,3,4,0,0
20,3,4,1,0
20,3,4,3,22
20,3,5,3,0
20,3,5,6,0
20,3,6,0,0
20,3,6,1,0
20,3,6,3,4
20,3,6,4,0
20,3,7,3,0
20,3,7,5,0
20,3,7,6,0
20,3,7,7,0
21,3,0,3,0
21,3,0,4,0
21,3,0,5,4
21,3,0,6,12
21,3,0,7,4
21,3,1,0,0
21,3,1,1,0
21,3,1,3,0
21,3,1,5,0
21,3,1,6,0
21,3,2,0,0
21,3,2,2,10
21,3,2,4,4
21,3,2,6,4
21,3,2,7,6
21,3,3,0,0
21,3,3,2,0
21,3,3,3,22
21,3,3,5,4
21,3,3,6,4
21,3,3,7,4
21,3,4,1,0
21,3,4,3,28
21,3,4,6,4
21,3,4,7,10
21,3,5,0,0
21,3,5,1,0
21,3,5,2,0
21,3,5,4,0
21,3,5,6,4
21,3,5,7,0
21,3,6,0,0
21,3,6,2,0
21,3,6,3,0
21,3,6,5,4
21,3,7,0,0
21,3,7,4,0
21,3,7,6,0
21,3,7,7,4
22,3,0,2,4
22,3,0,4,0
22,3,0,5,0
22,3,0,7,0
22,3,1,2,0
22,3,1,3,0
22,3,1,5,0
22,3,2,0,0
22,3,2,1,0
22,3,2,2,0
22,3,2,5,0
22,3,2,6,4
22,3,3,2,10
22,3,3,5,0
22,3,3,6,0
22,3,4,1,0
22,3,4,2,4
22,3,4,3,16
22,3,4,5,4
22,3,4,6,0
22,3,4,7,0
22,3,5,2,0
22,3,5,3,0
22,3,6,0,0
22,3,6,1,0
22,3,6,3,0
22,3,6,6,0
22,3,6,7,0
22,3,7,0,0
22,3,7,1,0
22,3,7,3,0
22,3,7,5,0
23,3,0,0,0
23,3,0,1,0
23,3,0,3,6
23,3,0,4,0
23,3,0,6,12
23,3,0,7,6
23,3,1,1,0
23,3,1,2,4
23,3,1,3,0
23,3,1,4,10
23,3,1,5,0
23,3,1,7,4
23,3,2,0,0
23,3,2,3,4
23,3,2,6,4
23,3,3,1,0
23,3,3,2,0
23,3,3,4,12
23,3,3,7,0
23,3,4,0,0
23,3,4,3,19
23,3,4,4,6
23,3,4,5,0
23,3,4,6,0
23,3,5,1,0
23,3,5,2,0
23,3,5,3,0
23,3,6,0,0
23,3,6,1,4
23,3,6,7,0
23,3,7,1,0
23,3,7,4,0
23,3,7,5,0
0,4,0,0,0
0,4,0,1,0
0,4,0,3,4
0,4,0,4,0
0,4,0,5,0
0,4,1,0,0
0,4,1,1,0
0,4,1,3,0
0,4,1,4,0
0,4,1,5,0
0,4,1,6,6
0,4,1,7,4
0,4,2,2,10
0,4,2,5,6
0,4,3,0,0
0,4,3,1,0
0,4,3,3,4
0,4,3,5,0
0,4,3,6,4
0,4,3,7,4
0,4,4,0,0
0,4,4,1,0
0,4,4,2,0
0,4,4,3,4
0,4,4,4,4
0,4,4,5,10
0,4,4,7,0
0,4,5,0,0
0,4,5,3,0
0,4,5,4,0
0,4,5,5,0
0,4,5,7,0
0,4,6,0,0
0,4,6,2,0
0,4,6,3,0
0,4,6,4,0
0,4,6,5,0
0,4,6,6,0
0,4,7,1,0
0,4,7,4,0
0,4,7,6,0
0,4,7,7,0
1,4,0,1,4
1,4,0,7,12
1,4,1,2,16
1,4,1,4,19
1,4,1,6,6
1,4,2,0,0
1,4,2,1,0
1,4,2,2,6
1,4,2,3,19
1,4,2,5,16
1,4,2,6,12
1,4,2,7,6
1,4,3,0,4
1,4,3,1,0
1,4,3,5,10
1,4,4,0,0
1,4,4,4,22
1,4,4,5,4
1,4,5,1,4
1,4,5,2,0
1,4,5,3,0
1,4,5,4,12
1,4,5,7,10
1,4,6,0,0
1,4,6,1,0
1,4,6,2,0
1,4,6,3,0
1,4,6,4,6
1,4,6,5,0
1,4,6,6,0
1,4,6,7,10
1,4,7,0,0
1,4,7,3,0
1,4,7,4,0
2,4,0,0,12
2,4,0,1,4
2,4,0,2,28
2,4,0,3,95
2,4,0,4,73
2,4,0,6,41
2,4,0,7,152
2,4,1,1,0
2,4,1,3,91
2,4,1,4,294
2,4,1,5,211
2,4,1,6,51
2,4,1,7,136
2,4,2,0,0
2,4,2,1,4
2,4,2,4,91
2,4,2,5,111
2,4,2,7,111
2,4,3,1,10
2,4,3,2,53
2,4,3,4,73
2,4,3,5,35
2,4,3,6,146
2,4,3,7,117
2,4,4,0,0
2,4,4,1,16
2,4,4,5,63
2,4,4,6,41
2,4,4,7,148
2,4,5,0,0
2,4,5,1,6
2,4,5,2,0
2,4,5,6,53
2,4,5,7,57
2,4,6,0,0
2,4,6,1,0
2,4,6,3,0
2,4,6,4,22
2,4,6,5,28
2,4,6,6,69
2,4,6,7,0
2,4,7,0,0
2,4,7,1,0
2,4,7,3,4
2,4,7,4,4
2,4,7,5,6
2,4,7,6,10
2,4,7,7,10
3,4,0,0,12
3,4,0,1,19
3,4,0,2,132
3,4,0,3,304
3,4,0,5,202
3,4,0,6,231
3,4,1,0,6
3,4,1,2,152
3,4,1,4,111
3,4,1,6,111
3,4,2,0,0
3,4,2,2,152
3,4,2,3,291
3,4,2,5,383
3,4,3,0,4
3,4,3,1,10
3,4,3,5,142
3,4,3,6,120
3,4,3,7,95
3,4,4,0,0
3,4,4,1,57
3,4,4,2,0
3,4,4,4,69
3,4,5,0,0
3,4,5,1,0
3,4,5,2,0
3,4,5,3,12
3,4,5,5,184
3,4,5,6,89
3,4,5,7,91
3,4,6,1,0
3,4,6,2,0
3,4,6,3,0
3,4,6,4,6
3,4,6,5,146
3,4,6,7,35
3,4,7,1,0
3,4,7,2,0
3,4,7,3,0
3,4,7,5,32
3,4,7,6,12
3,4,7,7,0
4,4,0,3,310
4,4,0,4,344
4,4,0,5,607
4,4,0,6,288
4,4,1,1,0
4,4,1,6,148
4,4,1,7,399
4,4,2,1,4
4,4,2,2,47
4,4,2,3,284
4,4,3,1,22
4,4,3,3,168
4,4,3,4,146
4,4,3,7,69
4,4,4,3,83
4,4,4,5,205
4,4,4,6,342
4,4,5,0,4
4,4,5,2,0
4,4,5,3,10
4,4,5,5,57
4,4,6,0,0
4,4,6,2,4
4,4,6,4,0
4,4,6,5,19
4,4,6,7,26
4,4,7,0,0
4,4,7,1,0
4,4,7,2,0
4,4,7,3,0
4,4,7,5,38
4,4,7,6,4
4,4,7,7,6
5,4,0,0,12
5,4,0,2,139
5,4,0,5,452
5,4,0,7,284
5,4,1,0,0
5,4,1,1,73
5,4,1,2,114
5,4,1,3,322
5,4,1,4,117
5,4,1,7,148
5,4,2,0,0
5,4,2,3,186
5,4,2,4,114
5,4,2,5,357
5,4,2,6,421
5,4,3,1,16
5,4,3,2,57
5,4,3,3,98
5,4,3,6,344
5,4,4,1,12
5,4,4,4,73
5,4,4,6,120
5,4,4,7,83
5,4,5,0,0
5,4,5,2,0
5,4,5,4,47
5,4,5,5,442
5,4,5,6,60
5,4,5,7,158
5,4,6,0,0
5,4,6,1,0
5,4,6,2,6
5,4,6,3,4
5,4,6,4,26
5,4,6,6,16
5,4,6,7,101
5,4,7,3,28
5,4,7,4,4
5,4,7,6,4
6,4,0,0,35
6,4,0,1,4
6,4,0,3,196
6,4,0,4,158
6,4,0,7,218
6,4,1,0,4
6,4,1,3,272
6,4,1,4,180
6,4,1,5,294
6,4,1,6,249
6,4,1,7,132
6,4,2,1,0
6,4,2,3,168
6,4,2,4,114
6,4,2,6,844
6,4,3,0,12
6,4,3,1,19
6,4,3,3,95
6,4,3,5,547
6,4,3,6,474
6,4,4,0,4
6,4,4,2,0
6,4,4,3,28
6,4,4,5,211
6,4,4,6,89
6,4,5,0,0
6,4,5,2,12
6,4,5,4,73
6,4,5,5,146
6,4,5,7,259
6,4,6,1,0
6,4,6,3,26
6,4,6,6,6
6,4,7,0,0
6,4,7,1,0
6,4,7,4,4
6,4,7,6,4
6,4,7,7,16
7,4,0,1,22
7,4,0,2,85
7,4,0,4,98
7,4,0,6,1179
7,4,1,0,0
7,4,1,2,190
7,4,1,3,126
7,4,1,5,604
7,4,1,6,810
7,4,2,2,44
7,4,2,3,136
7,4,2,4,202
7,4,2,5,310
7,4,2,6,1049
7,4,2,7,199
7,4,3,1,10
7,4,3,4,91
7,4,3,6,863
7,4,3,7,211
7,4,4,0,4
7,4,4,2,0
7,4,4,3,12
7,4,4,4,28
7,4,4,5,196
7,4,4,6,739
7,4,4,7,209
7,4,5,2,0
7,4,5,3,10
7,4,5,4,16
7,4,5,5,152
7,4,6,0,0
7,4,6,1,0
7,4,6,3,6
7,4,6,4,114
7,4,6,5,44
7,4,6,7,10
7,4,7,0,0
7,4,7,7,19
8,4,0,1,6
8,4,0,2,26
8,4,0,3,243
8,4,0,4,83
8,4,0,5,509
8,4,0,6,879
8,4,0,7,376
8,4,1,2,22
8,4,1,5,344
8,4,1,7,300
8,4,2,0,0
8,4,2,1,19
8,4,2,3,177
8,4,2,5,470
8,4,2,6,980
8,4,3,2,26
8,4,3,3,57
8,4,3,4,126
8,4,3,5,442
8,4,3,7,67
8,4,4,1,10
8,4,4,2,0
8,4,4,3,26
8,4,4,4,79
8,4,4,5,162
8,4,5,0,10
8,4,5,1,0
8,4,5,3,38
8,4,5,5,130
8,4,5,6,211
8,4,5,7,12
8,4,6,3,19
8,4,6,4,10
8,4,6,5,57
8,4,6,7,16
8,4,7,3,0
8,4,7,4,0
8,4,7,5,26
9,4,0,0,4
9,4,0,1,10
9,4,0,3,107
9,4,0,5,101
9,4,0,7,225
9,4,1,1,0
9,4,1,2,75
9,4,1,4,22
9,4,1,5,130
9,4,1,6,322
9,4,2,5,148
9,4,2,6,297
9,4,3,0,0
9,4,3,2,4
9,4,3,3,38
9,4,3,6,414
9,4,4,0,0
9,4,4,2,0
9,4,4,3,16
9,4,4,7,300
9,4,5,0,0
9,4,5,1,0
9,4,5,2,0
9,4,6,2,0
9,4,6,3,16
9,4,6,7,60
9,4,7,0,0
9,4,7,1,0
9,4,7,3,4
10,4,0,1,10
10,4,0,3,91
10,4,0,4,73
10,4,0,6,199
10,4,0,7,85
10,4,1,0,4
10,4,1,1,22
10,4,1,2,98
10,4,1,4,28
10,4,1,5,209
10,4,1,6,162
10,4,1,7,60
10,4,2,0,0
10,4,2,1,32
10,4,2,2,28
10,4,2,3,69
10,4,2,5,89
10,4,2,6,177
10,4,2,7,26
10,4,3,0,0
10,4,3,1,12
10,4,3,2,16
10,4,3,3,28
10,4,3,5,98
10,4,3,6,120
10,4,4,2,0
10,4,4,3,16
10,4,4,5,73
10,4,4,6,470
10,4,4,7,101
10,4,5,0,4
10,4,5,2,6
10,4,5,3,41
10,4,5,4,28
10,4,5,5,73
10,4,5,7,114
10,4,6,0,0
10,4,6,3,0
10,4,6,5,26
10,4,6,7,22
10,4,7,0,0
10,4,7,1,0
10,4,7,4,0
10,4,7,5,22
11,4,0,0,32
11,4,0,1,16
11,4,0,6,126
11,4,1,3,67
11,4,1,5,205
11,4,1,6,95
11,4,1,7,79
11,4,2,0,0
11,4,2,1,6
11,4,2,2,51
11,4,2,5,73
11,4,2,7,69
11,4,3,3,47
11,4,3,5,132
11,4,3,6,91
11,4,4,2,0
11,4,4,3,16
11,4,4,4,85
11,4,4,5,63
11,4,4,6,209
11,4,5,0,10
11,4,5,1,0
11,4,5,2,0
11,4,6,0,0
11,4,6,1,0
11,4,6,2,0
11,4,6,3,6
11,4,7,5,12
11,4,7,6,16
11,4,7,7,41
12,4,0,0,10
12,4,0,1,6
12,4,0,3,154
12,4,0,4,73
12,4,0,5,126
12,4,0,6,221
12,4,0,7,85
12,4,1,5,117
12,4,1,6,162
12,4,1,7,111
12,4,2,0,0
12,4,2,1,4
12,4,2,2,51
12,4,2,3,67
12,4,2,4,53
12,4,2,5,193
12,4,2,6,158
12,4,3,0,0
12,4,3,1,19
12,4,3,3,38
12,4,3,4,63
12,4,3,5,379
12,4,3,6,275
12,4,4,0,0
12,4,4,1,6
12,4,4,2,6
12,4,4,5,95
12,4,4,6,233
12,4,4,7,38
12,4,5,2,16
12,4,5,6,411
12,4,6,0,0
12,4,6,2,4
12,4,6,3,16
12,4,6,4,41
12,4,6,6,6
12,4,7,0,0
12,4,7,2,0
12,4,7,5,22
12,4,7,6,12
12,4,7,7,6
13,4,0,0,6
13,4,0,3,75
13,4,1,0,0
13,4,1,2,89
13,4,1,5,196
13,4,1,6,114
13,4,1,7,132
13,4,2,2,67
13,4,2,3,53
13,4,2,6,227
13,4,2,7,132
13,4,3,0,0
13,4,3,1,4
13,4,3,4,69
13,4,3,5,256
13,4,3,6,241
13,4,3,7,120
13,4,4,1,38
13,4,4,2,0
13,4,4,3,60
13,4,4,5,180
13,4,4,6,247
13,4,4,7,47
13,4,5,0,0
13,4,5,2,6
13,4,6,0,0
13,4,6,1,0
13,4,6,7,79
13,4,7,1,0
13,4,7,2,0
13,4,7,7,41
14,4,0,0,10
14,4,0,1,6
14,4,0,2,10
14,4,0,4,83
14,4,0,5,69
14,4,0,6,132
14,4,1,0,0
14,4,1,1,19
14,4,1,2,259
14,4,1,6,53
14,4,2,1,4
14,4,2,3,184
14,4,2,5,117
14,4,2,6,117
14,4,2,7,202
14,4,3,1,12
14,4,3,2,26
14,4,3,6,123
14,4,3,7,154
14,4,4,4,53
14,4,4,6,107
14,4,5,0,32
14,4,5,2,10
14,4,5,3,28
14,4,5,4,12
14,4,5,5,51
14,4,5,6,63
14,4,6,0,0
14,4,6,1,0
14,4,6,2,4
14,4,6,4,79
14,4,6,5,26
14,4,6,6,16
14,4,7,3,6
14,4,7,4,12
14,4,7,5,19
14,4,7,6,19
14,4,7,7,6
15,4,0,0,6
15,4,0,1,19
15,4,0,3,57
15,4,0,4,41
15,4,0,5,41
15,4,1,1,0
15,4,1,2,107
15,4,1,3,152
15,4,1,4,28
15,4,1,6,51
15,4,1,7,53
15,4,2,0,0
15,4,2,1,0
15,4,2,3,75
15,4,2,4,83
15,4,2,5,98
15,4,2,6,83
15,4,2,7,164
15,4,3,0,0
15,4,3,1,12
15,4,3,2,10
15,4,3,3,47
15,4,4,0,4
15,4,4,2,0
15,4,4,4,28
15,4,4,5,73
15,4,5,2,0
15,4,5,4,89
15,4,5,5,85
15,4,5,6,85
15,4,6,1,0
15,4,6,2,0
15,4,6,4,6
15,4,7,1,0
15,4,7,3,6
15,4,7,4,4
15,4,7,5,0
15,4,7,6,4
15,4,7,7,16
16,4,0,0,0
16,4,0,1,10
16,4,0,2,26
16,4,0,6,35
16,4,0,7,47
16,4,1,0,10
16,4,1,3,98
16,4,1,7,44
16,4,2,0,0
16,4,2,1,12
16,4,2,2,26
16,4,2,3,117
16,4,2,4,41
16,4,2,5,38
16,4,3,1,0
16,4,3,2,28
16,4,3,3,19
16,4,3,4,47
16,4,3,5,67
16,4,3,6,51
16,4,3,7,44
16,4,4,0,0
16,4,4,2,6
16,4,4,7,63
16,4,5,0,0
16,4,5,1,0
16,4,5,3,4
16,4,5,4,19
16,4,5,5,57
16,4,5,6,16
16,4,6,0,0
16,4,6,1,4
16,4,6,3,22
16,4,6,4,4
16,4,6,6,0
16,4,7,2,0
16,4,7,3,0
16,4,7,4,0
16,4,7,5,47
16,4,7,6,19
16,4,7,7,16
17,4,0,0,17
17,4,0,1,6
17,4,0,2,17
17,4,0,5,43
17,4,0,6,13
17,4,0,7,27
17,4,1,1,0
17,4,1,6,29
17,4,1,7,43
17,4,2,2,17
17,4,2,3,29
17,4,2,4,54
17,4,2,5,46
17,4,2,6,40
17,4,3,0,0
17,4,3,2,10
17,4,3,5,54
17,4,3,6,56
17,4,3,7,20
17,4,4,1,6
17,4,4,3,60
17,4,4,4,23
17,4,4,5,54
17,4,4,6,20
17,4,4,7,23
17,4,5,0,0
17,4,5,1,0
17,4,5,2,0
17,4,5,3,0
17,4,5,6,10
17,4,6,2,0
17,4,6,3,13
17,4,6,6,6
17,4,7,0,0
17,4,7,1,0
17,4,7,2,0
17,4,7,4,4
17,4,7,6,13
18,4,0,0,17
18,4,0,1,4
18,4,0,3,10
18,4,0,5,63
18,4,0,6,6
18,4,1,1,0
18,4,1,2,20
18,4,1,3,73
18,4,1,5,40
18,4,1,6,6
18,4,1,7,43
18,4,2,0,4
18,4,2,1,13
18,4,2,4,43
18,4,2,6,27
18,4,2,7,37
18,4,3,0,0
18,4,3,2,10
18,4,3,5,63
18,4,3,6,33
18,4,3,7,13
18,4,4,2,0
18,4,4,3,33
18,4,4,4,23
18,4,4,5,54
18,4,4,6,23
18,4,5,3,13
18,4,5,4,6
18,4,6,1,0
18,4,6,2,4
18,4,6,4,29
18,4,6,5,13
18,4,7,0,0
18,4,7,3,0
18,4,7,5,4
18,4,7,6,29
18,4,7,7,6
19,4,0,1,0
19,4,0,3,23
19,4,0,5,6
19,4,0,6,13
19,4,0,7,37
19,4,1,0,0
19,4,1,1,0
19,4,1,2,23
19,4,1,3,33
19,4,1,4,4
19,4,1,5,33
19,4,2,0,4
19,4,2,1,0
19,4,2,2,4
19,4,2,3,13
19,4,2,5,27
19,4,2,6,17
19,4,2,7,17
19,4,3,0,0
19,4,3,4,27
19,4,3,5,27
19,4,3,6,29
19,4,4,1,0
19,4,4,2,4
19,4,4,4,17
19,4,4,5,23
19,4,5,3,4
19,4,5,4,13
19,4,5,5,10
19,4,5,7,20
19,4,6,1,0
19,4,6,4,10
19,4,6,7,27
19,4,7,1,0
19,4,7,2,0
19,4,7,3,0
19,4,7,5,17
20,4,0,0,10
20,4,0,3,10
20,4,0,4,0
20,4,0,6,6
20,4,0,7,4
20,4,1,1,0
20,4,1,2,10
20,4,1,3,6
20,4,1,4,10
20,4,1,5,20
20,4,1,6,13
20,4,2,0,0
20,4,2,1,0
20,4,2,2,17
20,4,2,4,10
20,4,2,7,20
20,4,3,0,4
20,4,3,1,13
20,4,3,2,10
20,4,3,4,17
20,4,3,5,4
20,4,3,6,23
20,4,3,7,4
20,4,4,2,13
20,4,4,3,40
20,4,4,5,4
20,4,4,6,0
20,4,5,1,0
20,4,5,2,0
20,4,5,4,0
20,4,6,0,0
20,4,6,1,0
20,4,6,3,0
20,4,6,7,0
20,4,7,1,0
20,4,7,3,0
20,4,7,4,0
20,4,7,7,4
21,4,0,0,0
21,4,0,3,0
21,4,0,4,37
21,4,0,5,0
21,4,0,6,0
21,4,0,7,4
21,4,1,2,0
21,4,1,4,0
21,4,1,7,0
21,4,2,0,0
21,4,2,1,0
21,4,2,5,0
21,4,2,6,6
21,4,2,7,13
21,4,3,0,0
21,4,3,1,0
21,4,3,3,4
21,4,3,5,6
21,4,3,6,0
21,4,4,2,0
21,4,4,3,6
21,4,4,4,13
21,4,4,6,0
21,4,4,7,6
21,4,5,0,0
21,4,5,1,0
21,4,5,5,0
21,4,5,6,0
21,4,5,7,0
21,4,6,0,0
21,4,6,3,0
21,4,6,4,0
21,4,6,5,0
21,4,6,7,0
21,4,7,0,0
21,4,7,1,0
21,4,7,2,0
21,4,7,3,0
21,4,7,4,0
21,4,7,5,0
21,4,7,7,0
22,4,0,0,4
22,4,0,1,0
22,4,0,2,0
22,4,0,3,0
22,4,0,5,0
22,4,0,7,0
22,4,1,0,0
22,4,1,2,6
22,4,1,3,0
22,4,1,4,0
22,4,2,0,0
22,4,2,2,4
22,4,2,5,6
22,4,2,6,0
22,4,2,7,0
22,4,3,1,0
22,4,3,3,4
22,4,3,4,10
22,4,3,5,6
22,4,3,6,4
22,4,3,7,0
22,4,4,1,0
22,4,4,2,0
22,4,4,5,0
22,4,5,1,0
22,4,6,2,0
22,4,6,3,0
22,4,6,6,0
22,4,6,7,4
22,4,7,0,0
22,4,7,3,0
22,4,7,5,4
22,4,7,6,0
22,4,7,7,0
23,4,0,2,0
23,4,0,3,4
23,4,0,6,0
23,4,1,0,0
23,4,1,1,0
23,4,1,4,0
23,4,1,5,6
23,4,1,6,0
23,4,2,0,0
23,4,2,2,0
23,4,2,3,17
23,4,2,4,0
23,4,2,5,4
23,4,2,6,0
23,4,2,7,0
23,4,3,0,0
23,4,3,1,0
23,4,3,3,0
23,4,3,5,0
23,4,3,6,0
23,4,4,2,0
23,4,4,4,0
23,4,4,6,0
23,4,5,0,0
23,4,5,1,0
23,4,5,3,6
23,4,5,7,4
23,4,6,0,0
23,4,6,1,0
23,4,6,3,0
23,4,6,5,13
23,4,7,0,0
23,4,7,2,0
23,4,7,6,23
0,5,0,0,0
0,5,0,4,20
0,5,0,5,0
0,5,0,6,6
0,5,1,1,0
0,5,1,2,10
0,5,1,3,0
0,5,1,6,17
0,5,2,2,10
0,5,2,7,0
0,5,3,4,6
0,5,3,5,0
0,5,4,0,0
0,5,4,1,0
0,5,4,4,13
0,5,5,0,0
0,5,5,1,0
0,5,5,3,4
0,5,5,6,17
0,5,6,0,0
0,5,6,2,0
0,5,6,3,0
0,5,6,4,0
0,5,6,5,0
0,5,6,6,4
0,5,6,7,0
0,5,7,1,0
0,5,7,2,0
0,5,7,3,0
0,5,7,4,0
1,5,0,0,6
1,5,0,2,10
1,5,0,3,6
1,5,0,5,0
1,5,0,6,4
1,5,1,1,0
1,5,1,2,6
1,5,1,4,0
1,5,1,5,10
1,5,1,6,4
1,5,1,7,13
1,5,2,0,0
1,5,2,2,6
1,5,2,4,10
1,5,3,1,0
1,5,3,2,0
1,5,3,3,10
1,5,3,4,4
1,5,3,6,29
1,5,3,7,87
1,5,4,0,0
1,5,4,1,0
1,5,4,2,0
1,5,4,4,0
1,5,4,5,0
1,5,4,6,0
1,5,5,0,0
1,5,5,1,0
1,5,5,3,0
1,5,5,4,4
1,5,5,5,4
1,5,5,6,0
1,5,6,0,0
1,5,6,1,0
1,5,6,4,4
1,5,7,1,0
1,5,7,2,0
1,5,7,3,0
1,5,7,7,0
2,5,0,1,4
2,5,0,2,27
2,5,0,4,20
2,5,0,6,0
2,5,0,7,10
2,5,1,0,0
2,5,1,2,17
2,5,1,3,20
2,5,1,4,6
2,5,1,6,10
2,5,2,0,0
2,5,2,1,23
2,5,2,4,23
2,5,2,5,4
2,5,2,6,20
2,5,3,0,0
2,5,3,1,4
2,5,3,2,0
2,5,3,5,27
2,5,3,6,63
2,5,4,2,0
2,5,4,3,0
2,5,4,5,20
2,5,4,6,20
2,5,5,3,0
2,5,5,4,6
2,5,5,6,0
2,5,5,7,0
2,5,6,1,0
2,5,6,5,0
2,5,6,6,0
2,5,7,1,0
2,5,7,3,0
2,5,7,5,10
2,5,7,7,33
3,5,0,1,4
3,5,0,4,10
3,5,0,7,4
3,5,1,1,0
3,5,1,2,13
3,5,1,3,27
3,5,1,4,6
3,5,1,7,20
3,5,2,0,0
3,5,2,2,6
3,5,2,3,4
3,5,2,4,17
3,5,2,6,29
3,5,2,7,10
3,5,3,1,0
3,5,3,2,0
3,5,3,4,17
3,5,3,7,37
3,5,4,0,0
3,5,4,1,0
3,5,4,3,20
3,5,4,7,17
3,5,5,0,0
3,5,5,1,0
3,5,5,2,0
3,5,5,3,10
3,5,5,5,6
3,5,5,7,10
3,5,6,0,0
3,5,6,1,0
3,5,6,2,0
3,5,6,4,0
3,5,6,5,10
3,5,6,7,0
3,5,7,0,0
3,5,7,1,0
3,5,7,4,0
3,5,7,7,0
4,5,0,0,6
4,5,0,1,6
4,5,0,3,13
4,5,0,7,23
4,5,1,0,0
4,5,1,2,17
4,5,1,3,20
4,5,1,4,10
4,5,1,7,20
4,5,2,0,0
4,5,2,1,4
4,5,2,3,4
4,5,2,4,37
4,5,2,5,40
4,5,2,6,17
4,5,2,7,17
4,5,3,1,6
4,5,3,3,13
4,5,3,5,23
4,5,4,0,0
4,5,4,1,0
4,5,4,6,6
4,5,5,0,0
4,5,5,2,0
4,5,5,5,4
4,5,5,7,17
4,5,6,0,0
4,5,6,1,0
4,5,6,2,0
4,5,6,3,4
4,5,6,4,4
4,5,6,6,0
4,5,7,1,0
4,5,7,2,0
4,5,7,3,0
4,5,7,4,0
4,5,7,6,6
4,5,7,7,0
5,5,0,2,23
5,5,0,3,17
5,5,0,4,17
5,5,0,5,10
5,5,0,6,13
5,5,1,3,23
5,5,1,4,6
5,5,2,1,0
5,5,2,4,4
5,5,2,5,27
5,5,2,6,4
5,5,3,0,0
5,5,3,1,4
5,5,3,2,6
5,5,3,3,4
5,5,3,5,13
5,5,3,7,6
5,5,5,1,10
5,5,5,7,4
5,5,6,1,4
5,5,6,2,0
5,5,6,3,0
5,5,6,6,6
5,5,7,1,0
5,5,7,3,0
5,5,7,4,10
5,5,7,5,6
5,5,7,6,4
6,5,0,1,4
6,5,0,2,17
6,5,0,3,40
6,5,0,6,27
6,5,1,0,4
6,5,1,1,4
6,5,1,3,40
6,5,1,5,37
6,5,1,6,23
6,5,2,2,17
6,5,2,3,33
6,5,2,4,6
6,5,2,5,66
6,5,3,0,0
6,5,3,1,4
6,5,3,5,27
6,5,3,6,46
6,5,3,7,13
6,5,4,1,13
6,5,4,2,0
6,5,4,3,6
6,5,4,6,10
6,5,5,4,29
6,5,5,5,20
6,5,5,6,6
6,5,6,3,6
6,5,6,4,10
6,5,6,5,23
6,5,6,6,13
6,5,6,7,4
6,5,7,1,0
6,5,7,2,0
6,5,7,3,6
6,5,7,4,4
6,5,7,5,20
6,5,7,7,17
7,5,0,0,0
7,5,0,3,56
7,5,0,4,23
7,5,0,6,13
7,5,0,7,20
7,5,1,2,60
7,5,1,3,43
7,5,1,6,29
7,5,1,7,23
7,5,2,0,0
7,5,2,2,43
7,5,2,6,54
7,5,2,7,33
7,5,3,4,37
7,5,3,6,20
7,5,3,7,37
7,5,4,0,0
7,5,4,3,27
7,5,5,0,0
7,5,5,2,0
7,5,5,4,10
7,5,5,7,50
7,5,6,1,0
7,5,6,2,0
7,5,6,3,6
7,5,6,4,4
7,5,6,7,6
7,5,7,0,0
7,5,7,1,0
7,5,7,2,0
7,5,7,6,4
8,5,0,0,0
8,5,0,2,13
8,5,0,3,60
8,5,0,5,27
8,5,0,6,40
8,5,0,7,27
8,5,1,0,0
8,5,1,2,23
8,5,1,5,43
8,5,2,1,70
8,5,2,3,40
8,5,2,6,37
8,5,2,7,43
8,5,3,0,0
8,5,3,3,23
8,5,3,6,33
8,5,3,7,54
8,5,4,1,6
8,5,4,3,13
8,5,4,4,54
8,5,4,5,40
8,5,4,6,43
8,5,5,0,0
8,5,5,1,0
8,5,5,2,0
8,5,5,4,4
8,5,5,5,43
8,5,5,6,10
8,5,6,1,0
8,5,6,2,0
8,5,6,5,4
8,5,6,6,6
8,5,7,0,0
8,5,7,3,6
8,5,7,6,6
8,5,7,7,33
9,5,0,1,4
9,5,0,2,17
9,5,0,3,27
9,5,0,5,10
9,5,0,6,10
9,5,0,7,6
9,5,1,0,4
9,5,1,2,17
9,5,1,5,13
9,5,1,6,10
9,5,2,0,0
9,5,2,1,0
9,5,2,2,33
9,5,2,4,29
9,5,2,5,40
9,5,2,7,153
9,5,3,1,10
9,5,3,3,17
9,5,4,0,4
9,5,4,3,10
9,5,4,4,17
9,5,4,5,20
9,5,5,0,0
9,5,5,2,0
9,5,5,5,13
9,5,5,6,29
9,5,5,7,27
9,5,6,0,0
9,5,6,4,13
9,5,6,5,10
9,5,7,0,0
9,5,7,3,0
9,5,7,5,0
10,5,0,0,4
10,5,0,2,29
10,5,0,3,37
10,5,0,5,17
10,5,0,7,13
10,5,1,0,0
10,5,1,2,20
10,5,1,3,54
10,5,1,4,29
10,5,1,5,54
10,5,1,6,17
10,5,2,1,10
10,5,2,4,37
10,5,3,0,0
10,5,3,3,37
10,5,3,4,10
10,5,3,6,46
10,5,3,7,60
10,5,4,1,0
10,5,4,3,10
10,5,4,5,20
10,5,4,6,56
10,5,5,0,0
10,5,5,1,0
10,5,5,4,4
10,5,5,5,40
10,5,5,6,46
10,5,6,0,0
10,5,6,3,0
10,5,6,5,4
10,5,6,6,6
10,5,6,7,13
10,5,7,0,0
10,5,7,1,0
10,5,7,2,0
10,5,7,3,0
10,5,7,7,6
11,5,0,0,13
11,5,0,1,0
11,5,0,6,17
11,5,1,0,0
11,5,1,4,27
11,5,1,7,27
11,5,2,0,0
11,5,2,3,37
11,5,2,4,43
11,5,2,7,33
11,5,3,0,4
11,5,3,1,4
11,5,3,2,17
11,5,3,3,17
11,5,3,7,10
11,5,4,0,0
11,5,4,1,0
11,5,4,2,0
11,5,4,3,27
11,5,4,5,33
11,5,4,6,87
11,5,4,7,10
11,5,5,0,0
11,5,5,2,0
11,5,5,4,20
11,5,5,5,46
11,5,5,6,23
11,5,5,7,20
11,5,6,0,0
11,5,6,2,0
11,5,6,6,4
11,5,6,7,13
11,5,7,0,0
11,5,7,1,4
11,5,7,2,13
11,5,7,5,0
11,5,7,6,0
11,5,7,7,6
12,5,0,1,4
12,5,0,4,27
12,5,0,5,29
12,5,1,0,0
12,5,1,2,112
12,5,1,4,4
12,5,1,5,93
12,5,1,7,54
12,5,2,0,6
12,5,2,1,0
12,5,2,2,73
12,5,2,3,66
12,5,2,5,43
12,5,3,3,106
12,5,3,4,40
12,5,3,5,56
12,5,3,6,50
12,5,3,7,40
12,5,4,0,0
12,5,4,1,17
12,5,4,3,50
12,5,4,4,33
12,5,4,5,54
12,5,4,7,20
12,5,5,0,0
12,5,5,1,6
12,5,5,5,63
12,5,5,6,20
12,5,5,7,17
12,5,6,1,4
12,5,6,4,23
12,5,6,5,29
12,5,6,6,20
12,5,6,7,13
12,5,7,0,0
12,5,7,4,40
13,5,0,1,17
13,5,0,2,50
13,5,0,4,43
13,5,0,5,145
13,5,0,7,27
13,5,1,1,0
13,5,1,2,40
13,5,1,4,10
13,5,1,5,46
13,5,1,6,56
13,5,1,7,54
13,5,2,0,0
13,5,2,1,0
13,5,2,2,137
13,5,2,3,66
13,5,2,4,40
13,5,2,7,40
13,5,3,0,0
13,5,3,2,37
13,5,3,3,33
13,5,3,5,89
13,5,3,7,50
13,5,4,1,0
13,5,4,3,46
13,5,4,7,56
13,5,5,0,0
13,5,5,1,17
13,5,5,2,4
13,5,5,4,10
13,5,5,5,54
13,5,5,6,27
13,5,6,0,0
13,5,6,1,0
13,5,6,4,0
13,5,6,5,6
13,5,7,0,0
13,5,7,1,0
13,5,7,3,0
13,5,7,6,4
13,5,7,7,60
14,5,0,0,4
14,5,0,1,4
14,5,0,3,83
14,5,0,5,27
14,5,0,6,17
14,5,0,7,63
14,5,1,0,0
14,5,1,1,10
14,5,1,3,183
14,5,1,4,17
14,5,1,5,50
14,5,1,6,17
14,5,1,7,63
14,5,2,0,0
14,5,2,1,13
14,5,2,4,20
14,5,2,5,70
14,5,2,6,50
14,5,3,0,0
14,5,3,1,10
14,5,3,2,40
14,5,3,3,46
14,5,3,5,56
14,5,3,6,50
14,5,3,7,6
14,5,4,0,0
14,5,4,2,0
14,5,4,4,27
14,5,5,1,0
14,5,5,2,4
14,5,5,6,6
14,5,5,7,13
14,5,6,2,4
14,5,6,3,4
14,5,6,4,23
14,5,6,5,6
14,5,6,6,10
14,5,7,0,0
14,5,7,1,0
14,5,7,3,0
14,5,7,5,13
14,5,7,7,23
15,5,0,0,6
15,5,0,1,10
15,5,0,3,46
15,5,0,4,46
15,5,0,5,29
15,5,0,6,66
15,5,1,0,0
15,5,1,1,0
15,5,1,3,203
15,5,1,4,13
15,5,1,5,40
15,5,1,6,29
15,5,1,7,54
15,5,2,0,4
15,5,2,2,40
15,5,2,4,50
15,5,2,5,50
15,5,2,7,29
15,5,3,0,0
15,5,3,1,13
15,5,3,2,0
15,5,3,4,43
15,5,3,6,54
15,5,3,7,17
15,5,4,0,4
15,5,4,4,27
15,5,4,6,20
15,5,4,7,27
15,5,5,0,0
15,5,5,1,10
15,5,5,2,0
15,5,5,3,0
15,5,5,5,40
15,5,6,0,0
15,5,6,2,4
15,5,6,3,4
15,5,6,4,4
15,5,6,6,4
15,5,7,0,0
15,5,7,1,0
15,5,7,2,0
15,5,7,3,6
15,5,7,4,13
15,5,7,5,17
15,5,7,6,6
16,5,0,4,54
16,5,0,5,27
16,5,0,6,33
16,5,1,2,17
16,5,1,3,70
16,5,1,7,27
16,5,2,0,0
16,5,2,1,0
16,5,2,4,10
16,5,2,5,56
16,5,3,0,0
16,5,3,1,6
16,5,3,2,0
16,5,3,5,46
16,5,4,0,4
16,5,4,1,6
16,5,4,3,50
16,5,4,4,37
16,5,4,5,17
16,5,4,6,20
16,5,4,7,43
16,5,5,1,6
16,5,5,2,4
16,5,5,5,6
16,5,5,6,6
16,5,5,7,17
16,5,6,0,0
16,5,6,1,0
16,5,6,2,0
16,5,6,3,0
16,5,6,5,4
16,5,6,6,10
16,5,7,0,0
16,5,7,1,0
16,5,7,2,0
16,5,7,3,0
16,5,7,4,0
17,5,0,2,21
17,5,1,0,0
17,5,1,1,0
17,5,1,2,13
17,5,1,5,17
17,5,2,1,0
17,5,2,3,35
17,5,2,5,46
17,5,2,6,35
17,5,2,7,31
17,5,3,0,0
17,5,3,1,7
17,5,3,2,11
17,5,3,3,11
17,5,3,4,28
17,5,3,5,46
17,5,3,6,42
17,5,3,7,28
17,5,4,3,46
17,5,4,4,42
17,5,4,6,11
17,5,4,7,24
17,5,5,0,0
17,5,5,1,7
17,5,5,3,11
17,5,6,1,0
17,5,6,3,4
17,5,6,4,11
17,5,6,5,4
17,5,6,7,24
17,5,7,7,11
18,5,0,1,0
18,5,0,2,24
18,5,0,3,21
18,5,0,5,39
18,5,0,6,21
18,5,1,0,0
18,5,1,1,0
18,5,1,3,63
18,5,1,4,13
18,5,1,5,59
18,5,1,6,28
18,5,2,0,0
18,5,2,1,0
18,5,2,2,11
18,5,2,4,39
18,5,2,6,21
18,5,2,7,24
18,5,3,3,13
18,5,3,4,52
18,5,3,7,28
18,5,4,0,11
18,5,4,1,4
18,5,4,7,31
18,5,5,1,4
18,5,5,2,0
18,5,5,3,48
18,5,5,5,35
18,5,5,6,13
18,5,6,0,0
18,5,6,2,4
18,5,6,4,0
18,5,6,5,4
18,5,6,6,7
18,5,7,0,0
18,5,7,2,0
18,5,7,3,4
18,5,7,4,4
19,5,0,0,0
19,5,0,2,21
19,5,0,3,4
19,5,0,4,7
19,5,0,5,4
19,5,0,7,4
19,5,1,0,0
19,5,1,1,4
19,5,1,2,17
19,5,1,5,7
19,5,1,6,7
19,5,1,7,21
19,5,2,0,7
19,5,2,6,11
19,5,2,7,7
19,5,3,0,0
19,5,3,1,4
19,5,3,4,11
19,5,3,5,17
19,5,3,6,13
19,5,3,7,7
19,5,4,0,0
19,5,4,2,0
19,5,4,4,4
19,5,4,6,0
19,5,4,7,24
19,5,5,1,0
19,5,5,7,4
19,5,6,0,0
19,5,6,2,0
19,5,6,3,0
19,5,6,5,0
19,5,6,6,4
19,5,6,7,4
19,5,7,0,0
19,5,7,2,0
19,5,7,4,0
19,5,7,5,4
19,5,7,7,0
20,5,0,0,13
20,5,0,2,31
20,5,0,3,0
20,5,0,4,0
20,5,0,6,4
20,5,0,7,0
20,5,1,2,7
20,5,1,5,0
20,5,1,7,0
20,5,2,0,0
20,5,2,4,17
20,5,2,5,0
20,5,2,6,11
20,5,3,0,0
20,5,3,1,4
20,5,3,2,4
20,5,3,5,21
20,5,3,6,7
20,5,3,7,0
20,5,4,0,0
20,5,4,4,4
20,5,4,5,13
20,5,4,7,0
20,5,5,1,0
20,5,5,2,0
20,5,5,3,0
20,5,5,5,4
20,5,6,0,0
20,5,6,2,11
20,5,6,3,0
20,5,6,4,0
20,5,6,7,4
20,5,7,0,0
20,5,7,1,0
20,5,7,3,0
20,5,7,6,0
21,5,0,0,0
21,5,0,1,0
21,5,0,3,0
21,5,0,4,11
21,5,0,5,0
21,5,1,1,0
21,5,1,2,0
21,5,1,3,0
21,5,1,6,4
21,5,1,7,4
21,5,2,1,0
21,5,2,2,7
21,5,2,3,0
21,5,2,4,13
21,5,2,5,11
21,5,2,6,4
21,5,2,7,0
21,5,3,0,0
21,5,3,2,0
21,5,3,4,0
21,5,3,5,0
21,5,3,7,0
21,5,4,0,0
21,5,4,1,0
21,5,4,2,0
21,5,4,4,4
21,5,4,6,0
21,5,5,3,0
21,5,5,4,0
21,5,5,6,4
21,5,5,7,0
21,5,6,1,0
21,5,6,2,0
21,5,6,3,0
21,5,6,5,11
21,5,6,7,0
21,5,7,0,0
21,5,7,3,0
21,5,7,4,0
21,5,7,5,0
21,5,7,6,0
21,5,7,7,0
22,5,0,0,0
22,5,0,5,0
22,5,0,6,0
22,5,0,7,0
22,5,1,1,0
22,5,1,3,0
22,5,1,6,0
22,5,1,7,0
22,5,2,2,0
22,5,2,3,4
22,5,2,5,11
22,5,2,7,0
22,5,3,2,0
22,5,3,4,0
22,5,3,7,0
22,5,4,0,0
22,5,4,1,0
22,5,4,3,4
22,5,4,4,0
22,5,4,5,13
22,5,5,0,0
22,5,5,1,0
22,5,5,2,0
22,5,5,6,0
22,5,5,7,0
22,5,6,0,0
22,5,6,1,0
22,5,6,2,0
22,5,6,3,4
22,5,6,4,0
22,5,6,5,0
22,5,7,3,0
22,5,7,5,0
22,5,7,6,0
22,5,7,7,0
23,5,0,0,0
23,5,0,2,0
23,5,0,4,0
23,5,1,0,0
23,5,1,2,4
23,5,1,5,7
23,5,1,6,4
23,5,2,0,0
23,5,2,3,0
23,5,2,4,7
23,5,2,5,4
23,5,2,6,4
23,5,3,2,0
23,5,3,3,7
23,5,3,6,0
23,5,4,2,4
23,5,4,3,7
23,5,4,6,0
23,5,4,7,0
23,5,5,0,0
23,5,5,2,0
23,5,5,3,0
23,5,5,4,0
23,5,5,5,0
23,5,5,6,0
23,5,5,7,0
23,5,6,0,0
23,5,6,4,0
23,5,6,6,0
23,5,7,0,0
23,5,7,2,0
23,5,7,3,0
23,5,7,4,0
23,5,7,5,0
0,6,0,0,0
0,6,0,2,11
0,6,0,4,0
0,6,0,5,4
0,6,0,6,0
0,6,1,2,4
0,6,1,3,0
0,6,1,4,0
0,6,1,5,24
0,6,2,1,0
0,6,2,2,0
0,6,2,3,7
0,6,2,4,0
0,6,2,5,0
0,6,2,6,0
0,6,2,7,0
0,6,3,0,0
0,6,3,1,0
0,6,3,4,0
0,6,3,7,0
0,6,4,1,0
0,6,4,2,0
0,6,4,3,0
0,6,4,4,13
0,6,4,5,7
0,6,4,6,0
0,6,4,7,11
0,6,5,0,0
0,6,5,2,4
0,6,5,3,4
0,6,5,5,4
0,6,5,6,0
0,6,5,7,0
0,6,6,1,0
0,6,6,2,0
0,6,6,3,0
0,6,6,6,0
0,6,7,2,0
0,6,7,4,0
0,6,7,6,4
1,6,0,0,13
1,6,0,2,31
1,6,0,4,17
1,6,0,6,35
1,6,1,1,4
1,6,1,3,87
1,6,1,5,4
1,6,1,6,7
1,6,1,7,13
1,6,2,2,21
1,6,2,3,94
1,6,2,4,13
1,6,2,5,28
1,6,2,6,17
1,6,2,7,56
1,6,3,3,251
1,6,3,7,21
1,6,4,0,0
1,6,4,1,0
1,6,4,3,7
1,6,4,7,28
1,6,5,0,0
1,6,5,2,0
1,6,5,3,87
1,6,5,4,7
1,6,5,7,13
1,6,6,0,0
1,6,6,1,0
1,6,6,4,4
1,6,6,5,17
1,6,6,7,0
1,6,7,0,0
1,6,7,3,0
1,6,7,4,7
1,6,7,5,4
1,6,7,7,0
2,6,0,1,0
2,6,0,5,70
2,6,0,6,56
2,6,0,7,240
2,6,1,2,109
2,6,1,3,320
2,6,1,4,139
2,6,1,5,292
2,6,2,1,0
2,6,2,2,76
2,6,2,4,205
2,6,2,5,233
2,6,2,6,362
2,6,3,0,0
2,6,3,2,28
2,6,3,6,196
2,6,3,7,163
2,6,4,1,11
2,6,4,2,0
2,6,4,4,80
2,6,4,5,202
2,6,4,6,91
2,6,5,1,0
2,6,5,2,0
2,6,5,3,42
2,6,5,4,46
2,6,6,1,0
2,6,6,2,0
2,6,6,3,4
2,6,6,4,28
2,6,6,7,11
2,6,7,0,0
2,6,7,1,0
2,6,7,2,0
2,6,7,3,0
2,6,7,7,0
3,6,0,3,59
3,6,0,5,70
3,6,0,6,59
3,6,1,2,74
3,6,1,4,80
3,6,1,6,35
3,6,2,0,4
3,6,2,2,17
3,6,2,3,59
3,6,2,6,168
3,6,3,1,7
3,6,3,3,118
3,6,3,4,80
3,6,3,5,139
3,6,3,7,48
3,6,4,2,0
3,6,4,4,87
3,6,4,5,139
3,6,4,6,11
3,6,4,7,122
3,6,5,0,0
3,6,5,1,0
3,6,5,2,0
3,6,5,4,35
3,6,5,5,115
3,6,5,6,7
3,6,6,1,0
3,6,6,2,0
3,6,6,3,0
3,6,6,4,7
3,6,7,0,0
3,6,7,1,0
3,6,7,2,0
3,6,7,3,0
3,6,7,5,4
3,6,7,6,13
3,6,7,7,0
4,6,0,2,52
4,6,0,4,76
4,6,0,5,94
4,6,0,6,80
4,6,0,7,87
4,6,1,1,17
4,6,1,2,153
4,6,1,4,307
4,6,1,5,289
4,6,1,7,111
4,6,2,0,7
4,6,2,2,66
4,6,2,4,318
4,6,2,5,143
4,6,2,6,285
4,6,2,7,105
4,6,3,1,13
4,6,3,4,63
4,6,3,5,39
4,6,3,7,74
4,6,4,3,17
4,6,5,2,0
4,6,5,5,59
4,6,5,7,74
4,6,6,2,0
4,6,6,3,0
4,6,6,5,28
4,6,6,6,0
4,6,6,7,11
4,6,7,0,0
4,6,7,1,0
4,6,7,2,0
4,6,7,3,7
4,6,7,4,0
4,6,7,5,0
4,6,7,6,11
4,6,7,7,4
5,6,0,0,13
5,6,0,1,4
5,6,0,3,240
5,6,0,4,63
5,6,0,5,168
5,6,1,0,0
5,6,1,2,42
5,6,1,3,94
5,6,1,4,126
5,6,1,5,178
5,6,1,7,74
5,6,2,2,35
5,6,2,4,83
5,6,2,6,163
5,6,3,0,11
5,6,3,1,0
5,6,3,2,4
5,6,3,5,70
5,6,3,6,133
5,6,3,7,46
5,6,4,1,4
5,6,4,2,0
5,6,4,5,94
5,6,4,6,87
5,6,4,7,146
5,6,5,0,0
5,6,5,1,0
5,6,5,4,13
5,6,5,5,42
5,6,5,7,13
5,6,6,0,0
5,6,6,1,4
5,6,6,3,0
5,6,6,5,4
5,6,7,1,0
5,6,7,3,0
5,6,7,4,0
6,6,0,1,11
6,6,0,4,109
6,6,0,5,163
6,6,0,7,94
6,6,1,0,0
6,6,1,1,4
6,6,1,3,331
6,6,1,4,39
6,6,1,5,74
6,6,1,6,74
6,6,1,7,115
6,6,2,0,0
6,6,2,2,28
6,6,2,4,118
6,6,2,5,115
6,6,2,7,74
6,6,3,0,39
6,6,3,3,70
6,6,3,7,39
6,6,4,3,21
6,6,4,4,17
6,6,4,5,163
6,6,4,6,98
6,6,4,7,170
6,6,5,0,0
6,6,5,1,0
6,6,5,3,7
6,6,5,7,46
6,6,6,1,0
6,6,6,2,0
6,6,6,7,42
6,6,7,3,0
6,6,7,6,0
6,6,7,7,0
7,6,0,2,143
7,6,0,3,35
7,6,0,4,52
7,6,0,5,83
7,6,1,0,0
7,6,1,1,4
7,6,1,3,185
7,6,1,4,21
7,6,1,5,129
7,6,1,6,122
7,6,2,1,0
7,6,2,3,91
7,6,2,4,170
7,6,2,6,181
7,6,3,2,11
7,6,3,5,122
7,6,3,6,196
7,6,4,0,0
7,6,4,2,0
7,6,4,3,11
7,6,4,4,56
7,6,4,5,226
7,6,4,6,213
7,6,5,0,0
7,6,5,1,0
7,6,5,2,0
7,6,5,5,76
7,6,6,1,0
7,6,6,2,0
7,6,6,4,21
7,6,6,7,17
7,6,7,1,0
7,6,7,2,0
7,6,7,5,17
8,6,0,0,7
8,6,0,2,98
8,6,0,3,109
8,6,0,5,109
8,6,0,6,168
8,6,0,7,146
8,6,1,1,4
8,6,1,3,109
8,6,1,4,21
8,6,1,5,98
8,6,1,7,111
8,6,2,0,0
8,6,2,1,4
8,6,2,4,63
8,6,2,6,205
8,6,3,2,7
8,6,4,0,0
8,6,4,2,17
8,6,4,3,11
8,6,4,4,48
8,6,4,7,70
8,6,5,2,13
8,6,5,5,98
8,6,5,7,39
8,6,6,0,0
8,6,6,2,0
8,6,6,3,4
8,6,6,4,13
8,6,6,5,21
8,6,6,6,7
8,6,7,1,0
8,6,7,3,0
8,6,7,4,17
8,6,7,5,7
8,6,7,6,39
9,6,0,1,4
9,6,0,5,105
9,6,0,7,170
9,6,1,0,0
9,6,1,3,170
9,6,1,4,28
9,6,1,5,230
9,6,1,6,168
9,6,1,7,46
9,6,2,1,0
9,6,2,2,4
9,6,2,3,42
9,6,3,0,0
9,6,3,2,70
9,6,3,3,59
9,6,3,6,1189
9,6,3,7,74
9,6,4,1,4
9,6,4,3,70
9,6,4,4,48
9,6,4,5,133
9,6,5,1,0
9,6,5,5,331
9,6,5,6,331
9,6,6,0,0
9,6,6,1,0
9,6,6,2,0
9,6,6,3,0
9,6,6,4,17
9,6,7,4,28
10,6,0,2,24
10,6,1,0,0
10,6,1,6,275
10,6,1,7,163
10,6,2,3,59
10,6,2,4,115
10,6,2,6,934
10,6,2,7,42
10,6,3,2,0
10,6,3,3,31
10,6,3,4,83
10,6,3,5,1094
10,6,3,7,66
10,6,4,0,4
10,6,4,2,0
10,6,4,4,42
10,6,4,6,840
10,6,4,7,56
10,6,5,0,0
10,6,5,2,4
10,6,5,3,13
10,6,5,4,11
10,6,6,0,0
10,6,6,2,0
10,6,6,3,129
10,6,6,4,7
10,6,6,5,56
10,6,6,6,70
10,6,6,7,21
10,6,7,1,0
10,6,7,5,7
10,6,7,6,0
10,6,7,7,11
11,6,0,1,13
11,6,0,3,105
11,6,0,6,499
11,6,1,0,0
11,6,1,1,0
11,6,1,2,66
11,6,1,5,348
11,6,2,0,0
11,6,2,1,0
11,6,2,2,46
11,6,2,5,466
11,6,2,6,1063
11,6,3,0,7
11,6,3,1,35
11,6,3,3,42
11,6,3,4,74
11,6,3,5,686
11,6,3,7,76
11,6,4,1,13
11,6,4,7,135
11,6,5,0,11
11,6,5,2,4
11,6,5,6,470
11,6,6,0,0
11,6,6,7,24
11,6,7,1,0
11,6,7,3,4
11,6,7,4,0
11,6,7,6,0
11,6,7,7,11
12,6,0,1,0
12,6,0,5,348
12,6,1,0,0
12,6,1,2,35
12,6,1,3,76
12,6,1,5,488
12,6,1,6,980
12,6,2,0,0
12,6,2,2,17
12,6,2,4,59
12,6,2,5,499
12,6,2,6,1522
12,6,2,7,150
12,6,3,1,4
12,6,3,2,13
12,6,3,4,56
12,6,3,6,1024
12,6,4,3,91
12,6,4,4,21
12,6,4,7,70
12,6,5,0,0
12,6,5,4,4
12,6,5,6,579
12,6,5,7,48
12,6,6,0,0
12,6,6,1,0
12,6,6,3,17
12,6,6,4,13
12,6,6,5,31
12,6,6,7,21
12,6,7,1,0
12,6,7,2,0
12,6,7,5,7
12,6,7,6,7
13,6,0,1,7
13,6,0,3,83
13,6,0,6,910
13,6,0,7,222
13,6,1,1,4
13,6,1,2,13
13,6,1,4,66
13,6,1,6,867
13,6,2,0,0
13,6,2,2,35
13,6,2,5,606
13,6,2,6,1348
13,6,2,7,87
13,6,3,1,7
13,6,3,2,11
13,6,3,3,118
13,6,3,4,66
13,6,3,5,895
13,6,4,1,11
13,6,4,3,163
13,6,4,6,1041
13,6,5,1,0
13,6,5,4,11
13,6,5,5,98
13,6,5,6,547
13,6,5,7,21
13,6,6,0,0
13,6,6,1,0
13,6,6,3,39
13,6,6,7,0
13,6,7,0,0
13,6,7,2,0
13,6,7,4,7
13,6,7,7,7
14,6,0,0,4
14,6,0,1,0
14,6,0,2,42
14,6,0,6,701
14,6,1,0,4
14,6,1,2,28
14,6,1,3,52
14,6,1,6,777
14,6,1,7,74
14,6,2,2,76
14,6,2,3,74
14,6,2,4,39
14,6,2,7,48
14,6,3,1,7
14,6,3,2,13
14,6,3,3,52
14,6,3,5,233
14,6,3,6,394
14,6,3,7,28
14,6,4,2,0
14,6,4,5,126
14,6,4,6,261
14,6,4,7,52
14,6,5,0,0
14,6,5,5,87
14,6,5,6,163
14,6,6,4,7
14,6,6,6,7
14,6,7,0,0
14,6,7,2,0
14,6,7,4,13
14,6,7,6,11
15,6,0,0,0
15,6,0,2,31
15,6,0,3,42
15,6,0,5,213
15,6,0,6,442
15,6,0,7,48
15,6,1,0,0
15,6,1,2,28
15,6,1,4,28
15,6,1,5,135
15,6,1,6,972
15,6,2,0,4
15,6,2,3,63
15,6,2,5,91
15,6,2,7,28
15,6,3,0,0
15,6,3,1,11
15,6,3,2,7
15,6,3,4,70
15,6,3,6,327
15,6,4,0,4
15,6,4,1,17
15,6,4,3,46
15,6,4,5,129
15,6,4,7,31
15,6,5,2,11
15,6,5,5,24
15,6,5,7,11
15,6,6,0,0
15,6,6,1,0
15,6,6,4,13
15,6,6,6,11
15,6,6,7,17
15,6,7,0,0
15,6,7,2,0
15,6,7,3,0
15,6,7,4,0
15,6,7,5,0
15,6,7,7,4
16,6,0,0,4
16,6,0,1,4
16,6,0,5,42
16,6,0,7,35
16,6,1,0,0
16,6,1,5,74
16,6,1,6,42
16,6,2,0,0
16,6,2,1,4
16,6,2,3,56
16,6,2,6,94
16,6,2,7,28
16,6,3,2,7
16,6,3,4,52
16,6,3,5,115
16,6,3,6,87
16,6,3,7,31
16,6,4,4,35
16,6,5,1,0
16,6,5,2,13
16,6,5,4,7
16,6,5,5,24
16,6,5,7,31
16,6,6,1,0
16,6,6,2,7
16,6,6,3,4
16,6,6,4,4
16,6,6,5,17
16,6,7,1,0
16,6,7,3,0
16,6,7,4,7
16,6,7,6,4
16,6,7,7,4
17,6,0,1,0
17,6,0,2,23
17,6,0,7,23
17,6,1,0,0
17,6,1,1,0
17,6,1,2,11
17,6,1,5,25
17,6,1,6,25
17,6,2,0,0
17,6,2,1,0
17,6,2,2,41
17,6,2,3,37
17,6,2,4,25
17,6,2,5,25
17,6,2,7,37
17,6,3,1,0
17,6,3,3,18
17,6,3,4,37
17,6,3,7,30
17,6,4,0,0
17,6,4,1,4
17,6,4,2,4
17,6,4,3,44
17,6,4,6,32
17,6,4,7,7
17,6,5,1,0
17,6,5,3,7
17,6,5,5,44
17,6,5,7,11
17,6,6,0,0
17,6,6,1,32
17,6,7,2,0
17,6,7,4,18
18,6,0,1,0
18,6,0,3,23
18,6,0,5,37
18,6,0,6,7
18,6,1,1,0
18,6,1,2,11
18,6,1,4,11
18,6,1,6,25
18,6,2,0,0
18,6,2,1,0
18,6,2,3,14
18,6,2,6,62
18,6,3,0,0
18,6,3,1,7
18,6,3,3,18
18,6,3,4,14
18,6,3,5,41
18,6,3,6,37
18,6,4,1,7
18,6,4,2,0
18,6,4,3,69
18,6,4,4,18
18,6,4,5,48
18,6,4,6,23
18,6,4,7,41
18,6,5,0,0
18,6,5,1,4
18,6,5,2,18
18,6,5,5,41
18,6,5,6,0
18,6,6,1,0
18,6,6,4,11
18,6,7,0,0
18,6,7,1,0
18,6,7,3,0
18,6,7,4,25
18,6,7,5,4
19,6,0,3,18
19,6,0,4,4
19,6,0,5,11
19,6,0,6,11
19,6,0,7,14
19,6,1,0,0
19,6,1,2,14
19,6,1,3,23
19,6,1,4,0
19,6,2,1,0
19,6,2,2,14
19,6,2,4,4
19,6,2,6,18
19,6,2,7,7
19,6,3,0,0
19,6,3,1,0
19,6,3,3,51
19,6,3,5,7
19,6,3,6,14
19,6,3,7,4
19,6,4,0,0
19,6,4,1,0
19,6,4,4,11
19,6,4,5,14
19,6,4,6,11
19,6,4,7,18
19,6,5,1,0
19,6,5,3,4
19,6,5,4,11
19,6,5,6,0
19,6,6,3,0
19,6,6,7,0
19,6,7,0,0
19,6,7,1,0
19,6,7,2,0
19,6,7,3,0
19,6,7,4,0
19,6,7,5,7
19,6,7,6,7
19,6,7,7,0
20,6,0,0,0
20,6,0,3,7
20,6,0,4,0
20,6,0,5,4
20,6,0,6,7
20,6,0,7,4
20,6,1,1,0
20,6,1,5,18
20,6,1,7,0
20,6,2,1,0
20,6,2,3,11
20,6,2,4,7
20,6,2,5,7
20,6,2,6,7
20,6,2,7,7
20,6,3,0,0
20,6,3,3,7
20,6,3,5,30
20,6,3,6,30
20,6,4,1,0
20,6,4,3,11
20,6,4,4,7
20,6,4,6,4
20,6,4,7,7
20,6,5,0,0
20,6,5,3,4
20,6,5,4,7
20,6,5,7,4
20,6,6,0,0
20,6,6,1,0
20,6,6,2,0
20,6,6,3,0
20,6,6,4,0
20,6,6,5,0
20,6,6,6,4
20,6,7,1,0
20,6,7,4,0
20,6,7,5,11
20,6,7,6,0
20,6,7,7,0
21,6,0,1,0
21,6,0,2,0
21,6,0,5,0
21,6,0,6,4
21,6,0,7,0
21,6,1,1,0
21,6,1,4,0
21,6,1,6,4
21,6,2,0,0
21,6,2,1,0
21,6,2,2,0
21,6,2,4,4
21,6,2,5,0
21,6,2,6,0
21,6,2,7,0
21,6,3,0,0
21,6,3,1,0
21,6,3,4,0
21,6,3,6,0
21,6,3,7,4
21,6,4,1,0
21,6,4,2,0
21,6,4,3,11
21,6,4,4,0
21,6,4,6,0
21,6,5,4,0
21,6,5,6,0
21,6,5,7,0
21,6,6,0,0
21,6,6,1,0
21,6,6,3,0
21,6,6,4,0
21,6,6,5,0
21,6,6,6,0
21,6,6,7,0
21,6,7,4,0
21,6,7,5,0
21,6,7,7,0
22,6,0,4,0
22,6,0,6,0
22,6,1,1,0
22,6,1,5,0
22,6,1,6,11
22,6,2,0,0
22,6,2,2,0
22,6,2,4,4
22,6,2,6,0
22,6,2,7,0
22,6,3,0,0
22,6,3,1,0
22,6,3,4,4
22,6,3,5,0
22,6,3,6,0
22,6,3,7,0
22,6,4,0,0
22,6,4,1,0
22,6,4,2,0
22,6,4,4,0
22,6,4,7,0
22,6,5,0,0
22,6,5,1,0
22,6,5,3,0
22,6,5,4,11
22,6,5,6,0
22,6,5,7,0
22,6,6,0,0
22,6,6,3,0
22,6,6,4,0
22,6,6,5,0
22,6,7,0,0
22,6,7,1,0
22,6,7,3,0
22,6,7,6,0
23,6,0,0,0
23,6,0,2,0
23,6,0,4,0
23,6,0,5,0
23,6,0,7,4
23,6,1,1,0
23,6,1,3,4
23,6,1,4,0
23,6,2,0,0
23,6,2,1,0
23,6,2,2,0
23,6,2,5,4
23,6,2,6,4
23,6,3,1,0
23,6,3,2,0
23,6,3,4,7
23,6,3,6,4
23,6,4,0,0
23,6,4,1,0
23,6,4,2,0
23,6,4,3,4
23,6,4,4,7
23,6,4,5,0
23,6,4,6,0
23,6,5,0,0
23,6,5,2,0
23,6,5,3,0
23,6,5,4,0
23,6,5,5,0
23,6,5,7,0
23,6,6,0,0
23,6,6,1,0
23,6,6,2,0
23,6,6,3,0
23,6,6,4,0
23,6,6,7,0
23,6,7,3,0
23,6,7,4,14
23,6,7,5,0
23,6,7,6,4
0,7,0,1,0
0,7,0,3,0
0,7,0,4,7
0,7,0,7,4
0,7,1,0,0
0,7,1,1,0
0,7,1,2,0
0,7,1,4,0
0,7,1,6,0
0,7,2,1,0
0,7,2,5,4
0,7,2,7,4
0,7,3,1,0
0,7,3,2,4
0,7,3,4,0
0,7,3,5,11
0,7,3,7,0
0,7,4,0,0
0,7,4,1,4
0,7,4,2,0
0,7,4,3,0
0,7,4,4,4
0,7,4,5,0
0,7,4,7,4
0,7,5,0,0
0,7,5,1,0
0,7,5,2,0
0,7,5,3,7
0,7,5,4,0
0,7,5,7,0
0,7,6,1,0
0,7,6,3,0
0,7,6,4,0
0,7,6,5,0
0,7,6,6,0
0,7,6,7,4
0,7,7,1,0
0,7,7,2,0
0,7,7,3,0
0,7,7,6,0
0,7,7,7,0
1,7,0,0,0
1,7,0,1,7
1,7,0,2,32
1,7,0,3,44
1,7,0,4,7
1,7,0,7,4
1,7,1,0,0
1,7,1,1,0
1,7,1,3,91
1,7,1,4,30
1,7,1,5,55
1,7,1,6,14
1,7,2,0,23
1,7,2,3,11
1,7,2,5,18
1,7,2,6,66
1,7,2,7,14
1,7,3,0,0
1,7,3,2,117
1,7,3,4,23
1,7,3,6,128
1,7,3,7,32
1,7,4,1,14
1,7,4,2,0
1,7,4,3,0
1,7,4,4,25
1,7,4,5,7
1,7,4,6,30
1,7,4,7,51
1,7,5,0,0
1,7,5,2,0
1,7,5,4,4
1,7,5,6,0
1,7,6,2,0
1,7,6,3,0
1,7,6,5,4
1,7,7,0,0
1,7,7,1,0
1,7,7,2,0
1,7,7,4,0
1,7,7,6,0
2,7,0,0,7
2,7,0,4,73
2,7,0,5,158
2,7,0,7,169
2,7,1,1,0
2,7,1,4,55
2,7,1,5,183
2,7,1,6,62
2,7,1,7,69
2,7,2,1,4
2,7,2,3,153
2,7,2,6,297
2,7,2,7,194
2,7,3,0,0
2,7,3,2,37
2,7,3,4,80
2,7,3,7,30
2,7,4,0,0
2,7,4,1,14
2,7,4,2,0
2,7,4,3,37
2,7,4,6,30
2,7,5,0,0
2,7,5,2,7
2,7,5,3,4
2,7,5,4,14
2,7,5,5,263
2,7,5,7,73
2,7,6,0,0
2,7,6,2,0
2,7,6,4,142
2,7,6,6,7
2,7,7,3,0
2,7,7,4,7
3,7,0,1,4
3,7,0,3,44
3,7,0,4,146
3,7,0,6,263
3,7,1,0,0
3,7,1,1,0
3,7,1,2,151
3,7,1,3,114
3,7,1,4,146
3,7,1,6,73
3,7,1,7,121
3,7,2,0,0
3,7,2,2,25
3,7,3,1,0
3,7,3,2,23
3,7,3,3,59
3,7,3,5,238
3,7,3,6,388
3,7,3,7,69
3,7,4,0,0
3,7,4,1,4
3,7,4,2,0
3,7,4,4,55
3,7,4,5,110
3,7,4,7,329
3,7,5,0,0
3,7,5,1,0
3,7,5,2,0
3,7,5,3,7
3,7,5,5,69
3,7,5,6,37
3,7,5,7,153
3,7,6,1,0
3,7,6,2,0
3,7,6,5,11
3,7,6,6,11
3,7,6,7,23
3,7,7,0,0
3,7,7,1,0
3,7,7,2,0
3,7,7,3,0
3,7,7,5,7
3,7,7,6,4
3,7,7,7,4
4,7,0,0,4
4,7,0,1,11
4,7,0,3,215
4,7,0,4,51
4,7,0,6,132
4,7,0,7,114
4,7,1,0,7
4,7,1,2,37
4,7,1,3,91
4,7,1,5,242
4,7,2,0,4
4,7,2,1,0
4,7,2,2,30
4,7,2,3,139
4,7,2,6,238
4,7,2,7,59
4,7,3,0,11
4,7,3,1,0
4,7,3,2,11
4,7,3,4,84
4,7,3,6,110
4,7,3,7,142
4,7,4,0,0
4,7,4,3,7
4,7,4,5,59
4,7,5,0,0
4,7,5,1,0
4,7,5,2,0
4,7,5,3,224
4,7,5,5,252
4,7,5,6,37
4,7,5,7,242
4,7,6,1,0
4,7,6,2,0
4,7,6,5,14
4,7,6,6,4
4,7,6,7,23
4,7,7,0,0
4,7,7,2,0
4,7,7,3,0
4,7,7,4,4
4,7,7,7,0
5,7,0,0,7
5,7,0,1,0
5,7,0,5,197
5,7,0,7,114
5,7,1,0,0
5,7,1,1,4
5,7,1,2,362
5,7,1,3,117
5,7,1,4,11
5,7,1,6,124
5,7,1,7,183
5,7,2,2,51
5,7,2,3,169
5,7,3,0,0
5,7,3,2,11
5,7,3,6,117
5,7,3,7,151
5,7,4,0,0
5,7,4,2,0
5,7,4,3,4
5,7,4,5,96
5,7,4,7,110
5,7,5,0,0
5,7,5,5,103
5,7,6,0,0
5,7,6,1,0
5,7,6,2,0
5,7,6,3,0
5,7,6,6,7
5,7,7,1,0
5,7,7,5,11
6,7,0,0,14
6,7,0,2,153
6,7,0,3,73
6,7,0,4,48
6,7,0,6,69
6,7,1,0,0
6,7,1,1,4
6,7,1,3,48
6,7,1,5,77
6,7,1,6,114
6,7,2,3,69
6,7,2,4,114
6,7,2,7,91
6,7,3,1,0
6,7,3,2,7
6,7,3,4,110
6,7,3,5,220
6,7,3,6,187
6,7,4,1,25
6,7,4,4,37
6,7,4,5,160
6,7,5,1,0
6,7,5,2,0
6,7,5,6,117
6,7,5,7,14
6,7,6,1,0
6,7,6,2,0
6,7,6,5,62
6,7,6,6,11
6,7,6,7,18
6,7,7,0,0
6,7,7,2,0
6,7,7,3,398
6,7,7,4,11
6,7,7,5,4
6,7,7,7,66
7,7,0,1,4
7,7,0,2,30
7,7,0,3,132
7,7,0,4,132
7,7,0,5,87
7,7,0,6,304
7,7,0,7,80
7,7,1,0,0
7,7,1,3,77
7,7,1,4,151
7,7,1,5,471
7,7,1,7,91
7,7,2,0,0
7,7,2,1,11
7,7,2,3,84
7,7,2,5,106
7,7,2,6,359
7,7,3,0,0
7,7,3,1,4
7,7,3,2,0
7,7,3,3,41
7,7,3,5,414
7,7,4,0,0
7,7,4,2,0
7,7,4,3,14
7,7,4,4,25
7,7,4,5,263
7,7,4,6,263
7,7,4,7,212
7,7,5,0,0
7,7,5,4,18
7,7,5,5,172
7,7,5,7,14
7,7,6,1,4
7,7,6,4,0
7,7,6,6,260
7,7,7,2,0
7,7,7,3,263
7,7,7,6,4
7,7,7,7,4
8,7,0,0,11
8,7,0,1,4
8,7,0,4,91
8,7,0,6,425
8,7,1,0,7
8,7,1,4,62
8,7,1,7,84
8,7,2,0,0
8,7,2,3,114
8,7,2,4,98
8,7,2,5,187
8,7,2,6,377
8,7,3,1,23
8,7,3,4,146
8,7,3,5,567
8,7,4,0,0
8,7,4,1,197
8,7,4,2,4
8,7,4,3,11
8,7,4,4,18
8,7,4,5,245
8,7,4,7,96
8,7,5,2,32
8,7,5,3,25
8,7,5,4,30
8,7,5,5,215
8,7,5,7,18
8,7,6,0,0
8,7,6,1,0
8,7,6,6,44
8,7,6,7,18
8,7,7,0,0
8,7,7,1,0
8,7,7,2,0
8,7,7,3,25
8,7,7,4,7
8,7,7,5,4
8,7,7,6,0
9,7,0,1,30
9,7,0,3,59
9,7,0,5,201
9,7,1,1,0
9,7,1,2,69
9,7,1,3,84
9,7,1,4,48
9,7,1,6,432
9,7,1,7,128
9,7,2,0,4
9,7,2,1,4
9,7,2,2,293
9,7,2,3,121
9,7,2,4,66
9,7,3,0,41
9,7,3,1,14
9,7,3,2,30
9,7,3,3,69
9,7,3,4,139
9,7,3,6,955
9,7,4,4,37
9,7,4,5,91
9,7,4,6,453
9,7,4,7,279
9,7,5,4,4
9,7,5,5,190
9,7,5,6,263
9,7,6,0,0
9,7,6,1,0
9,7,6,3,25
9,7,6,4,14
9,7,6,6,55
9,7,7,0,0
9,7,7,1,0
9,7,7,2,0
9,7,7,4,110
9,7,7,5,11
9,7,7,6,0
10,7,0,1,4
10,7,0,2,37
10,7,0,3,84
10,7,0,6,439
10,7,1,0,0
10,7,1,1,14
10,7,1,3,55
10,7,1,5,535
10,7,1,6,457
10,7,2,1,7
10,7,2,2,55
10,7,2,4,106
10,7,2,5,462
10,7,3,0,7
10,7,3,1,23
10,7,3,2,11
10,7,3,3,41
10,7,3,4,98
10,7,3,6,1175
10,7,4,1,0
10,7,4,4,37
10,7,4,6,501
10,7,5,1,4
10,7,5,4,44
10,7,5,5,169
10,7,5,6,608
10,7,6,4,77
10,7,6,5,18
10,7,6,6,41
10,7,6,7,11
10,7,7,1,0
10,7,7,3,0
10,7,7,4,41
10,7,7,5,7
11,7,0,0,4
11,7,0,1,69
11,7,0,4,69
11,7,0,5,238
11,7,0,6,249
11,7,0,7,249
11,7,1,3,44
11,7,1,6,377
11,7,1,7,84
11,7,2,1,7
11,7,2,3,59
11,7,2,4,44
11,7,2,5,224
11,7,2,6,743
11,7,3,2,14
11,7,3,5,581
11,7,4,1,4
11,7,4,3,14
11,7,5,2,0
11,7,5,3,4
11,7,5,4,37
11,7,5,5,121
11,7,5,6,132
11,7,6,3,11
11,7,6,4,0
11,7,6,6,4
11,7,7,2,0
11,7,7,3,0
11,7,7,5,7
12,7,0,1,51
12,7,0,2,66
12,7,0,3,139
12,7,0,4,124
12,7,0,7,841
12,7,1,0,4
12,7,1,1,0
12,7,1,2,51
12,7,1,3,73
12,7,1,4,55
12,7,1,5,727
12,7,1,6,1708
12,7,2,0,7
12,7,2,1,7
12,7,2,4,51
12,7,2,7,343
12,7,3,1,4
12,7,3,2,4
12,7,3,3,190
12,7,3,4,106
12,7,3,5,1434
12,7,3,6,2170
12,7,4,0,0
12,7,4,5,307
12,7,4,7,117
12,7,5,2,11
12,7,5,4,142
12,7,5,5,44
12,7,5,6,402
12,7,5,7,117
12,7,6,0,0
12,7,6,1,0
12,7,6,2,4
12,7,6,4,4
12,7,6,5,25
12,7,7,1,0
12,7,7,2,0
12,7,7,5,11
12,7,7,7,18
13,7,0,0,11
13,7,0,2,73
13,7,0,7,791
13,7,1,3,132
13,7,1,5,922
13,7,1,6,1470
13,7,2,1,0
13,7,2,2,23
13,7,2,4,172
13,7,2,5,599
13,7,3,1,7
13,7,3,2,41
13,7,3,3,146
13,7,3,5,2232
13,7,3,6,2026
13,7,4,0,0
13,7,4,3,37
13,7,4,6,1434
13,7,5,0,0
13,7,5,1,4
13,7,5,2,11
13,7,5,3,11
13,7,5,7,256
13,7,6,0,0
13,7,6,1,0
13,7,6,2,0
13,7,6,3,18
13,7,6,4,14
13,7,6,5,23
13,7,7,1,0
13,7,7,2,0
13,7,7,4,4
14,7,0,0,32
14,7,0,1,44
14,7,0,4,464
14,7,0,6,2213
14,7,0,7,761
14,7,1,0,4
14,7,1,2,556
14,7,1,3,183
14,7,1,5,380
14,7,1,6,1269
14,7,1,7,398
14,7,2,0,0
14,7,2,3,139
14,7,2,4,59
14,7,2,5,1105
14,7,2,6,1477
14,7,2,7,227
14,7,3,4,124
14,7,3,5,1683
14,7,3,6,732
14,7,4,0,4
14,7,4,2,0
14,7,4,4,96
14,7,4,6,1029
14,7,4,7,128
14,7,5,1,14
14,7,5,2,4
14,7,5,3,11
14,7,5,6,106
14,7,6,2,0
14,7,6,3,32
14,7,6,4,7
14,7,6,6,32
14,7,6,7,0
14,7,7,1,0
14,7,7,3,0
14,7,7,5,44
14,7,7,7,14
15,7,0,0,0
15,7,0,3,87
15,7,0,4,322
15,7,0,5,1175
15,7,0,6,2154
15,7,1,0,0
15,7,1,2,23
15,7,1,3,151
15,7,1,4,18
15,7,1,5,535
15,7,1,6,853
15,7,1,7,933
15,7,2,3,128
15,7,2,4,128
15,7,2,6,1376
15,7,3,1,4
15,7,3,2,4
15,7,3,5,1079
15,7,3,6,1130
15,7,3,7,234
15,7,4,1,14
15,7,4,2,0
15,7,4,4,80
15,7,4,5,480
15,7,4,7,80
15,7,5,6,128
15,7,6,0,0
15,7,6,1,0
15,7,6,4,14
15,7,6,5,30
15,7,6,6,32
15,7,6,7,103
15,7,7,0,0
15,7,7,1,0
15,7,7,3,7
15,7,7,4,7
15,7,7,5,4
16,7,0,1,0
16,7,0,4,245
16,7,0,7,208
16,7,1,0,0
16,7,1,1,0
16,7,1,2,30
16,7,1,3,62
16,7,1,6,414
16,7,2,0,0
16,7,2,1,30
16,7,2,2,30
16,7,2,3,80
16,7,2,5,490
16,7,2,6,757
16,7,2,7,146
16,7,3,2,25
16,7,3,3,62
16,7,3,7,142
16,7,4,0,0
16,7,4,2,0
16,7,4,5,190
16,7,4,6,307
16,7,5,3,7
16,7,5,6,98
16,7,5,7,4
16,7,6,0,0
16,7,6,1,0
16,7,6,2,0
16,7,6,4,14
16,7,7,0,0
16,7,7,1,0
16,7,7,2,0
16,7,7,3,0
16,7,7,4,11
16,7,7,6,4
16,7,7,7,23
17,7,0,0,19
17,7,0,1,7
17,7,0,3,43
17,7,0,4,69
17,7,0,6,207
17,7,1,1,4
17,7,1,4,0
17,7,1,5,103
17,7,1,7,53
17,7,2,0,0
17,7,2,2,19
17,7,2,3,53
17,7,2,4,38
17,7,2,5,77
17,7,2,6,139
17,7,2,7,31
17,7,3,0,0
17,7,3,2,19
17,7,3,4,50
17,7,3,6,177
17,7,3,7,15
17,7,4,0,0
17,7,4,1,7
17,7,4,3,43
17,7,4,5,38
17,7,4,6,24
17,7,4,7,19
17,7,5,0,0
17,7,5,1,7
17,7,5,2,4
17,7,5,3,7
17,7,5,4,27
17,7,5,5,24
17,7,6,0,0
17,7,6,3,0
17,7,6,4,7
17,7,6,6,7
17,7,6,7,4
17,7,7,0,0
17,7,7,1,0
17,7,7,2,0
17,7,7,3,0
17,7,7,4,12
17,7,7,6,0
18,7,0,0,0
18,7,1,0,0
18,7,1,2,15
18,7,1,4,7
18,7,1,6,19
18,7,1,7,53
18,7,2,0,0
18,7,2,5,34
18,7,3,1,4
18,7,3,2,0
18,7,3,4,53
18,7,3,5,62
18,7,3,6,62
18,7,3,7,12
18,7,4,2,4
18,7,4,3,46
18,7,4,4,53
18,7,4,5,46
18,7,4,7,15
18,7,5,3,7
18,7,5,4,7
18,7,5,7,15
18,7,6,0,0
18,7,6,2,4
18,7,6,4,4
18,7,6,5,31
18,7,6,6,4
18,7,6,7,0
18,7,7,0,0
18,7,7,1,0
18,7,7,2,19
18,7,7,3,0
18,7,7,4,0
18,7,7,5,4
18,7,7,6,15
18,7,7,7,0
19,7,0,0,0
19,7,0,1,0
19,7,0,5,0
19,7,0,6,0
19,7,0,7,0
19,7,1,3,0
19,7,1,4,0
19,7,1,5,0
19,7,1,6,0
19,7,2,0,0
19,7,2,1,0
19,7,2,2,0
19,7,2,3,0
19,7,2,4,4
19,7,3,1,0
19,7,4,1,0
19,7,4,3,0
19,7,4,6,0
19,7,5,1,0
19,7,5,5,0
19,7,5,7,0
19,7,6,1,0
19,7,6,2,0
19,7,6,4,0
19,7,6,5,0
19,7,6,6,0
19,7,7,0,0
19,7,7,1,0
19,7,7,2,0
19,7,7,3,0
19,7,7,4,0
19,7,7,5,0
19,7,7,6,0
19,7,7,7,0
20,7,0,0,0
20,7,0,1,0
20,7,0,2,0
20,7,0,4,0
20,7,0,5,0
20,7,0,6,0
20,7,1,1,0
20,7,1,2,0
20,7,1,3,0
20,7,1,4,0
20,7,1,5,0
20,7,1,7,0
20,7,2,1,0
20,7,2,3,0
20,7,2,5,0
20,7,2,6,0
20,7,2,7,0
20,7,3,0,0
20,7,3,1,0
20,7,3,2,0
20,7,3,3,0
20,7,3,4,0
20,7,3,5,0
20,7,3,7,0
20,7,4,2,0
20,7,4,3,0
20,7,4,5,0
20,7,5,0,0
20,7,5,6,0
20,7,6,0,0
20,7,6,1,0
20,7,6,3,4
20,7,7,0,0
20,7,7,1,0
20,7,7,2,0
20,7,7,3,0
20,7,7,5,0
20,7,7,6,0
20,7,7,7,0
21,7,0,3,12
21,7,0,6,12
21,7,0,7,24
21,7,1,0,0
21,7,1,1,4
21,7,1,2,7
21,7,1,7,24
21,7,2,0,0
21,7,2,1,0
21,7,2,2,7
21,7,2,5,7
21,7,2,7,24
21,7,3,2,4
21,7,3,5,34
21,7,3,6,12
21,7,4,0,0
21,7,4,1,0
21,7,4,2,0
21,7,4,5,89
21,7,4,6,4
21,7,5,1,0
21,7,5,3,0
21,7,5,5,4
21,7,6,1,0
21,7,6,3,15
21,7,6,5,7
21,7,6,6,4
21,7,7,1,0
21,7,7,2,0
21,7,7,3,0
21,7,7,5,0
21,7,7,7,4
22,7,0,3,0
22,7,0,5,4
22,7,0,7,0
22,7,1,0,0
22,7,1,1,4
22,7,1,3,4
22,7,1,4,0
22,7,1,7,7
22,7,2,2,4
22,7,2,4,19
22,7,2,5,27
22,7,2,7,12
22,7,3,0,0
22,7,3,2,15
22,7,3,4,7
22,7,3,5,15
22,7,3,7,19
22,7,4,7,12
22,7,5,4,4
22,7,5,5,15
22,7,5,6,0
22,7,6,4,0
22,7,6,5,0
22,7,6,6,0
22,7,6,7,0
22,7,7,0,0
22,7,7,2,0
22,7,7,3,0
22,7,7,5,4
22,7,7,7,4
23,7,0,1,0
23,7,0,2,0
23,7,0,4,7
23,7,0,5,4
23,7,0,6,0
23,7,1,0,0
23,7,1,1,7
23,7,1,2,0
23,7,1,3,0
23,7,1,6,0
23,7,1,7,7
23,7,2,2,0
23,7,2,6,7
23,7,3,0,0
23,7,3,2,0
23,7,3,4,0
23,7,3,5,4
23,7,3,7,0
23,7,4,0,0
23,7,4,1,0
23,7,4,2,0
23,7,4,3,7
23,7,4,4,7
23,7,5,1,0
23,7,5,2,0
23,7,5,3,0
23,7,6,0,0
23,7,6,2,7
23,7,6,3,0
23,7,6,7,4
23,7,7,0,0
23,7,7,1,0
23,7,7,3,0
23,7,7,6,12
0,8,0,1,0
0,8,0,2,0
0,8,0,3,0
0,8,0,6,0
0,8,1,4,0
0,8,1,5,0
0,8,1,6,0
0,8,1,7,15
0,8,2,1,0
0,8,2,4,4
0,8,2,5,12
0,8,2,7,7
0,8,3,0,0
0,8,3,4,12
0,8,3,5,0
0,8,4,0,0
0,8,4,1,0
0,8,4,3,4
0,8,4,4,0
0,8,4,5,15
0,8,5,0,0
0,8,5,1,0
0,8,5,2,0
0,8,5,4,0
0,8,6,0,0
0,8,6,1,0
0,8,6,2,0
0,8,6,3,0
0,8,6,6,0
0,8,7,0,0
0,8,7,1,0
0,8,7,2,0
0,8,7,4,0
0,8,7,7,0
1,8,0,0,0
1,8,0,4,0
1,8,0,7,0
1,8,1,4,0
1,8,1,5,12
1,8,1,6,0
1,8,2,0,0
1,8,2,1,0
1,8,2,2,0
1,8,2,3,0
1,8,2,4,0
1,8,2,6,0
1,8,3,0,0
1,8,3,1,0
1,8,3,2,0
1,8,3,3,84
1,8,3,4,0
1,8,3,6,19
1,8,3,7,4
1,8,4,2,0
1,8,4,3,0
1,8,4,4,7
1,8,4,6,0
1,8,5,0,0
1,8,5,3,0
1,8,5,4,0
1,8,5,5,0
1,8,5,7,0
1,8,6,1,0
1,8,6,3,0
1,8,6,6,0
1,8,7,0,0
1,8,7,1,0
1,8,7,2,0
1,8,7,3,0
1,8,7,4,0
1,8,7,6,0
1,8,7,7,0
2,8,0,0,0
2,8,0,1,0
2,8,0,6,0
2,8,0,7,4
2,8,1,0,0
2,8,1,1,0
2,8,1,4,0
2,8,1,7,0
2,8,2,1,0
2,8,2,2,4
2,8,2,4,0
2,8,2,6,12
2,8,3,1,0
2,8,3,3,24
2,8,3,4,4
2,8,3,5,4
2,8,3,7,4
2,8,4,0,0
2,8,4,1,0
2,8,4,2,0
2,8,4,3,0
2,8,4,4,4
2,8,4,5,0
2,8,4,6,4
2,8,4,7,12
2,8,5,0,0
2,8,5,5,0
2,8,6,0,0
2,8,6,1,0
2,8,6,4,0
2,8,6,7,0
2,8,7,0,0
2,8,7,1,0
2,8,7,2,0
2,8,7,4,15
2,8,7,5,0
2,8,7,6,15
3,8,0,0,0
3,8,0,1,0
3,8,0,2,0
3,8,0,4,0
3,8,0,5,4
3,8,0,6,12
3,8,1,0,0
3,8,1,2,0
3,8,1,6,15
3,8,2,3,4
3,8,2,5,7
3,8,2,6,0
3,8,2,7,0
3,8,3,0,0
3,8,3,1,0
3,8,3,2,4
3,8,3,6,31
3,8,3,7,0
3,8,4,0,0
3,8,4,2,0
3,8,4,5,0
3,8,4,7,0
3,8,5,1,0
3,8,5,2,0
3,8,5,3,7
3,8,5,7,4
3,8,6,0,0
3,8,6,1,0
3,8,6,2,12
3,8,6,3,0
3,8,6,4,120
3,8,6,5,0
3,8,6,6,0
3,8,7,0,0
3,8,7,2,0
3,8,7,3,0
3,8,7,5,0
3,8,7,6,0
3,8,7,7,0
4,8,0,0,0
4,8,0,1,12
4,8,0,2,7
4,8,0,3,4
4,8,0,4,4
4,8,0,5,19
4,8,1,0,0
4,8,1,1,0
4,8,1,2,12
4,8,1,6,12
4,8,1,7,0
4,8,2,1,4
4,8,2,2,4
4,8,2,3,0
4,8,2,4,0
4,8,2,5,15
4,8,2,7,0
4,8,3,0,0
4,8,3,1,7
4,8,3,3,4
4,8,3,5,7
4,8,3,7,0
4,8,4,0,0
4,8,4,1,0
4,8,4,3,7
4,8,4,5,34
4,8,4,7,4
4,8,5,0,0
4,8,5,2,0
4,8,5,3,0
4,8,5,4,0
4,8,5,5,7
4,8,5,7,15
4,8,6,0,0
4,8,6,1,0
4,8,6,2,7
4,8,6,5,0
4,8,7,2,0
4,8,7,3,0
4,8,7,4,0
4,8,7,5,0
4,8,7,7,0
5,8,0,0,0
5,8,0,3,12
5,8,0,4,7
5,8,0,5,19
5,8,0,7,15
5,8,1,0,0
5,8,1,2,0
5,8,1,3,4
5,8,1,5,12
5,8,1,6,12
5,8,1,7,7
5,8,2,0,0
5,8,2,1,0
5,8,2,5,31
5,8,3,0,0
5,8,3,3,12
5,8,3,6,24
5,8,4,1,4
5,8,4,2,0
5,8,4,4,4
5,8,4,6,4
5,8,4,7,4
5,8,5,0,0
5,8,5,1,0
5,8,5,3,4
5,8,5,4,4
5,8,5,7,7
5,8,6,0,0
5,8,6,1,0
5,8,6,2,0
5,8,6,3,0
5,8,7,0,0
5,8,7,1,0
5,8,7,2,0
5,8,7,3,0
6,8,0,1,0
6,8,0,2,15
6,8,0,4,19
6,8,0,5,12
6,8,0,6,19
6,8,1,0,0
6,8,1,2,4
6,8,1,3,34
6,8,1,7,24
6,8,2,1,0
6,8,2,3,15
6,8,2,4,4
6,8,2,6,4
6,8,2,7,24
6,8,3,0,0
6,8,3,2,4
6,8,3,4,7
6,8,4,0,0
6,8,4,1,0
6,8,4,2,0
6,8,4,5,19
6,8,4,7,4
6,8,5,1,0
6,8,5,2,0
6,8,5,3,0
6,8,5,5,24
6,8,5,6,4
6,8,6,0,0
6,8,6,2,0
6,8,6,3,0
6,8,6,7,0
6,8,7,1,0
6,8,7,3,4
6,8,7,4,12
6,8,7,7,4
7,8,0,1,4
7,8,0,2,43
7,8,0,3,27
7,8,0,5,31
7,8,0,7,12
7,8,1,0,0
7,8,1,1,0
7,8,1,2,12
7,8,1,3,7
7,8,1,6,7
7,8,1,7,15
7,8,2,0,0
7,8,2,1,0
7,8,2,6,27
7,8,2,7,24
7,8,3,0,0
7,8,3,3,19
7,8,3,5,31
7,8,3,6,19
7,8,3,7,31
7,8,4,1,12
7,8,4,3,38
7,8,4,5,46
7,8,4,6,15
7,8,4,7,31
7,8,5,1,0
7,8,5,3,4
7,8,5,4,7
7,8,5,6,7
7,8,6,0,0
7,8,6,3,4
7,8,6,6,4
7,8,6,7,4
7,8,7,0,0
7,8,7,3,7
7,8,7,4,0
7,8,7,6,4
7,8,7,7,0
8,8,0,0,7
8,8,0,2,7
8,8,0,3,38
8,8,0,4,15
8,8,0,5,27
8,8,0,6,24
8,8,1,0,0
8,8,1,2,15
8,8,1,3,27
8,8,1,6,15
8,8,1,7,15
8,8,2,0,0
8,8,2,3,15
8,8,2,4,15
8,8,2,5,43
8,8,2,6,34
8,8,2,7,46
8,8,3,0,0
8,8,3,1,15
8,8,3,2,4
8,8,3,3,24
8,8,3,4,19
8,8,3,5,31
8,8,3,7,38
8,8,4,1,7
8,8,4,2,0
8,8,4,4,12
8,8,4,6,15
8,8,5,0,0
8,8,5,2,7
8,8,5,3,0
8,8,5,4,15
8,8,5,5,27
8,8,5,6,7
8,8,6,0,0
8,8,6,1,0
8,8,6,4,4
8,8,6,5,4
8,8,6,7,4
8,8,7,1,0
8,8,7,2,0
8,8,7,3,0
8,8,7,4,0
8,8,7,6,7
8,8,7,7,0
9,8,0,0,0
9,8,0,4,15
9,8,0,5,24
9,8,0,6,24
9,8,0,7,7
9,8,1,0,0
9,8,1,2,7
9,8,1,3,15
9,8,1,4,7
9,8,1,5,19
9,8,1,7,19
9,8,2,0,0
9,8,2,2,24
9,8,2,4,43
9,8,2,6,24
9,8,2,7,34
9,8,3,0,7
9,8,3,1,0
9,8,3,3,27
9,8,3,4,27
9,8,3,5,31
9,8,4,1,15
9,8,4,2,0
9,8,4,3,31
9,8,5,1,0
9,8,5,2,0
9,8,5,5,15
9,8,5,6,7
9,8,6,1,0
9,8,6,2,19
9,8,6,4,0
9,8,6,7,0
9,8,7,0,0
9,8,7,4,7
9,8,7,5,7
9,8,7,6,0
10,8,0,0,4
10,8,0,1,7
10,8,0,2,27
10,8,0,3,34
10,8,0,4,19
10,8,0,7,38
10,8,1,0,0
10,8,1,1,0
10,8,1,3,27
10,8,1,4,7
10,8,1,5,34
10,8,2,0,0
10,8,2,3,24
10,8,2,4,34
10,8,2,5,34
10,8,2,7,27
10,8,3,1,4
10,8,3,2,7
10,8,3,7,19
10,8,4,0,0
10,8,4,1,7
10,8,4,3,19
10,8,4,4,15
10,8,4,6,7
10,8,5,0,0
10,8,5,5,24
10,8,5,7,24
10,8,6,1,0
10,8,6,2,0
10,8,6,3,0
10,8,6,7,7
10,8,7,0,0
10,8,7,1,0
10,8,7,2,4
10,8,7,4,0
10,8,7,6,0
10,8,7,7,0
11,8,0,3,12
11,8,0,4,7
11,8,0,6,12
11,8,0,7,24
11,8,1,1,0
11,8,1,5,24
11,8,1,6,7
11,8,2,3,50
11,8,2,5,12
11,8,3,0,0
11,8,3,3,46
11,8,3,6,27
11,8,4,0,0
11,8,4,5,15
11,8,4,7,58
11,8,5,1,0
11,8,5,3,0
11,8,5,5,24
11,8,5,6,15
11,8,5,7,15
11,8,6,3,7
11,8,6,4,12
11,8,6,5,4
11,8,6,6,0
11,8,6,7,7
11,8,7,0,0
11,8,7,1,0
11,8,7,2,0
11,8,7,3,4
11,8,7,4,0
12,8,0,0,4
12,8,0,1,0
12,8,0,5,34
12,8,0,6,27
12,8,1,0,0
12,8,1,1,0
12,8,1,4,4
12,8,1,6,19
12,8,1,7,46
12,8,2,2,19
12,8,2,5,50
12,8,2,6,58
12,8,3,1,19
12,8,3,2,0
12,8,3,3,24
12,8,3,4,46
12,8,3,7,53
12,8,4,0,0
12,8,4,2,0
12,8,4,3,12
12,8,4,4,43
12,8,4,6,19
12,8,5,0,0
12,8,5,1,0
12,8,5,3,0
12,8,5,4,27
12,8,5,5,27
12,8,5,7,46
12,8,6,0,0
12,8,6,1,0
12,8,6,2,0
12,8,6,3,4
12,8,6,4,12
12,8,6,7,19
12,8,7,0,0
12,8,7,1,0
12,8,7,3,0
12,8,7,4,12
12,8,7,5,15
13,8,0,1,0
13,8,0,3,43
13,8,0,4,19
13,8,0,5,27
13,8,1,3,19
13,8,1,5,24
13,8,2,1,0
13,8,2,2,19
13,8,2,3,43
13,8,2,4,62
13,8,2,6,53
13,8,2,7,27
13,8,3,3,24
13,8,3,5,27
13,8,3,6,43
13,8,3,7,31
13,8,4,0,0
13,8,4,3,15
13,8,4,5,43
13,8,4,6,27
13,8,5,0,0
13,8,5,4,15
13,8,5,7,38
13,8,6,0,0
13,8,6,1,0
13,8,6,2,4
13,8,6,4,0
13,8,7,0,0
13,8,7,1,0
14,8,0,2,19
14,8,0,3,46
14,8,0,4,12
14,8,0,6,24
14,8,0,7,62
14,8,1,1,4
14,8,1,2,31
14,8,1,4,15
14,8,1,5,38
14,8,1,6,24
14,8,2,2,12
14,8,2,3,24
14,8,2,4,77
14,8,2,6,72
14,8,2,7,24
14,8,3,0,4
14,8,3,1,12
14,8,3,4,7
14,8,3,7,31
14,8,4,0,7
14,8,4,2,0
14,8,4,4,15
14,8,5,0,0
14,8,5,1,0
14,8,5,2,4
14,8,5,6,19
14,8,5,7,12
14,8,6,0,0
14,8,6,4,4
14,8,6,5,15
14,8,7,1,0
14,8,7,2,0
14,8,7,7,19
15,8,0,0,19
15,8,0,2,43
15,8,0,6,19
15,8,1,1,0
15,8,1,3,69
15,8,1,4,53
15,8,1,5,81
15,8,1,6,15
15,8,2,0,0
15,8,2,1,0
15,8,2,2,24
15,8,2,7,31
15,8,3,1,7
15,8,3,3,19
15,8,3,4,27
15,8,3,6,50
15,8,4,1,12
15,8,4,2,0
15,8,4,3,31
15,8,4,4,12
15,8,4,5,43
15,8,4,6,15
15,8,5,1,0
15,8,5,2,4
15,8,5,3,15
15,8,5,4,0
15,8,5,6,19
15,8,6,1,0
15,8,6,4,12
15,8,6,5,4
15,8,6,6,0
15,8,6,7,24
15,8,7,1,0
15,8,7,2,0
15,8,7,4,0
16,8,0,0,0
16,8,0,3,53
16,8,0,5,53
16,8,0,6,12
16,8,0,7,24
16,8,1,0,7
16,8,1,1,12
16,8,1,2,12
16,8,1,5,31
16,8,1,7,24
16,8,2,1,31
16,8,2,5,31
16,8,2,6,50
16,8,2,7,24
16,8,3,2,31
16,8,3,3,31
16,8,3,6,24
16,8,4,2,0
16,8,4,3,34
16,8,4,4,7
16,8,4,5,34
16,8,4,6,27
16,8,5,0,0
16,8,6,2,31
16,8,6,3,4
16,8,6,4,7
16,8,6,6,31
16,8,6,7,0
16,8,7,1,0
16,8,7,2,0
16,8,7,3,4
16,8,7,4,19
16,8,7,7,4
17,8,0,0,0
17,8,0,2,28
17,8,0,3,33
17,8,0,4,45
17,8,0,6,33
17,8,1,3,73
17,8,1,4,8
17,8,2,0,0
17,8,2,1,0
17,8,2,2,5
17,8,2,5,28
17,8,2,6,12
17,8,2,7,53
17,8,3,0,0
17,8,3,2,5
17,8,3,3,33
17,8,3,4,40
17,8,3,5,25
17,8,3,6,85
17,8,3,7,20
17,8,4,0,0
17,8,4,3,20
17,8,4,4,25
17,8,4,5,33
17,8,5,1,16
17,8,5,2,0
17,8,5,4,25
17,8,5,5,16
17,8,5,6,36
17,8,6,0,0
17,8,6,1,12
17,8,6,4,5
17,8,6,5,33
17,8,6,6,0
17,8,7,0,0
17,8,7,1,0
17,8,7,2,0
17,8,7,4,20
17,8,7,5,5
17,8,7,7,5
18,8,0,0,0
18,8,0,4,20
18,8,0,5,20
18,8,0,6,25
18,8,0,7,33
18,8,1,0,0
18,8,1,1,5
18,8,1,2,20
18,8,1,3,61
18,8,1,5,25
18,8,1,6,28
18,8,1,7,40
18,8,2,1,0
18,8,2,4,53
18,8,2,6,28
18,8,3,0,0
18,8,3,1,0
18,8,3,2,0
18,8,3,5,56
18,8,3,7,25
18,8,4,1,8
18,8,4,2,0
18,8,4,3,25
18,8,4,7,40
18,8,5,0,0
18,8,5,1,0
18,8,5,5,81
18,8,5,6,5
18,8,5,7,12
18,8,6,1,0
18,8,6,6,8
18,8,6,7,25
18,8,7,0,5
18,8,7,1,0
18,8,7,3,0
18,8,7,4,0
18,8,7,5,8
18,8,7,7,0
19,8,0,0,0
19,8,0,1,8
19,8,0,2,12
19,8,0,6,12
19,8,1,1,0
19,8,1,3,28
19,8,1,4,5
19,8,2,0,0
19,8,2,2,0
19,8,2,6,56
19,8,2,7,61
19,8,3,0,0
19,8,3,1,5
19,8,3,4,20
19,8,4,1,8
19,8,4,2,0
19,8,4,3,36
19,8,4,4,20
19,8,4,5,25
19,8,5,0,0
19,8,5,1,0
19,8,5,5,48
19,8,5,7,20
19,8,6,0,0
19,8,6,1,0
19,8,6,2,5
19,8,6,3,16
19,8,6,4,8
19,8,6,6,8
19,8,6,7,33
19,8,7,0,0
19,8,7,1,0
19,8,7,2,0
19,8,7,3,0
19,8,7,4,0
19,8,7,7,8
20,8,0,0,12
20,8,0,1,0
20,8,0,2,12
20,8,0,3,12
20,8,0,5,20
20,8,0,6,36
20,8,0,7,33
20,8,1,1,0
20,8,1,2,12
20,8,1,4,16
20,8,1,5,25
20,8,2,0,0
20,8,2,1,0
20,8,2,3,16
20,8,2,4,16
20,8,2,5,25
20,8,3,0,0
20,8,3,1,0
20,8,3,5,16
20,8,3,6,16
20,8,4,0,0
20,8,4,1,20
20,8,4,2,0
20,8,4,3,53
20,8,4,5,33
20,8,4,6,8
20,8,4,7,33
20,8,5,1,0
20,8,5,2,5
20,8,6,0,0
20,8,6,1,0
20,8,6,2,0
20,8,6,3,0
20,8,6,4,8
20,8,6,5,0
20,8,6,6,0
20,8,7,0,0
20,8,7,1,0
20,8,7,3,0
20,8,7,5,5
21,8,0,1,8
21,8,0,4,5
21,8,0,5,28
21,8,1,2,12
21,8,1,3,16
21,8,1,4,0
21,8,1,5,20
21,8,1,6,5
21,8,1,7,8
21,8,2,0,0
21,8,2,1,5
21,8,2,2,5
21,8,2,6,16
21,8,3,0,0
21,8,3,1,0
21,8,3,2,0
21,8,3,3,8
21,8,3,5,12
21,8,3,6,12
21,8,3,7,12
21,8,4,3,33
21,8,4,5,20
21,8,4,6,5
21,8,4,7,16
21,8,5,0,0
21,8,5,2,0
21,8,5,3,8
21,8,5,5,12
21,8,6,1,0
21,8,6,2,0
21,8,6,3,0
21,8,6,4,0
21,8,6,6,0
21,8,7,4,5
21,8,7,5,5
22,8,0,0,0
22,8,0,1,5
22,8,0,5,12
22,8,0,6,0
22,8,1,1,0
22,8,1,2,8
22,8,1,3,8
22,8,1,4,0
22,8,1,5,5
22,8,1,7,5
22,8,2,0,0
22,8,2,1,0
22,8,2,2,12
22,8,2,3,8
22,8,2,7,5
22,8,3,0,0
22,8,3,1,0
22,8,3,2,0
22,8,3,3,5
22,8,3,5,12
22,8,4,0,0
22,8,4,1,5
22,8,4,2,0
22,8,4,3,5
22,8,4,4,5
22,8,5,0,0
22,8,5,1,0
22,8,5,3,0
22,8,5,4,8
22,8,5,5,8
22,8,5,6,0
22,8,5,7,0
22,8,6,2,0
22,8,6,3,0
22,8,6,4,0
22,8,6,5,5
22,8,6,7,5
22,8,7,0,0
22,8,7,1,0
22,8,7,2,0
22,8,7,4,0
22,8,7,5,0
22,8,7,7,0
23,8,0,2,0
23,8,0,4,0
23,8,0,5,8
23,8,0,7,5
23,8,1,0,0
23,8,1,1,0
23,8,1,2,0
23,8,1,5,0
23,8,1,6,5
23,8,2,2,0
23,8,2,3,0
23,8,2,4,0
23,8,2,7,5
23,8,3,0,0
23,8,3,2,5
23,8,3,4,5
23,8,3,6,0
23,8,3,7,0
23,8,4,0,0
23,8,4,1,0
23,8,4,2,0
23,8,4,5,0
23,8,4,6,0
23,8,5,1,0
23,8,5,2,0
23,8,5,5,0
23,8,5,6,0
23,8,5,7,8
23,8,6,0,0
23,8,6,3,0
23,8,6,5,0
23,8,6,7,0
23,8,7,0,0
23,8,7,1,0
23,8,7,2,0
23,8,7,4,0
0,9,0,3,0
0,9,0,4,0
0,9,0,5,0
0,9,0,6,0
0,9,1,0,0
0,9,1,1,0
0,9,1,2,0
0,9,1,4,0
0,9,1,5,0
0,9,1,6,0
0,9,2,1,0
0,9,2,2,0
0,9,2,3,0
0,9,2,6,0
0,9,3,2,0
0,9,3,3,0
0,9,3,4,0
0,9,3,5,5
0,9,3,6,0
0,9,3,7,8
0,9,4,0,5
0,9,4,1,0
0,9,4,2,0
0,9,4,3,20
0,9,4,4,0
0,9,4,5,5
0,9,4,7,0
0,9,5,4,0
0,9,5,5,0
0,9,5,6,0
0,9,5,7,0
0,9,6,1,0
0,9,6,2,0
0,9,6,4,5
0,9,6,7,0
0,9,7,0,0
0,9,7,1,0
0,9,7,3,0
0,9,7,6,0
0,9,7,7,0
1,9,0,1,0
1,9,0,3,0
1,9,0,6,0
1,9,1,2,0
1,9,1,3,0
1,9,1,4,5
1,9,1,6,0
1,9,1,7,0
1,9,2,1,0
1,9,2,3,0
1,9,2,4,0
1,9,2,7,0
1,9,3,0,0
1,9,3,1,0
1,9,3,2,0
1,9,3,5,0
1,9,3,7,0
1,9,4,0,0
1,9,4,1,12
1,9,4,2,0
1,9,4,3,0
1,9,4,6,0
1,9,4,7,0
1,9,5,0,0
1,9,5,1,0
1,9,5,2,0
1,9,5,3,0
1,9,5,4,5
1,9,5,7,0
1,9,6,2,0
1,9,6,3,0
1,9,6,4,0
1,9,6,5,0
1,9,6,6,0
1,9,6,7,0
1,9,7,1,0
1,9,7,5,0
1,9,7,6,0
1,9,7,7,0
2,9,0,0,0
2,9,0,1,0
2,9,0,2,0
2,9,0,4,5
2,9,0,6,0
2,9,0,7,0
2,9,1,1,0
2,9,1,2,0
2,9,1,3,8
2,9,1,4,0
2,9,1,7,0
2,9,2,0,0
2,9,2,1,0
2,9,2,2,8
2,9,2,7,0
2,9,3,1,0
2,9,3,3,0
2,9,3,4,0
2,9,3,6,0
2,9,3,7,5
2,9,4,0,0
2,9,4,1,0
2,9,4,2,0
2,9,4,6,0
2,9,5,0,0
2,9,5,1,0
2,9,5,2,0
2,9,5,3,0
2,9,5,4,0
2,9,5,5,0
2,9,5,6,0
2,9,5,7,8
2,9,6,0,0
2,9,6,1,0
2,9,6,4,0
2,9,6,5,5
2,9,6,6,0
2,9,7,0,0
2,9,7,3,0
2,9,7,4,0
2,9,7,6,5
2,9,7,7,0
3,9,0,1,0
3,9,0,2,16
3,9,0,5,5
3,9,1,0,0
3,9,1,1,12
3,9,1,2,25
3,9,1,5,5
3,9,1,7,12
3,9,2,0,0
3,9,2,1,5
3,9,2,3,16
3,9,2,4,12
3,9,2,5,28
3,9,2,6,5
3,9,3,0,0
3,9,3,3,8
3,9,3,4,12
3,9,3,5,25
3,9,3,6,8
3,9,3,7,8
3,9,4,1,5
3,9,4,3,0
3,9,4,6,16
3,9,4,7,8
3,9,5,1,0
3,9,5,5,5
3,9,5,6,0
3,9,5,7,0
3,9,6,0,0
3,9,6,1,0
3,9,6,2,0
3,9,6,3,0
3,9,6,6,0
3,9,6,7,5
3,9,7,0,0
3,9,7,6,0
4,9,0,4,20
4,9,0,5,8
4,9,0,6,20
4,9,1,0,0
4,9,1,3,53
4,9,1,4,5
4,9,1,6,45
4,9,2,0,0
4,9,2,1,5
4,9,2,2,28
4,9,2,5,28
4,9,3,1,5
4,9,3,2,12
4,9,3,4,45
4,9,3,6,48
4,9,3,7,45
4,9,4,0,0
4,9,4,3,12
4,9,4,4,36
4,9,4,5,25
4,9,4,7,40
4,9,5,2,0
4,9,5,3,0
4,9,5,5,8
4,9,5,6,33
4,9,6,0,0
4,9,6,3,0
4,9,6,4,0
4,9,7,1,0
4,9,7,4,12
4,9,7,7,0
5,9,0,3,53
5,9,0,4,25
5,9,0,5,28
5,9,1,2,8
5,9,1,4,40
5,9,1,5,56
5,9,1,6,25
5,9,1,7,36
5,9,2,0,5
5,9,2,1,0
5,9,2,2,56
5,9,2,3,169
5,9,2,5,56
5,9,2,6,28
5,9,2,7,25
5,9,3,4,101
5,9,3,5,48
5,9,3,7,12
5,9,4,2,0
5,9,4,3,8
5,9,4,4,282
5,9,4,5,36
5,9,4,6,20
5,9,4,7,48
5,9,5,1,0
5,9,5,6,214
5,9,6,1,0
5,9,6,7,28
5,9,7,1,0
5,9,7,2,0
5,9,7,4,0
5,9,7,5,12
5,9,7,6,5
5,9,7,7,20
6,9,0,0,16
6,9,0,5,85
6,9,0,7,65
6,9,1,1,5
6,9,1,3,61
6,9,1,6,61
6,9,2,0,0
6,9,2,5,61
6,9,2,6,65
6,9,2,7,8
6,9,3,0,0
6,9,3,2,12
6,9,3,4,113
6,9,3,5,20
6,9,3,7,28
6,9,4,0,0
6,9,4,1,16
6,9,4,2,81
6,9,4,3,28
6,9,4,4,40
6,9,4,5,61
6,9,4,6,8
6,9,5,0,0
6,9,5,3,0
6,9,5,4,40
6,9,5,5,48
6,9,5,6,12
6,9,6,2,0
6,9,6,4,16
6,9,6,7,5
6,9,7,0,0
6,9,7,1,0
6,9,7,2,0
6,9,7,5,5
6,9,7,7,0
7,9,0,1,16
7,9,0,2,12
7,9,0,4,68
7,9,0,5,96
7,9,0,6,109
7,9,0,7,166
7,9,1,0,0
7,9,1,1,0
7,9,1,2,33
7,9,1,3,65
7,9,1,4,12
7,9,1,5,56
7,9,1,7,40
7,9,2,4,146
7,9,2,6,76
7,9,2,7,56
7,9,3,0,0
7,9,3,2,20
7,9,3,3,48
7,9,3,5,33
7,9,3,6,88
7,9,3,7,68
7,9,4,0,0
7,9,4,2,0
7,9,4,4,169
7,9,5,1,0
7,9,5,2,0
7,9,5,3,16
7,9,5,4,8
7,9,5,5,65
7,9,5,6,12
7,9,6,0,0
7,9,6,2,0
7,9,6,5,16
7,9,6,6,20
7,9,7,0,0
7,9,7,1,0
7,9,7,3,5
7,9,7,4,0
7,9,7,5,0
8,9,0,1,0
8,9,0,2,295
8,9,0,3,93
8,9,0,4,25
8,9,0,6,88
8,9,0,7,53
8,9,1,2,93
8,9,1,3,149
8,9,1,4,68
8,9,1,5,169
8,9,1,6,45
8,9,2,1,0
8,9,2,2,16
8,9,2,3,36
8,9,2,4,61
8,9,2,7,36
8,9,3,0,0
8,9,3,1,12
8,9,3,5,45
8,9,3,6,48
8,9,3,7,33
8,9,4,1,8
8,9,4,3,5
8,9,4,4,36
8,9,4,7,16
8,9,5,0,0
8,9,5,2,0
8,9,5,5,76
8,9,5,7,5
8,9,6,1,0
8,9,6,2,0
8,9,6,3,0
8,9,6,4,20
8,9,6,5,16
8,9,6,6,16
8,9,6,7,12
8,9,7,0,0
8,9,7,1,0
8,9,7,2,0
8,9,7,3,8
8,9,7,4,0
8,9,7,5,5
8,9,7,7,5
9,9,0,0,12
9,9,0,3,45
9,9,0,4,33
9,9,0,5,68
9,9,0,7,25
9,9,1,0,0
9,9,1,2,56
9,9,1,3,149
9,9,1,5,149
9,9,1,7,56
9,9,2,1,0
9,9,2,3,177
9,9,2,4,154
9,9,2,5,45
9,9,2,7,56
9,9,3,0,0
9,9,3,4,68
9,9,3,5,88
9,9,4,3,12
9,9,4,4,40
9,9,4,5,209
9,9,4,6,126
9,9,4,7,48
9,9,5,0,0
9,9,5,3,25
9,9,5,4,12
9,9,5,6,141
9,9,6,2,0
9,9,6,6,0
9,9,6,7,8
9,9,7,0,0
9,9,7,1,0
9,9,7,2,0
9,9,7,4,16
9,9,7,5,5
9,9,7,6,8
10,9,0,0,28
10,9,0,3,36
10,9,0,4,28
10,9,0,5,61
10,9,0,7,93
10,9,1,0,0
10,9,1,1,5
10,9,1,3,93
10,9,1,4,20
10,9,1,5,154
10,9,1,6,85
10,9,2,0,0
10,9,2,3,56
10,9,2,4,101
10,9,2,6,177
10,9,3,0,8
10,9,3,1,0
10,9,3,2,25
10,9,3,3,93
10,9,3,5,222
10,9,3,6,166
10,9,3,7,12
10,9,4,0,8
10,9,4,1,0
10,9,4,3,20
10,9,4,6,250
10,9,4,7,85
10,9,5,4,8
10,9,5,6,217
10,9,5,7,157
10,9,6,2,0
10,9,6,4,8
10,9,7,0,0
10,9,7,2,0
10,9,7,6,5
11,9,0,0,88
11,9,0,1,0
11,9,0,2,20
11,9,0,4,36
11,9,0,5,154
11,9,0,7,88
11,9,1,1,8
11,9,1,3,61
11,9,1,5,105
11,9,1,6,121
11,9,2,1,0
11,9,2,4,116
11,9,2,6,149
11,9,2,7,40
11,9,3,0,8
11,9,3,2,5
11,9,3,6,290
11,9,3,7,45
11,9,4,0,0
11,9,4,3,36
11,9,4,6,287
11,9,4,7,177
11,9,5,0,0
11,9,5,1,5
11,9,5,2,12
11,9,5,3,8
11,9,5,5,81
11,9,5,6,247
11,9,5,7,45
11,9,6,0,0
11,9,6,1,0
11,9,6,2,0
11,9,6,5,16
11,9,6,6,16
11,9,7,0,0
11,9,7,2,0
11,9,7,3,0
11,9,7,4,28
11,9,7,6,12
11,9,7,7,5
12,9,0,0,8
12,9,0,2,25
12,9,0,3,109
12,9,0,4,53
12,9,1,0,0
12,9,1,1,5
12,9,1,3,76
12,9,1,4,40
12,9,1,5,182
12,9,1,7,76
12,9,2,0,0
12,9,2,3,93
12,9,2,4,68
12,9,2,5,174
12,9,2,6,379
12,9,3,0,0
12,9,3,5,496
12,9,3,7,504
12,9,4,0,0
12,9,4,6,408
12,9,4,7,137
12,9,5,0,0
12,9,5,1,0
12,9,5,3,8
12,9,5,4,16
12,9,5,6,154
12,9,6,3,12
12,9,6,5,12
12,9,6,6,33
12,9,6,7,61
12,9,7,0,0
12,9,7,2,0
12,9,7,5,5
12,9,7,7,5
13,9,0,1,0
13,9,0,4,56
13,9,0,5,76
13,9,1,1,5
13,9,1,4,81
13,9,1,5,174
13,9,1,7,93
13,9,2,1,0
13,9,2,5,234
13,9,2,6,399
13,9,2,7,76
13,9,3,1,16
13,9,3,2,8
13,9,3,4,33
13,9,3,7,68
13,9,4,1,12
13,9,4,2,0
13,9,4,3,12
13,9,4,4,28
13,9,4,6,287
13,9,5,1,16
13,9,5,2,12
13,9,5,3,12
13,9,5,4,36
13,9,5,6,323
13,9,5,7,25
13,9,6,2,0
13,9,6,3,0
13,9,6,5,16
13,9,7,2,0
13,9,7,3,20
13,9,7,4,0
13,9,7,6,5
13,9,7,7,0
14,9,0,0,36
14,9,0,3,25
14,9,0,5,109
14,9,0,6,174
14,9,1,0,0
14,9,1,1,0
14,9,1,2,65
14,9,1,4,36
14,9,1,7,65
14,9,2,2,25
14,9,2,4,76
14,9,2,7,40
14,9,3,2,5
14,9,3,4,73
14,9,3,5,371
14,9,4,1,5
14,9,4,2,0
14,9,4,4,56
14,9,4,5,105
14,9,5,1,0
14,9,5,2,12
14,9,5,3,25
14,9,5,5,85
14,9,5,6,448
14,9,6,0,0
14,9,6,1,8
14,9,6,3,0
14,9,6,4,28
14,9,7,0,0
14,9,7,2,5
14,9,7,4,5
14,9,7,7,12
15,9,0,0,5
15,9,0,1,12
15,9,0,2,33
15,9,0,5,93
15,9,1,2,56
15,9,1,6,154
15,9,2,1,0
15,9,3,0,0
15,9,3,1,33
15,9,3,3,36
15,9,3,5,234
15,9,3,6,323
15,9,4,0,0
15,9,4,1,0
15,9,4,5,161
15,9,4,7,16
15,9,5,0,0
15,9,5,2,0
15,9,5,3,5
15,9,5,4,16
15,9,6,1,0
15,9,6,5,53
15,9,6,7,85
15,9,7,0,0
15,9,7,4,12
15,9,7,5,5
15,9,7,6,5
16,9,0,1,16
16,9,0,4,56
16,9,0,6,96
16,9,0,7,73
16,9,1,1,5
16,9,1,4,20
16,9,1,5,154
16,9,1,6,40
16,9,1,7,28
16,9,2,2,16
16,9,2,3,68
16,9,2,4,36
16,9,2,6,68
16,9,2,7,40
16,9,3,5,76
16,9,3,6,85
16,9,3,7,48
16,9,4,0,0
16,9,4,2,0
16,9,4,5,65
16,9,4,7,25
16,9,5,0,0
16,9,5,3,12
16,9,5,4,12
16,9,5,5,40
16,9,6,3,5
16,9,6,4,16
16,9,6,5,5
16,9,7,1,0
16,9,7,2,0
16,9,7,3,0
16,9,7,4,5
16,9,7,6,5
17,9,0,0,42
17,9,0,3,64
17,9,0,5,29
17,9,0,6,47
17,9,0,7,42
17,9,1,0,0
17,9,1,1,5
17,9,1,5,55
17,9,2,0,0
17,9,2,2,16
17,9,2,7,29
17,9,3,2,37
17,9,3,5,64
17,9,3,6,85
17,9,3,7,13
17,9,4,0,0
17,9,4,3,13
17,9,4,4,8
17,9,4,5,85
17,9,4,7,16
17,9,5,0,0
17,9,5,2,0
17,9,5,4,13
17,9,5,5,80
17,9,6,0,0
17,9,6,2,0
17,9,6,3,0
17,9,6,4,8
17,9,6,5,26
17,9,6,6,5
17,9,7,0,0
17,9,7,1,0
17,9,7,2,0
17,9,7,3,13
17,9,7,4,5
17,9,7,5,8
18,9,0,0,8
18,9,0,1,5
18,9,0,2,21
18,9,0,4,21
18,9,0,5,34
18,9,0,6,64
18,9,1,0,5
18,9,1,1,5
18,9,1,3,64
18,9,1,5,47
18,9,1,7,50
18,9,2,0,0
18,9,2,3,42
18,9,2,4,34
18,9,2,5,37
18,9,3,1,0
18,9,3,3,26
18,9,3,5,50
18,9,3,6,47
18,9,3,7,34
18,9,4,0,0
18,9,4,1,0
18,9,4,2,0
18,9,4,3,34
18,9,4,4,16
18,9,4,5,29
18,9,4,6,37
18,9,5,0,0
18,9,5,6,13
18,9,5,7,26
18,9,6,1,0
18,9,6,3,0
18,9,6,4,0
18,9,6,7,0
18,9,7,0,0
18,9,7,1,0
18,9,7,3,0
18,9,7,5,0
18,9,7,6,0
18,9,7,7,0
19,9,0,0,0
19,9,0,1,8
19,9,0,3,26
19,9,0,5,13
19,9,0,6,93
19,9,0,7,16
19,9,1,0,0
19,9,1,1,5
19,9,1,2,16
19,9,1,3,42
19,9,1,4,5
19,9,1,5,29
19,9,1,6,26
19,9,1,7,59
19,9,2,0,5
19,9,2,1,0
19,9,2,3,37
19,9,2,4,16
19,9,2,5,64
19,9,2,7,26
19,9,3,0,0
19,9,3,2,5
19,9,3,3,13
19,9,3,4,8
19,9,3,5,50
19,9,4,0,0
19,9,4,2,0
19,9,4,3,26
19,9,4,4,16
19,9,4,6,16
19,9,4,7,16
19,9,5,1,0
19,9,5,2,5
19,9,5,3,0
19,9,5,5,21
19,9,5,6,8
19,9,5,7,21
19,9,6,1,0
19,9,6,2,0
19,9,6,3,0
19,9,6,5,5
19,9,7,0,0
19,9,7,1,0
19,9,7,4,5
19,9,7,5,5
19,9,7,6,5
19,9,7,7,5
20,9,0,1,5
20,9,0,2,5
20,9,0,3,29
20,9,0,4,13
20,9,0,5,34
20,9,1,0,0
20,9,1,2,8
20,9,1,3,21
20,9,1,6,8
20,9,2,1,0
20,9,2,2,13
20,9,2,3,8
20,9,2,4,16
20,9,2,6,26
20,9,3,0,0
20,9,3,2,5
20,9,3,3,55
20,9,3,4,29
20,9,3,5,16
20,9,3,6,16
20,9,4,0,0
20,9,4,2,0
20,9,4,4,16
20,9,4,5,26
20,9,5,0,0
20,9,5,2,5
20,9,5,3,8
20,9,5,4,26
20,9,5,6,16
20,9,6,2,0
20,9,6,3,13
20,9,6,5,8
20,9,6,6,0
20,9,6,7,8
20,9,7,2,0
20,9,7,3,5
20,9,7,4,0
20,9,7,5,13
20,9,7,6,5
21,9,0,1,0
21,9,0,2,8
21,9,0,4,21
21,9,0,5,0
21,9,0,7,8
21,9,1,1,0
21,9,1,2,13
21,9,1,3,13
21,9,1,6,5
21,9,2,0,0
21,9,2,2,5
21,9,2,3,8
21,9,2,4,5
21,9,2,5,8
21,9,2,6,29
21,9,3,1,5
21,9,3,4,13
21,9,3,5,21
21,9,3,7,0
21,9,4,4,16
21,9,4,5,37
21,9,4,7,13
21,9,5,0,0
21,9,5,1,0
21,9,5,5,13
21,9,5,6,5
21,9,6,4,0
21,9,6,5,5
21,9,6,6,5
21,9,6,7,16
21,9,7,1,0
22,9,0,0,0
22,9,0,2,13
22,9,0,4,8
22,9,0,6,5
22,9,1,0,0
22,9,1,2,0
22,9,1,4,5
22,9,1,5,16
22,9,1,7,5
22,9,2,1,0
22,9,2,2,8
22,9,2,3,21
22,9,2,4,5
22,9,2,5,0
22,9,2,6,0
22,9,2,7,8
22,9,3,0,0
22,9,3,1,0
22,9,3,2,0
22,9,3,4,5
22,9,3,5,8
22,9,4,0,0
22,9,4,4,21
22,9,4,7,8
22,9,5,1,0
22,9,5,2,0
22,9,5,3,0
22,9,5,5,47
22,9,5,6,0
22,9,5,7,5
22,9,6,0,0
22,9,6,1,0
22,9,6,2,0
22,9,6,3,0
22,9,6,4,0
22,9,6,6,5
22,9,6,7,0
22,9,7,0,0
22,9,7,5,5
23,9,0,0,0
23,9,0,1,0
23,9,0,5,0
23,9,1,1,0
23,9,1,3,8
23,9,1,5,5
23,9,1,6,0
23,9,1,7,0
23,9,2,4,5
23,9,2,6,5
23,9,2,7,0
23,9,3,2,0
23,9,3,3,0
23,9,3,4,0
23,9,3,7,5
23,9,4,0,0
23,9,4,1,0
23,9,4,5,5
23,9,4,6,13
23,9,4,7,5
23,9,5,0,0
23,9,5,1,0
23,9,5,2,0
23,9,5,3,5
23,9,5,4,5
23,9,5,6,0
23,9,6,1,0
23,9,6,2,0
23,9,6,3,5
23,9,6,4,0
23,9,6,6,0
23,9,6,7,0
23,9,7,0,0
23,9,7,4,0
23,9,7,5,0
23,9,7,6,0
0,10,0,0,0
0,10,0,1,0
0,10,0,2,0
0,10,0,5,0
0,10,0,6,0
0,10,0,7,0
0,10,1,0,0
0,10,1,1,0
0,10,1,3,0
0,10,1,4,5
0,10,1,7,0
0,10,2,0,0
0,10,2,1,0
0,10,2,3,0
0,10,2,6,0
0,10,3,1,0
0,10,3,2,0
0,10,3,3,0
0,10,3,6,5
0,10,4,0,0
0,10,4,1,0
0,10,4,2,0
0,10,4,3,5
0,10,4,5,153
0,10,5,0,0
0,10,5,2,0
0,10,5,3,0
0,10,5,6,0
0,10,5,7,0
0,10,6,0,0
0,10,6,1,0
0,10,6,2,0
0,10,6,4,0
0,10,6,5,0
0,10,6,6,0
0,10,6,7,13
0,10,7,0,0
0,10,7,1,0
0,10,7,4,0
0,10,7,5,0
0,10,7,6,0
0,10,7,7,0
1,10,0,0,13
1,10,0,1,0
1,10,0,2,0
1,10,0,3,5
1,10,0,4,5
1,10,1,0,0
1,10,1,1,0
1,10,1,2,5
1,10,1,3,5
1,10,2,0,0
1,10,2,1,0
1,10,2,2,0
1,10,2,3,5
1,10,2,4,8
1,10,2,6,0
1,10,2,7,0
1,10,3,0,0
1,10,3,1,0
1,10,3,2,0
1,10,3,3,0
1,10,3,5,5
1,10,3,7,0
1,10,4,0,0
1,10,4,4,0
1,10,4,5,8
1,10,5,0,0
1,10,5,1,0
1,10,5,3,0
1,10,5,4,0
1,10,6,0,0
1,10,6,1,0
1,10,6,6,0
1,10,6,7,0
1,10,7,0,0
1,10,7,1,0
1,10,7,2,0
2,10,0,0,5
2,10,0,1,59
2,10,0,3,8
2,10,0,4,16
2,10,0,6,5
2,10,0,7,5
2,10,1,1,0
2,10,1,2,0
2,10,1,3,0
2,10,1,4,0
2,10,1,5,0
2,10,1,6,16
2,10,1,7,5
2,10,2,0,0
2,10,2,2,0
2,10,2,3,0
2,10,2,4,0
2,10,2,7,5
2,10,3,2,5
2,10,3,3,16
2,10,3,5,13
2,10,3,6,8
2,10,3,7,0
2,10,4,0,0
2,10,4,2,0
2,10,4,5,8
2,10,4,6,5
2,10,4,7,0
2,10,5,3,0
2,10,5,6,0
2,10,5,7,5
2,10,6,0,0
2,10,6,1,0
2,10,6,2,0
2,10,6,3,0
2,10,6,5,0
2,10,6,6,0
2,10,7,2,0
2,10,7,4,8
2,10,7,5,0
2,10,7,6,0
2,10,7,7,0
3,10,0,3,8
3,10,1,0,0
3,10,1,1,0
3,10,1,2,5
3,10,1,4,5
3,10,1,5,0
3,10,1,6,5
3,10,2,1,0
3,10,2,2,5
3,10,2,3,8
3,10,2,4,0
3,10,2,5,13
3,10,2,6,0
3,10,3,0,0
3,10,3,1,0
3,10,3,5,8
3,10,3,6,5
3,10,3,7,0
3,10,4,1,0
3,10,4,4,0
3,10,4,5,16
3,10,4,6,0
3,10,4,7,0
3,10,5,0,0
3,10,5,1,0
3,10,5,4,0
3,10,5,5,0
3,10,5,6,0
3,10,5,7,0
3,10,6,0,0
3,10,6,1,0
3,10,6,3,0
3,10,6,4,0
3,10,6,5,0
3,10,6,6,0
3,10,6,7,0
3,10,7,0,0
3,10,7,1,0
3,10,7,2,0
3,10,7,3,0
3,10,7,4,0
3,10,7,6,0
4,10,0,0,0
4,10,0,2,5
4,10,0,5,0
4,10,0,6,0
4,10,1,2,5
4,10,1,3,5
4,10,1,4,5
4,10,1,5,13
4,10,1,6,5
4,10,1,7,5
4,10,2,3,5
4,10,2,5,8
4,10,2,7,8
4,10,3,2,0
4,10,3,5,16
4,10,3,6,0
4,10,4,0,0
4,10,4,2,0
4,10,4,3,0
4,10,4,6,0
4,10,4,7,0
4,10,5,1,0
4,10,5,3,0
4,10,5,5,0
4,10,5,7,0
4,10,6,2,0
4,10,6,3,0
4,10,6,4,0
4,10,6,7,0
4,10,7,0,0
4,10,7,1,0
4,10,7,3,0
4,10,7,4,0
4,10,7,5,13
5,10,0,0,0
5,10,0,2,8
5,10,0,3,5
5,10,0,4,8
5,10,0,5,8
5,10,0,7,8
5,10,1,0,0
5,10,1,3,13
5,10,1,5,5
5,10,1,6,5
5,10,2,0,0
5,10,2,2,5
5,10,2,3,21
5,10,2,4,8
5,10,2,5,21
5,10,3,1,0
5,10,3,3,13
5,10,3,4,5
5,10,4,0,0
5,10,4,1,0
5,10,4,2,0
5,10,4,4,5
5,10,4,5,5
5,10,4,6,0
5,10,4,7,13
5,10,5,1,0
5,10,5,2,0
5,10,5,3,0
5,10,5,6,0
5,10,6,1,0
5,10,6,2,0
5,10,6,4,0
5,10,6,5,8
5,10,6,6,0
5,10,6,7,5
5,10,7,0,0
5,10,7,1,0
5,10,7,3,0
5,10,7,4,0
5,10,7,5,21
5,10,7,6,0
5,10,7,7,0
6,10,0,0,8
6,10,0,4,8
6,10,0,6,8
6,10,0,7,0
6,10,1,5,16
6,10,1,6,5
6,10,1,7,8
6,10,2,1,5
6,10,2,3,26
6,10,2,4,5
6,10,2,6,26
6,10,2,7,13
6,10,3,0,0
6,10,3,2,5
6,10,3,3,5
6,10,3,5,8
6,10,3,6,21
6,10,4,5,26
6,10,4,6,5
6,10,4,7,5
6,10,5,2,0
6,10,5,3,5
6,10,5,7,5
6,10,6,0,0
6,10,6,2,0
6,10,6,6,0
6,10,7,0,0
6,10,7,2,0
6,10,7,3,0
6,10,7,4,13
6,10,7,5,0
6,10,7,6,0
7,10,0,2,13
7,10,0,5,34
7,10,0,7,8
7,10,1,0,0
7,10,1,3,29
7,10,1,4,26
7,10,1,6,13
7,10,2,1,5
7,10,2,2,0
7,10,2,3,16
7,10,2,4,29
7,10,2,5,37
7,10,2,6,26
7,10,2,7,13
7,10,3,1,5
7,10,3,4,21
7,10,3,5,16
7,10,3,7,13
7,10,4,0,0
7,10,4,1,29
7,10,4,5,55
7,10,4,6,8
7,10,5,3,0
7,10,5,4,26
7,10,6,0,0
7,10,6,2,0
7,10,6,3,0
7,10,6,4,13
7,10,6,5,16
7,10,6,6,0
7,10,6,7,8
7,10,7,1,0
7,10,7,2,0
7,10,7,4,5
8,10,0,0,13
8,10,0,1,5
8,10,0,2,13
8,10,0,3,42
8,10,0,4,13
8,10,0,5,21
8,10,0,6,13
8,10,0,7,16
8,10,1,1,5
8,10,1,2,16
8,10,1,3,21
8,10,1,4,16
8,10,1,6,0
8,10,2,0,0
8,10,2,1,0
8,10,2,3,34
8,10,2,4,21
8,10,2,5,16
8,10,2,7,34
8,10,3,0,5
8,10,3,1,5
8,10,3,2,21
8,10,3,3,8
8,10,3,5,29
8,10,3,7,21
8,10,4,2,0
8,10,4,3,26
8,10,4,5,26
8,10,4,6,13
8,10,5,0,5
8,10,5,1,0
8,10,5,4,0
8,10,5,5,26
8,10,5,6,26
8,10,6,2,5
8,10,6,3,0
8,10,6,4,0
8,10,6,5,8
8,10,7,0,0
8,10,7,2,0
8,10,7,4,5
9,10,0,1,0
9,10,0,2,8
9,10,0,3,16
9,10,0,4,0
9,10,0,5,8
9,10,0,7,34
9,10,1,0,0
9,10,1,3,68
9,10,1,5,26
9,10,1,6,5
9,10,1,7,21
9,10,2,1,29
9,10,2,2,26
9,10,2,3,8
9,10,2,4,29
9,10,2,6,37
9,10,2,7,68
9,10,3,0,0
9,10,3,1,8
9,10,3,2,0
9,10,3,3,21
9,10,3,4,34
9,10,3,5,16
9,10,3,7,21
9,10,4,0,0
9,10,4,1,16
9,10,4,2,0
9,10,4,3,47
9,10,4,5,16
9,10,4,6,29
9,10,4,7,16
9,10,5,0,0
9,10,5,3,5
9,10,5,5,16
9,10,5,6,13
9,10,5,7,13
9,10,6,2,0
9,10,6,3,0
9,10,6,4,0
9,10,6,5,5
9,10,6,6,16
9,10,6,7,34
9,10,7,0,0
9,10,7,2,0
9,10,7,4,0
9,10,7,5,5
9,10,7,6,8
10,10,0,6,34
10,10,0,7,21
10,10,1,3,47
10,10,1,4,8
10,10,1,5,29
10,10,1,6,26
10,10,1,7,16
10,10,2,0,0
10,10,2,1,0
10,10,2,2,8
10,10,2,4,21
10,10,2,5,13
10,10,2,6,50
10,10,2,7,34
10,10,3,0,0
10,10,3,1,5
10,10,3,4,13
10,10,4,0,8
10,10,4,1,0
10,10,4,2,0
10,10,4,4,26
10,10,4,6,8
10,10,5,1,0
10,10,5,3,0
10,10,5,5,26
10,10,6,0,0
10,10,6,2,0
10,10,6,3,0
10,10,6,5,21
10,10,7,1,0
10,10,7,2,0
10,10,7,3,8
11,10,0,0,5
11,10,0,1,5
11,10,0,2,13
11,10,0,5,16
11,10,0,6,21
11,10,1,3,13
11,10,1,4,8
11,10,1,5,34
11,10,1,7,13
11,10,2,0,8
11,10,2,1,8
11,10,2,2,5
11,10,2,3,47
11,10,2,4,26
11,10,2,5,16
11,10,2,6,26
11,10,3,0,0
11,10,3,1,5
11,10,3,2,13
11,10,3,4,13
11,10,3,6,26
11,10,4,1,8
11,10,4,2,0
11,10,4,3,29
11,10,4,6,0
11,10,4,7,47
11,10,5,0,0
11,10,5,1,0
11,10,5,2,0
11,10,5,3,5
11,10,5,5,21
11,10,5,7,37
11,10,6,0,0
11,10,6,4,13
11,10,6,5,16
11,10,6,6,0
11,10,6,7,13
11,10,7,0,0
11,10,7,4,13
11,10,7,5,5
11,10,7,6,5
11,10,7,7,5
12,10,0,0,5
12,10,0,2,34
12,10,0,4,5
12,10,0,5,16
12,10,0,6,26
12,10,1,0,5
12,10,1,2,26
12,10,1,5,16
12,10,1,6,16
12,10,1,7,13
12,10,2,0,0
12,10,2,1,0
12,10,2,2,13
12,10,2,3,16
12,10,2,6,8
12,10,2,7,26
12,10,3,0,13
12,10,3,1,16
12,10,3,2,29
12,10,3,3,16
12,10,3,4,47
12,10,3,6,29
12,10,3,7,29
12,10,4,0,0
12,10,4,1,8
12,10,4,4,16
12,10,4,5,50
12,10,5,2,5
12,10,5,4,8
12,10,5,5,34
12,10,5,6,16
12,10,5,7,13
12,10,6,0,0
12,10,6,1,0
12,10,6,4,0
12,10,6,6,16
12,10,6,7,16
12,10,7,1,0
12,10,7,2,0
12,10,7,3,0
12,10,7,4,0
12,10,7,5,0
12,10,7,6,0
12,10,7,7,13
13,10,0,0,16
13,10,0,4,42
13,10,0,5,64
13,10,0,6,34
13,10,0,7,42
13,10,1,0,8
13,10,1,1,8
13,10,1,3,29
13,10,1,4,13
13,10,1,6,16
13,10,2,0,5
13,10,2,2,21
13,10,2,4,42
13,10,2,6,64
13,10,2,7,37
13,10,3,0,0
13,10,3,1,0
13,10,3,3,34
13,10,3,4,29
13,10,3,5,16
13,10,4,0,8
13,10,4,2,0
13,10,4,4,21
13,10,4,5,55
13,10,4,6,16
13,10,4,7,21
13,10,5,1,8
13,10,5,2,5
13,10,5,4,8
13,10,5,5,64
13,10,5,6,5
13,10,6,2,0
13,10,6,3,13
13,10,6,4,0
13,10,6,5,21
13,10,6,6,5
13,10,6,7,0
13,10,7,0,0
13,10,7,1,0
13,10,7,2,0
13,10,7,3,0
13,10,7,5,5
13,10,7,6,13
14,10,0,2,42
14,10,0,3,64
14,10,0,5,21
14,10,0,6,77
14,10,1,0,0
14,10,1,1,5
14,10,1,2,34
14,10,1,4,34
14,10,1,6,34
14,10,1,7,90
14,10,2,0,0
14,10,2,1,8
14,10,2,2,34
14,10,2,5,55
14,10,3,0,0
14,10,3,5,50
14,10,3,6,47
14,10,3,7,29
14,10,4,3,16
14,10,4,4,64
14,10,4,5,68
14,10,4,7,21
14,10,5,0,0
14,10,5,1,21
14,10,5,2,0
14,10,5,5,21
14,10,5,7,29
14,10,6,0,0
14,10,6,1,0
14,10,6,2,5
14,10,6,3,13
14,10,6,4,13
14,10,6,5,16
14,10,7,2,0
14,10,7,6,13
14,10,7,7,0
15,10,0,0,5
15,10,0,1,0
15,10,0,2,55
15,10,0,4,16
15,10,1,0,0
15,10,1,1,0
15,10,1,2,50
15,10,1,3,68
15,10,1,6,29
15,10,1,7,72
15,10,2,0,0
15,10,2,2,26
15,10,2,7,42
15,10,3,1,5
15,10,3,2,0
15,10,3,3,42
15,10,3,4,59
15,10,3,5,55
15,10,3,6,47
15,10,3,7,42
15,10,4,0,0
15,10,4,1,8
15,10,4,3,16
15,10,4,4,80
15,10,4,5,37
15,10,4,6,47
15,10,4,7,29
15,10,5,2,8
15,10,5,4,13
15,10,5,5,42
15,10,5,6,8
15,10,6,0,0
15,10,6,2,0
15,10,6,5,26
15,10,6,7,0
15,10,7,1,0
15,10,7,2,0
15,10,7,3,0
15,10,7,5,13
16,10,0,0,0
16,10,0,1,5
16,10,0,2,37
16,10,0,4,13
16,10,0,6,34
16,10,0,7,26
16,10,1,0,0
16,10,1,2,50
16,10,1,3,90
16,10,1,4,13
16,10,1,6,59
16,10,1,7,26
16,10,2,0,26
16,10,2,2,34
16,10,2,4,29
16,10,2,5,55
16,10,2,6,34
16,10,3,0,0
16,10,3,1,8
16,10,3,3,21
16,10,3,5,47
16,10,3,6,21
16,10,3,7,26
16,10,4,1,13
16,10,4,2,0
16,10,4,3,85
16,10,4,5,21
16,10,5,0,0
16,10,5,1,5
16,10,5,2,0
16,10,5,4,21
16,10,5,7,21
16,10,6,1,0
16,10,6,2,0
16,10,6,3,8
16,10,6,5,13
16,10,7,1,0
16,10,7,2,0
16,10,7,6,16
16,10,7,7,0
17,10,0,1,17
17,10,0,4,39
17,10,0,5,39
17,10,1,2,27
17,10,1,3,103
17,10,1,4,9
17,10,1,5,17
17,10,1,7,44
17,10,2,0,0
17,10,2,1,0
17,10,2,3,27
17,10,2,5,31
17,10,2,6,36
17,10,3,1,5
17,10,3,2,9
17,10,3,3,50
17,10,3,4,39
17,10,3,6,39
17,10,4,0,0
17,10,4,1,58
17,10,4,4,31
17,10,4,6,31
17,10,5,1,0
17,10,5,4,0
17,10,5,5,44
17,10,5,7,17
17,10,6,0,0
17,10,6,2,0
17,10,6,3,0
17,10,6,4,5
17,10,6,7,5
17,10,7,0,0
17,10,7,2,0
17,10,7,3,0
17,10,7,4,0
17,10,7,6,0
18,10,0,0,5
18,10,0,2,14
18,10,0,3,50
18,10,0,5,44
18,10,0,7,31
18,10,1,0,0
18,10,1,4,0
18,10,1,5,84
18,10,1,7,44
18,10,2,0,0
18,10,2,1,5
18,10,2,2,36
18,10,2,3,39
18,10,2,7,58
18,10,3,0,0
18,10,3,1,9
18,10,3,3,14
18,10,3,5,39
18,10,3,6,31
18,10,3,7,27
18,10,4,1,5
18,10,4,4,58
18,10,4,6,5
18,10,4,7,22
18,10,5,1,0
18,10,5,3,9
18,10,5,4,27
18,10,5,5,27
18,10,5,7,14
18,10,6,0,0
18,10,6,2,5
18,10,6,5,22
18,10,7,0,0
18,10,7,1,0
18,10,7,2,0
18,10,7,3,0
18,10,7,4,27
18,10,7,7,0
19,10,0,0,0
19,10,0,1,5
19,10,0,2,27
19,10,0,4,22
19,10,0,5,62
19,10,0,6,31
19,10,1,0,0
19,10,1,1,5
19,10,1,2,5
19,10,1,4,9
19,10,1,7,27
19,10,2,0,0
19,10,2,2,17
19,10,2,3,58
19,10,2,4,39
19,10,2,5,14
19,10,2,7,31
19,10,3,0,0
19,10,3,2,9
19,10,3,5,50
19,10,3,6,27
19,10,3,7,22
19,10,4,0,0
19,10,4,2,9
19,10,4,3,44
19,10,4,4,9
19,10,4,5,22
19,10,4,6,14
19,10,4,7,22
19,10,5,0,0
19,10,5,2,14
19,10,5,3,17
19,10,5,6,5
19,10,5,7,5
19,10,6,1,0
19,10,6,2,0
19,10,6,4,17
19,10,6,5,5
19,10,7,0,0
19,10,7,4,0
19,10,7,5,5
19,10,7,7,31
20,10,0,0,0
20,10,0,1,14
20,10,0,3,9
20,10,0,4,17
20,10,0,5,14
20,10,0,7,5
20,10,1,2,14
20,10,1,3,44
20,10,1,5,9
20,10,1,6,5
20,10,2,0,0
20,10,2,1,5
20,10,2,2,17
20,10,2,4,14
20,10,2,5,5
20,10,2,6,17
20,10,3,0,0
20,10,3,1,5
20,10,3,3,22
20,10,3,4,22
20,10,3,5,50
20,10,3,6,44
20,10,3,7,50
20,10,4,0,0
20,10,5,0,0
20,10,5,1,0
20,10,5,2,5
20,10,5,3,17
20,10,5,4,14
20,10,5,6,17
20,10,5,7,31
20,10,6,1,0
20,10,6,3,5
20,10,6,4,17
20,10,6,5,14
20,10,6,6,0
20,10,7,0,0
20,10,7,2,5
21,10,0,0,9
21,10,0,1,0
21,10,0,2,14
21,10,0,3,0
21,10,0,4,0
21,10,0,5,22
21,10,0,6,17
21,10,0,7,5
21,10,1,0,0
21,10,1,2,5
21,10,1,5,22
21,10,1,6,14
21,10,1,7,14
21,10,2,0,0
21,10,2,1,5
21,10,2,3,14
21,10,3,1,0
21,10,3,2,0
21,10,3,3,9
21,10,3,5,9
21,10,3,6,14
21,10,3,7,17
21,10,4,5,9
21,10,4,7,14
21,10,5,0,0
21,10,5,1,0
21,10,5,4,0
21,10,5,7,17
21,10,6,0,0
21,10,6,1,0
21,10,6,3,0
21,10,7,1,0
21,10,7,3,0
21,10,7,4,5
22,10,0,1,0
22,10,0,2,5
22,10,0,3,0
22,10,0,4,5
22,10,0,5,9
22,10,0,6,5
22,10,0,7,17
22,10,1,0,0
22,10,1,3,0
22,10,1,4,0
22,10,1,5,5
22,10,1,6,0
22,10,2,0,0
22,10,2,1,0
22,10,2,3,14
22,10,2,5,5
22,10,2,6,5
22,10,3,1,0
22,10,3,4,0
22,10,3,7,0
22,10,4,0,0
22,10,4,3,14
22,10,4,5,9
22,10,4,6,0
22,10,5,0,0
22,10,5,1,0
22,10,5,2,0
22,10,5,3,0
22,10,5,6,5
22,10,6,0,0
22,10,6,2,0
22,10,6,6,0
22,10,6,7,5
22,10,7,0,0
22,10,7,1,0
22,10,7,2,0
22,10,7,3,5
22,10,7,4,0
22,10,7,5,0
22,10,7,6,0
23,10,0,0,0
23,10,0,1,0
23,10,0,2,0
23,10,0,3,0
23,10,0,4,0
23,10,0,5,0
23,10,0,6,0
23,10,0,7,5
23,10,1,0,0
23,10,1,1,0
23,10,1,3,14
23,10,1,6,14
23,10,1,7,0
23,10,2,0,0
23,10,2,1,0
23,10,2,3,0
23,10,2,5,0
23,10,2,6,5
23,10,2,7,0
23,10,3,2,0
23,10,3,3,5
23,10,3,4,0
23,10,3,5,0
23,10,4,0,0
23,10,4,1,0
23,10,4,3,9
23,10,4,4,9
23,10,4,5,0
23,10,4,6,0
23,10,4,7,0
23,10,5,0,0
23,10,5,1,0
23,10,5,2,0
23,10,5,4,0
23,10,5,5,5
23,10,6,3,5
23,10,6,4,0
23,10,6,5,5
23,10,6,6,0
23,10,7,3,0
23,10,7,4,0
23,10,7,6,5
0,11,0,0,0
0,11,0,2,0
0,11,0,3,0
0,11,0,5,0
0,11,0,6,0
0,11,0,7,17
0,11,1,0,0
0,11,1,1,0
0,11,1,2,0
0,11,1,3,0
0,11,1,5,14
0,11,1,7,0
0,11,2,0,0
0,11,2,1,0
0,11,2,3,5
0,11,2,5,9
0,11,2,6,0
0,11,2,7,0
0,11,3,0,0
0,11,3,1,0
0,11,3,4,5
0,11,3,5,0
0,11,3,6,0
0,11,3,7,0
0,11,4,0,0
0,11,4,1,0
0,11,4,4,5
0,11,4,5,0
0,11,5,0,0
0,11,5,1,0
0,11,5,6,0
0,11,5,7,0
0,11,6,0,0
0,11,6,1,5
0,11,6,7,5
0,11,7,1,0
0,11,7,2,0
0,11,7,6,0
0,11,7,7,0
1,11,0,0,0
1,11,0,2,0
1,11,0,3,0
1,11,0,4,5
1,11,0,7,0
1,11,1,0,0
1,11,1,2,0
1,11,1,5,0
1,11,1,7,0
1,11,2,0,0
1,11,2,2,0
1,11,2,5,0
1,11,2,7,0
1,11,3,2,0
1,11,3,3,5
1,11,3,4,0
1,11,3,6,0
1,11,3,7,9
1,11,4,2,0
1,11,4,3,5
1,11,4,4,0
1,11,4,6,0
1,11,4,7,5
1,11,5,0,0
1,11,5,2,0
1,11,5,3,5
1,11,5,4,0
1,11,6,0,0
1,11,6,1,0
1,11,6,2,0
1,11,6,7,0
1,11,7,1,0
1,11,7,2,0
1,11,7,3,0
1,11,7,4,0
1,11,7,6,9
1,11,7,7,0
2,11,0,1,0
2,11,0,3,0
2,11,0,6,0
2,11,1,3,5
2,11,1,5,0
2,11,1,6,14
2,11,1,7,0
2,11,2,1,0
2,11,2,3,5
2,11,2,6,0
2,11,2,7,0
2,11,3,0,0
2,11,3,1,0
2,11,3,5,0
2,11,3,7,5
2,11,4,0,0
2,11,4,1,0
2,11,4,4,0
2,11,4,5,0
2,11,4,6,0
2,11,4,7,5
2,11,5,1,0
2,11,5,2,0
2,11,5,3,0
2,11,5,4,0
2,11,5,5,0
2,11,5,6,0
2,11,5,7,0
2,11,6,0,0
2,11,6,1,0
2,11,6,2,0
2,11,6,3,5
2,11,6,7,0
2,11,7,0,0
2,11,7,3,0
2,11,7,5,0
2,11,7,7,0
3,11,0,0,0
3,11,0,1,0
3,11,0,2,9
3,11,0,4,0
3,11,0,5,0
3,11,1,1,5
3,11,1,2,9
3,11,1,3,14
3,11,1,5,17
3,11,1,6,22
3,11,2,1,0
3,11,2,2,5
3,11,2,4,14
3,11,2,7,5
3,11,3,0,0
3,11,3,1,0
3,11,3,2,0
3,11,3,3,9
3,11,3,4,5
3,11,3,5,9
3,11,4,0,0
3,11,4,1,5
3,11,4,2,5
3,11,4,3,5
3,11,4,5,9
3,11,4,7,31
3,11,5,0,0
3,11,5,2,0
3,11,5,3,0
3,11,5,5,17
3,11,5,6,0
3,11,6,0,0
3,11,6,2,0
3,11,6,4,0
3,11,6,5,17
3,11,6,7,0
3,11,7,0,0
3,11,7,1,0
3,11,7,2,0
3,11,7,6,0
3,11,7,7,0
4,11,0,4,9
4,11,0,5,5
4,11,0,7,0
4,11,1,1,9
4,11,1,2,36
4,11,1,3,27
4,11,1,5,36
4,11,1,7,5
4,11,2,1,0
4,11,2,2,9
4,11,2,3,72
4,11,2,4,0
4,11,2,7,17
4,11,3,0,0
4,11,3,1,0
4,11,3,2,14
4,11,3,3,22
4,11,3,4,106
4,11,3,5,14
4,11,3,6,31
4,11,3,7,17
4,11,4,1,0
4,11,4,4,22
4,11,4,6,5
4,11,5,1,0
4,11,5,2,0
4,11,5,3,0
4,11,5,4,17
4,11,5,6,39
4,11,6,1,0
4,11,6,2,0
4,11,6,4,0
4,11,6,6,0
4,11,6,7,5
4,11,7,0,0
4,11,7,2,0
4,11,7,3,0
4,11,7,4,0
4,11,7,7,39
5,11,0,0,0
5,11,0,1,0
5,11,0,2,9
5,11,0,4,5
5,11,0,7,31
5,11,1,0,0
5,11,1,3,31
5,11,1,4,39
5,11,1,7,31
5,11,2,0,14
5,11,2,1,0
5,11,2,2,80
5,11,2,3,44
5,11,2,4,53
5,11,2,5,58
5,11,2,6,31
5,11,2,7,0
5,11,3,0,0
5,11,3,1,0
5,11,3,2,14
5,11,3,3,36
5,11,3,5,27
5,11,3,6,27
5,11,4,0,0
5,11,4,1,0
5,11,4,6,31
5,11,4,7,5
5,11,5,1,0
5,11,5,2,0
5,11,5,4,17
5,11,5,6,0
5,11,5,7,17
5,11,6,0,0
5,11,6,1,0
5,11,6,3,0
5,11,6,4,0
5,11,6,5,17
5,11,6,6,14
5,11,6,7,17
5,11,7,0,0
5,11,7,1,0
5,11,7,2,0
5,11,7,4,0
5,11,7,5,9
6,11,0,1,0
6,11,0,2,9
6,11,0,4,17
6,11,0,5,14
6,11,0,6,17
6,11,0,7,36
6,11,1,0,0
6,11,1,1,0
6,11,1,2,17
6,11,1,5,58
6,11,2,0,0
6,11,2,1,0
6,11,2,2,62
6,11,2,3,22
6,11,2,4,151
6,11,2,5,72
6,11,3,2,17
6,11,3,3,31
6,11,3,4,22
6,11,3,7,72
6,11,4,0,0
6,11,4,2,0
6,11,4,5,31
6,11,5,2,0
6,11,5,3,9
6,11,5,5,27
6,11,5,6,0
6,11,5,7,14
6,11,6,0,0
6,11,6,1,0
6,11,6,2,125
6,11,6,6,14
6,11,7,1,0
6,11,7,2,0
6,11,7,3,0
6,11,7,4,5
6,11,7,5,17
7,11,0,1,17
7,11,0,2,142
7,11,0,3,39
7,11,0,7,27
7,11,1,0,9
7,11,1,1,14
7,11,1,3,151
7,11,1,5,161
7,11,1,6,36
7,11,1,7,58
7,11,2,1,0
7,11,2,2,31
7,11,2,3,62
7,11,2,5,62
7,11,2,6,44
7,11,3,1,5
7,11,3,2,9
7,11,3,3,103
7,11,3,4,169
7,11,3,6,50
7,11,3,7,36
7,11,4,2,0
7,11,4,4,39
7,11,5,1,0
7,11,5,2,0
7,11,6,2,9
7,11,6,3,14
7,11,6,5,62
7,11,6,6,31
7,11,7,2,0
7,11,7,3,17
7,11,7,4,0
7,11,7,6,5
8,11,0,2,50
8,11,0,4,14
8,11,0,6,36
8,11,0,7,44
8,11,1,0,5
8,11,1,3,72
8,11,1,4,44
8,11,1,5,80
8,11,1,7,50
8,11,2,0,0
8,11,2,1,0
8,11,2,2,27
8,11,2,3,94
8,11,2,5,84
8,11,2,6,72
8,11,2,7,58
8,11,3,0,17
8,11,3,1,0
8,11,3,5,84
8,11,3,6,36
8,11,4,4,106
8,11,4,5,27
8,11,5,0,0
8,11,5,2,0
8,11,5,4,14
8,11,5,6,120
8,11,5,7,44
8,11,6,0,0
8,11,6,1,0
8,11,6,2,0
8,11,6,3,0
8,11,6,4,5
8,11,6,5,27
8,11,6,6,67
8,11,6,7,9
8,11,7,0,0
8,11,7,2,0
8,11,7,3,5
8,11,7,4,5
8,11,7,6,0
8,11,7,7,22
9,11,0,3,62
9,11,0,5,36
9,11,0,6,72
9,11,0,7,72
9,11,1,5,89
9,11,2,0,0
9,11,2,2,44
9,11,2,5,80
9,11,3,0,0
9,11,3,1,0
9,11,3,4,14
9,11,3,5,106
9,11,3,7,39
9,11,4,0,0
9,11,4,2,0
9,11,4,4,36
9,11,4,7,44
9,11,5,1,0
9,11,5,2,0
9,11,5,3,5
9,11,5,4,9
9,11,5,5,89
9,11,5,6,164
9,11,6,0,0
9,11,6,4,14
9,11,6,5,14
9,11,7,0,0
9,11,7,2,5
9,11,7,6,5
9,11,7,7,0
10,11,0,0,5
10,11,0,2,36
10,11,0,3,44
10,11,0,4,9
10,11,0,6,67
10,11,1,1,5
10,11,1,2,72
10,11,1,5,53
10,11,1,6,67
10,11,2,0,5
10,11,2,4,50
10,11,2,6,139
10,11,2,7,44
10,11,3,0,0
10,11,3,1,5
10,11,3,2,31
10,11,3,6,116
10,11,3,7,22
10,11,4,1,14
10,11,4,2,5
10,11,4,6,111
10,11,4,7,27
10,11,5,0,0
10,11,5,2,0
10,11,5,3,0
10,11,5,6,325
10,11,6,4,17
10,11,6,7,17
10,11,7,1,0
10,11,7,2,9
10,11,7,3,5
10,11,7,4,5
10,11,7,6,5
11,11,0,1,14
11,11,0,2,22
11,11,0,3,31
11,11,0,4,39
11,11,0,5,106
11,11,0,7,62
11,11,1,1,14
11,11,1,2,17
11,11,1,4,36
11,11,1,7,53
11,11,2,0,0
11,11,2,2,17
11,11,2,4,67
11,11,2,5,67
11,11,2,6,84
11,11,3,4,31
11,11,3,5,58
11,11,3,6,80
11,11,3,7,9
11,11,4,0,0
11,11,4,1,0
11,11,4,2,0
11,11,4,3,44
11,11,4,4,50
11,11,4,5,50
11,11,4,6,80
11,11,5,1,0
11,11,5,3,5
11,11,5,4,44
11,11,5,5,67
11,11,5,6,311
11,11,6,1,9
11,11,6,2,0
11,11,6,4,9
11,11,7,0,0
11,11,7,1,0
11,11,7,2,0
11,11,7,4,5
11,11,7,5,36
11,11,7,7,9
12,11,0,1,0
12,11,0,2,22
12,11,0,6,27
12,11,1,0,5
12,11,1,3,67
12,11,1,4,22
12,11,1,5,50
12,11,1,6,31
12,11,2,0,5
12,11,2,2,22
12,11,2,3,53
12,11,2,4,58
12,11,3,0,0
12,11,3,1,0
12,11,3,2,14
12,11,3,3,36
12,11,3,5,84
12,11,3,7,44
12,11,4,0,0
12,11,4,1,5
12,11,4,2,0
12,11,4,4,17
12,11,4,7,44
12,11,5,2,0
12,11,5,3,5
12,11,5,4,17
12,11,5,7,22
12,11,6,0,0
12,11,6,1,0
12,11,6,2,0
12,11,6,6,36
12,11,6,7,9
12,11,7,0,0
12,11,7,1,0
12,11,7,2,0
12,11,7,5,22
12,11,7,6,0
13,11,0,1,0
13,11,0,2,14
13,11,0,3,75
13,11,0,6,80
13,11,1,1,0
13,11,1,2,36
13,11,1,3,116
13,11,1,4,50
13,11,1,5,72
13,11,1,6,22
13,11,2,0,5
13,11,2,2,62
13,11,2,3,39
13,11,2,4,62
13,11,2,6,53
13,11,3,0,0
13,11,3,1,9
13,11,3,3,58
13,11,3,4,31
13,11,3,5,103
13,11,3,7,39
13,11,4,2,0
13,11,4,4,27
13,11,4,7,22
13,11,5,0,0
13,11,5,1,0
13,11,5,2,22
13,11,5,3,14
13,11,5,6,250
13,11,6,0,0
13,11,6,1,0
13,11,6,3,14
13,11,6,4,22
13,11,6,5,17
13,11,6,6,17
13,11,7,1,0
13,11,7,3,0
13,11,7,4,27
13,11,7,5,0
14,11,0,4,58
14,11,1,0,0
14,11,1,1,5
14,11,1,2,58
14,11,1,3,97
14,11,1,4,27
14,11,1,6,50
14,11,1,7,67
14,11,2,0,0
14,11,2,1,0
14,11,2,2,17
14,11,2,4,50
14,11,2,5,94
14,11,2,6,62
14,11,2,7,62
14,11,3,0,0
14,11,3,1,9
14,11,3,2,9
14,11,3,4,62
14,11,4,3,36
14,11,4,4,22
14,11,4,5,116
14,11,4,6,169
14,11,4,7,50
14,11,5,1,0
14,11,5,3,9
14,11,5,4,27
14,11,5,5,39
14,11,5,6,17
14,11,6,0,0
14,11,6,1,0
14,11,6,2,50
14,11,6,6,31
14,11,7,0,0
14,11,7,3,14
14,11,7,4,14
14,11,7,5,5
15,11,0,0,27
15,11,0,2,22
15,11,0,4,53
15,11,0,6,80
15,11,1,0,5
15,11,1,2,186
15,11,1,4,58
15,11,1,5,80
15,11,1,7,75
15,11,2,0,0
15,11,2,1,17
15,11,2,3,53
15,11,2,5,80
15,11,2,6,89
15,11,2,7,14
15,11,3,1,53
15,11,3,5,89
15,11,3,6,120
15,11,4,0,0
15,11,4,1,17
15,11,4,2,0
15,11,4,4,58
15,11,4,5,161
15,11,4,6,164
15,11,4,7,53
15,11,5,0,0
15,11,5,2,27
15,11,6,0,0
15,11,6,5,14
15,11,6,6,5
15,11,6,7,22
15,11,7,1,0
15,11,7,4,39
15,11,7,6,0
15,11,7,7,5
16,11,0,0,5
16,11,0,1,0
16,11,0,2,22
16,11,0,3,53
16,11,0,5,14
16,11,0,6,44
16,11,0,7,89
16,11,1,0,0
16,11,1,2,27
16,11,2,0,0
16,11,2,3,50
16,11,2,4,67
16,11,2,5,89
16,11,2,6,151
16,11,3,5,84
16,11,3,7,80
16,11,4,1,5
16,11,4,3,62
16,11,4,7,53
16,11,5,0,0
16,11,5,3,0
16,11,5,4,9
16,11,5,5,72
16,11,6,3,5
16,11,6,4,17
16,11,6,7,14
16,11,7,2,0
16,11,7,3,0
16,11,7,5,14
16,11,7,7,0
17,11,0,1,18
17,11,0,3,65
17,11,0,4,32
17,11,0,6,56
17,11,0,7,75
17,11,1,1,14
17,11,1,3,163
17,11,1,6,38
17,11,1,7,47
17,11,2,0,0
17,11,2,1,0
17,11,2,3,47
17,11,3,2,18
17,11,3,3,32
17,11,3,4,29
17,11,3,5,84
17,11,3,6,65
17,11,4,0,0
17,11,4,5,52
17,11,4,6,56
17,11,4,7,32
17,11,5,0,0
17,11,5,5,52
17,11,6,0,0
17,11,6,1,0
17,11,6,3,5
17,11,6,4,29
17,11,6,5,18
17,11,6,7,5
17,11,7,0,0
17,11,7,1,0
17,11,7,2,0
17,11,7,3,9
17,11,7,4,5
17,11,7,5,9
17,11,7,6,5
17,11,7,7,0
18,11,0,0,0
18,11,0,1,5
18,11,0,5,29
18,11,0,6,47
18,11,0,7,56
18,11,1,3,79
18,11,1,4,5
18,11,1,7,70
18,11,2,0,0
18,11,2,2,9
18,11,2,5,38
18,11,2,6,70
18,11,3,3,23
18,11,3,4,29
18,11,3,5,75
18,11,3,6,102
18,11,4,1,0
18,11,4,2,0
18,11,4,5,41
18,11,4,6,29
18,11,5,2,0
18,11,5,4,5
18,11,5,5,18
18,11,6,2,5
18,11,6,6,9
18,11,6,7,9
18,11,7,0,0
18,11,7,2,0
18,11,7,3,0
19,11,0,0,5
19,11,0,3,23
19,11,0,4,32
19,11,0,5,9
19,11,0,7,29
19,11,1,0,0
19,11,1,1,18
19,11,1,3,41
19,11,1,6,18
19,11,2,1,0
19,11,2,5,56
19,11,2,6,38
19,11,3,1,0
19,11,3,2,0
19,11,3,3,32
19,11,3,6,32
19,11,4,0,0
19,11,4,1,29
19,11,4,2,0
19,11,4,6,52
19,11,5,0,0
19,11,5,1,0
19,11,5,3,0
19,11,5,4,9
19,11,5,7,47
19,11,6,1,0
19,11,6,3,0
19,11,6,4,0
19,11,6,7,29
19,11,7,0,0
19,11,7,1,0
19,11,7,2,0
19,11,7,3,0
19,11,7,4,23
19,11,7,6,9
20,11,0,1,5
20,11,0,2,5
20,11,0,4,14
20,11,0,5,14
20,11,0,7,47
20,11,1,2,18
20,11,1,3,38
20,11,1,5,52
20,11,1,6,18
20,11,2,1,0
20,11,2,2,23
20,11,2,3,18
20,11,2,5,29
20,11,3,0,0
20,11,3,3,18
20,11,3,5,23
20,11,3,7,38
20,11,4,0,5
20,11,4,3,122
20,11,4,4,38
20,11,4,5,38
20,11,4,7,29
20,11,5,1,0
20,11,5,3,23
20,11,5,4,9
20,11,5,6,65
20,11,5,7,14
20,11,6,1,0
20,11,6,4,14
20,11,6,7,14
20,11,7,3,75
20,11,7,4,9
20,11,7,5,14
20,11,7,6,9
20,11,7,7,5
21,11,0,0,0
21,11,0,1,5
21,11,0,2,29
21,11,1,1,5
21,11,1,3,18
21,11,1,4,9
21,11,1,6,14
21,11,1,7,29
21,11,2,1,0
21,11,2,2,0
21,11,2,3,9
21,11,2,4,29
21,11,3,0,0
21,11,3,1,47
21,11,3,3,0
21,11,3,5,65
21,11,3,7,5
21,11,4,0,0
21,11,4,5,14
21,11,4,6,14
21,11,5,1,0
21,11,5,2,14
21,11,5,3,0
21,11,5,4,14
21,11,5,7,0
21,11,6,1,0
21,11,6,3,47
21,11,6,4,14
21,11,6,7,5
21,11,7,2,0
21,11,7,4,9
21,11,7,5,0
21,11,7,6,5
21,11,7,7,0
22,11,0,2,0
22,11,0,3,9
22,11,0,5,9
22,11,0,7,23
22,11,1,1,0
22,11,1,2,9
22,11,1,3,38
22,11,1,4,9
22,11,1,5,29
22,11,1,6,0
22,11,2,0,0
22,11,2,2,5
22,11,2,3,14
22,11,2,4,5
22,11,2,5,18
22,11,2,6,18
22,11,2,7,14
22,11,3,0,0
22,11,3,1,0
22,11,3,3,5
22,11,3,4,23
22,11,3,5,14
22,11,3,6,18
22,11,4,0,0
22,11,4,1,9
22,11,4,4,23
22,11,4,5,14
22,11,4,6,9
22,11,4,7,9
22,11,5,0,0
22,11,5,1,0
22,11,5,2,14
22,11,5,3,0
22,11,5,4,9
22,11,5,5,18
22,11,5,7,0
22,11,6,0,0
22,11,6,1,0
22,11,6,2,0
22,11,6,4,0
22,11,6,5,0
22,11,6,6,0
22,11,6,7,29
22,11,7,0,0
22,11,7,2,0
22,11,7,3,0
22,11,7,4,0
22,11,7,5,0
22,11,7,6,9
22,11,7,7,0
23,11,0,1,0
23,11,0,2,0
23,11,0,3,0
23,11,0,7,9
23,11,1,1,0
23,11,1,2,0
23,11,1,3,0
23,11,1,4,14
23,11,2,1,0
23,11,2,2,5
23,11,2,3,5
23,11,2,5,0
23,11,2,6,5
23,11,2,7,18
23,11,3,0,0
23,11,3,2,5
23,11,3,3,5
23,11,3,7,5
23,11,4,1,5
23,11,4,3,18
23,11,4,4,9
23,11,4,6,5
23,11,5,0,0
23,11,5,3,0
23,11,5,5,0
23,11,5,7,0
23,11,6,0,0
23,11,6,1,0
23,11,6,3,0
23,11,6,4,0
23,11,6,5,9
23,11,6,6,5
23,11,6,7,23
23,11,7,0,0
23,11,7,1,0
23,11,7,3,0
23,11,7,7,0
0,12,0,1,0
0,12,0,4,0
0,12,0,6,0
0,12,1,1,0
0,12,1,5,0
0,12,1,6,0
0,12,2,0,0
0,12,2,1,0
0,12,2,4,0
0,12,2,6,0
0,12,2,7,0
0,12,3,1,0
0,12,3,3,5
0,12,3,5,5
0,12,4,3,0
0,12,4,4,5
0,12,4,5,9
0,12,4,6,0
0,12,5,2,0
0,12,5,6,32
0,12,6,2,0
0,12,6,3,0
0,12,6,4,0
0,12,7,1,0
0,12,7,3,0
0,12,7,7,0
1,12,0,1,0
1,12,0,2,9
1,12,0,4,0
1,12,0,5,0
1,12,0,6,5
1,12,0,7,0
1,12,1,0,0
1,12,1,1,0
1,12,1,3,0
1,12,1,4,0
1,12,1,5,0
1,12,1,6,5
1,12,2,0,0
1,12,2,2,5
1,12,2,3,5
1,12,2,4,14
1,12,2,7,0
1,12,3,2,23
1,12,3,4,0
1,12,3,5,0
1,12,3,6,9
1,12,3,7,14
1,12,4,2,0
1,12,4,6,5
1,12,4,7,0
1,12,5,0,0
1,12,5,1,0
1,12,5,3,0
1,12,5,4,0
1,12,5,5,0
1,12,5,7,0
1,12,6,1,0
1,12,6,2,0
1,12,6,5,14
1,12,6,6,18
1,12,6,7,0
1,12,7,1,0
1,12,7,3,0
1,12,7,5,0
1,12,7,6,32
1,12,7,7,0
2,12,0,0,0
2,12,0,1,0
2,12,0,2,0
2,12,0,4,0
2,12,0,5,9
2,12,1,1,0
2,12,1,4,0
2,12,1,7,0
2,12,2,0,0
2,12,2,1,0
2,12,2,2,0
2,12,2,4,0
2,12,2,7,5
2,12,3,0,0
2,12,3,3,23
2,12,3,4,0
2,12,3,5,14
2,12,3,6,14
2,12,3,7,0
2,12,4,1,0
2,12,4,2,0
2,12,4,3,29
2,12,4,5,0
2,12,4,6,0
2,12,4,7,5
2,12,5,1,0
2,12,5,2,0
2,12,5,6,0
2,12,6,0,0
2,12,6,2,0
2,12,6,3,0
2,12,6,7,0
2,12,7,0,0
2,12,7,3,0
2,12,7,6,0
2,12,7,7,0
3,12,0,2,9
3,12,0,3,9
3,12,0,4,0
3,12,0,5,0
3,12,0,6,0
3,12,0,7,5
3,12,1,0,0
3,12,1,1,0
3,12,1,2,5
3,12,1,3,9
3,12,1,5,5
3,12,1,6,38
3,12,2,0,0
3,12,2,2,0
3,12,2,3,5
3,12,2,4,5
3,12,2,5,5
3,12,2,6,9
3,12,3,0,0
3,12,3,1,0
3,12,3,7,9
3,12,4,3,56
3,12,4,4,5
3,12,4,5,9
3,12,4,6,5
3,12,4,7,0
3,12,5,0,0
3,12,5,2,0
3,12,5,3,5
3,12,5,4,0
3,12,5,6,0
3,12,6,0,0
3,12,6,1,0
3,12,6,3,0
3,12,6,4,9
3,12,6,7,5
3,12,7,1,0
3,12,7,3,0
3,12,7,4,0
3,12,7,5,0
3,12,7,6,79
4,12,0,2,23
4,12,0,7,5
4,12,1,0,0
4,12,1,1,0
4,12,1,2,14
4,12,1,4,5
4,12,1,5,32
4,12,2,0,0
4,12,2,2,9
4,12,2,5,0
4,12,3,0,0
4,12,3,2,0
4,12,3,4,5
4,12,3,5,18
4,12,3,6,18
4,12,4,1,5
4,12,4,4,9
4,12,4,5,18
4,12,5,0,0
4,12,5,6,29
4,12,5,7,5
4,12,6,4,0
4,12,6,5,38
4,12,6,6,79
4,12,7,1,0
4,12,7,5,0
4,12,7,6,122
4,12,7,7,5
5,12,0,0,0
5,12,0,1,0
5,12,0,4,38
5,12,0,6,9
5,12,1,0,0
5,12,1,3,5
5,12,1,5,5
5,12,1,6,9
5,12,1,7,5
5,12,2,0,0
5,12,2,2,5
5,12,2,5,29
5,12,2,6,18
5,12,3,0,0
5,12,3,1,0
5,12,3,3,56
5,12,3,4,5
5,12,3,5,23
5,12,3,7,32
5,12,4,0,0
5,12,4,1,5
5,12,4,2,0
5,12,4,5,32
5,12,4,6,5
5,12,4,7,5
5,12,5,0,0
5,12,5,1,0
5,12,5,2,0
5,12,5,3,0
5,12,5,4,0
5,12,5,6,0
5,12,6,2,0
5,12,6,3,0
5,12,6,5,23
5,12,7,1,0
5,12,7,2,0
5,12,7,5,0
5,12,7,7,0
6,12,0,1,0
6,12,0,2,0
6,12,0,3,41
6,12,0,4,0
6,12,0,5,32
6,12,0,7,14
6,12,1,3,41
6,12,1,5,9
6,12,1,7,9
6,12,2,0,0
6,12,2,2,5
6,12,2,3,5
6,12,2,4,14
6,12,2,5,32
6,12,2,7,9
6,12,3,0,0
6,12,3,2,9
6,12,3,4,18
6,12,3,5,14
6,12,3,6,9
6,12,3,7,0
6,12,4,0,0
6,12,4,1,0
6,12,4,3,29
6,12,4,5,9
6,12,4,7,0
6,12,5,1,0
6,12,5,4,5
6,12,5,6,0
6,12,5,7,38
6,12,6,2,0
6,12,6,6,32
6,12,6,7,9
6,12,7,0,0
6,12,7,2,0
6,12,7,5,5
6,12,7,7,5
7,12,0,2,9
7,12,0,7,14
7,12,1,0,0
7,12,1,1,0
7,12,1,2,18
7,12,1,3,23
7,12,1,4,5
7,12,1,5,18
7,12,1,6,32
7,12,1,7,23
7,12,2,0,0
7,12,2,1,0
7,12,2,2,32
7,12,2,4,14
7,12,2,5,47
7,12,3,0,0
7,12,3,3,23
7,12,3,4,23
7,12,3,5,5
7,12,3,6,18
7,12,4,0,0
7,12,4,3,18
7,12,4,4,18
7,12,4,6,14
7,12,5,1,0
7,12,5,2,0
7,12,5,3,9
7,12,5,4,5
7,12,5,5,9
7,12,5,6,9
7,12,6,2,0
7,12,6,5,88
7,12,6,6,18
7,12,6,7,5
7,12,7,0,0
7,12,7,2,0
7,12,7,4,9
7,12,7,5,5
7,12,7,6,32
7,12,7,7,0
8,12,0,0,0
8,12,0,2,9
8,12,0,5,23
8,12,0,6,9
8,12,0,7,32
8,12,1,0,0
8,12,1,1,5
8,12,1,2,14
8,12,1,4,5
8,12,1,7,32
8,12,2,0,5
8,12,2,1,0
8,12,2,5,9
8,12,2,6,75
8,12,3,0,0
8,12,3,1,9
8,12,3,2,14
8,12,3,3,32
8,12,3,5,23
8,12,3,6,23
8,12,4,1,9
8,12,4,4,18
8,12,4,5,41
8,12,4,6,5
8,12,4,7,23
8,12,5,2,0
8,12,5,3,18
8,12,5,7,18
8,12,6,5,56
8,12,7,2,0
8,12,7,3,0
9,12,0,0,0
9,12,0,1,9
9,12,1,0,0
9,12,1,1,0
9,12,1,2,23
9,12,1,5,32
9,12,1,6,29
9,12,2,0,0
9,12,2,2,18
9,12,2,3,38
9,12,2,4,14
9,12,2,6,14
9,12,2,7,29
9,12,3,0,5
9,12,3,1,0
9,12,3,2,14
9,12,3,4,23
9,12,3,6,29
9,12,4,0,5
9,12,4,1,5
9,12,4,2,47
9,12,4,3,41
9,12,4,4,9
9,12,4,5,29
9,12,4,7,9
9,12,5,0,0
9,12,5,3,32
9,12,5,4,14
9,12,5,5,23
9,12,5,6,29
9,12,6,3,0
9,12,6,4,14
9,12,6,5,108
9,12,6,6,0
9,12,7,1,0
9,12,7,2,5
9,12,7,3,5
9,12,7,4,0
9,12,7,5,0
9,12,7,7,0
10,12,0,1,14
10,12,0,4,32
10,12,1,1,0
10,12,1,6,23
10,12,1,7,18
10,12,2,0,0
10,12,2,1,47
10,12,2,2,14
10,12,2,3,18
10,12,2,4,14
10,12,2,5,65
10,12,2,6,70
10,12,3,0,0
10,12,3,1,0
10,12,3,3,14
10,12,3,4,29
10,12,3,5,61
10,12,3,6,18
10,12,3,7,52
10,12,4,0,0
10,12,4,1,0
10,12,4,4,52
10,12,4,5,70
10,12,4,6,23
10,12,4,7,47
10,12,5,1,0
10,12,5,2,0
10,12,5,3,93
10,12,5,4,23
10,12,5,5,41
10,12,5,6,18
10,12,5,7,18
10,12,6,4,0
10,12,6,7,5
10,12,7,6,32
10,12,7,7,14
11,12,0,0,0
11,12,0,2,29
11,12,0,3,29
11,12,0,5,32
11,12,0,7,32
11,12,1,0,0
11,12,1,2,61
11,12,1,3,38
11,12,1,4,18
11,12,1,7,38
11,12,2,0,0
11,12,2,3,41
11,12,2,7,61
11,12,3,2,9
11,12,3,3,38
11,12,3,5,23
11,12,3,7,38
11,12,4,2,0
11,12,4,6,18
11,12,4,7,9
11,12,5,0,0
11,12,5,3,5
11,12,5,6,0
11,12,5,7,29
11,12,6,0,0
11,12,6,2,0
11,12,6,3,9
11,12,7,0,0
11,12,7,2,0
11,12,7,3,0
11,12,7,4,29
11,12,7,5,5
11,12,7,6,47
12,12,0,0,0
12,12,0,2,29
12,12,0,4,14
12,12,0,6,14
12,12,1,4,18
12,12,1,6,47
12,12,2,0,0
12,12,2,1,14
12,12,2,3,41
12,12,2,7,18
12,12,3,0,0
12,12,3,4,9
12,12,3,5,61
12,12,3,6,41
12,12,3,7,18
12,12,4,1,9
12,12,4,4,41
12,12,4,5,70
12,12,4,6,18
12,12,4,7,32
12,12,5,0,0
12,12,5,1,0
12,12,5,4,29
12,12,5,5,52
12,12,5,6,0
12,12,5,7,18
12,12,6,0,0
12,12,6,3,5
12,12,6,4,18
12,12,6,5,38
12,12,6,6,52
12,12,6,7,0
12,12,7,0,0
12,12,7,4,5
12,12,7,5,9
13,12,0,0,9
13,12,0,1,5
13,12,0,2,32
13,12,0,3,18
13,12,0,4,32
13,12,0,5,14
13,12,0,6,32
13,12,0,7,32
13,12,1,0,5
13,12,1,2,5
13,12,1,4,32
13,12,2,1,5
13,12,2,2,32
13,12,2,3,38
13,12,2,4,38
13,12,2,5,47
13,12,2,7,56
13,12,3,2,9
13,12,3,5,9
13,12,3,6,14
13,12,3,7,32
13,12,4,1,14
13,12,4,4,38
13,12,4,5,61
13,12,4,7,38
13,12,5,1,0
13,12,5,4,5
13,12,5,5,56
13,12,5,7,61
13,12,6,2,0
13,12,6,3,0
13,12,6,4,0
13,12,6,6,32
13,12,6,7,14
13,12,7,1,0
13,12,7,2,0
13,12,7,4,5
13,12,7,5,23
13,12,7,6,0
14,12,0,3,61
14,12,0,4,47
14,12,0,7,47
14,12,1,1,29
14,12,1,2,41
14,12,1,3,65
14,12,1,4,18
14,12,1,5,38
14,12,1,6,52
14,12,2,0,18
14,12,2,3,65
14,12,2,4,41
14,12,2,6,32
14,12,2,7,29
14,12,3,0,0
14,12,3,1,0
14,12,3,2,0
14,12,3,3,61
14,12,3,6,52
14,12,3,7,29
14,12,4,3,47
14,12,4,4,56
14,12,4,6,32
14,12,4,7,52
14,12,5,0,0
14,12,5,1,0
14,12,5,2,5
14,12,5,3,5
14,12,5,4,29
14,12,5,6,47
14,12,5,7,56
14,12,6,0,0
14,12,6,1,0
14,12,6,7,9
14,12,7,1,0
14,12,7,2,0
14,12,7,4,5
14,12,7,5,18
14,12,7,6,29
15,12,0,0,0
15,12,0,1,9
15,12,0,3,47
15,12,0,4,41
15,12,1,0,0
15,12,1,4,29
15,12,1,5,41
15,12,2,0,0
15,12,2,6,29
15,12,3,0,0
15,12,3,2,18
15,12,3,3,84
15,12,3,6,52
15,12,4,0,9
15,12,4,3,93
15,12,4,4,70
15,12,4,5,38
15,12,4,6,18
15,12,5,1,0
15,12,5,3,0
15,12,5,4,9
15,12,5,6,29
15,12,5,7,18
15,12,6,2,0
15,12,6,6,14
15,12,6,7,9
15,12,7,0,0
15,12,7,1,0
15,12,7,2,0
15,12,7,3,0
15,12,7,4,0
16,12,0,2,75
16,12,0,3,38
16,12,0,4,38
16,12,0,6,70
16,12,1,1,0
16,12,1,3,111
16,12,1,4,18
16,12,1,5,18
16,12,2,2,29
16,12,2,6,65
16,12,3,0,0
16,12,3,1,9
16,12,3,3,47
16,12,3,4,29
16,12,4,3,154
16,12,4,4,52
16,12,4,5,56
16,12,4,6,23
16,12,4,7,38
16,12,5,0,0
16,12,5,4,14
16,12,5,5,29
16,12,5,7,14
16,12,6,0,0
16,12,6,2,0
16,12,6,5,52
16,12,6,6,18
16,12,6,7,9
16,12,7,0,0
16,12,7,1,0
16,12,7,3,0
16,12,7,4,0
16,12,7,5,52
16,12,7,6,23
17,12,0,3,19
17,12,0,6,6
17,12,1,0,0
17,12,1,1,15
17,12,1,3,89
17,12,1,6,19
17,12,1,7,34
17,12,2,0,0
17,12,2,3,40
17,12,2,7,40
17,12,3,1,30
17,12,3,6,34
17,12,4,1,6
17,12,4,3,113
17,12,4,4,64
17,12,4,6,30
17,12,4,7,55
17,12,5,1,0
17,12,5,4,0
17,12,5,5,34
17,12,5,6,9
17,12,6,0,0
17,12,6,1,25
17,12,6,4,34
17,12,6,5,6
17,12,6,6,40
17,12,7,0,0
17,12,7,1,0
17,12,7,3,6
17,12,7,4,0
17,12,7,5,40
17,12,7,6,25
17,12,7,7,98
18,12,0,1,6
18,12,0,4,34
18,12,0,5,9
18,12,0,6,25
18,12,0,7,34
18,12,1,3,58
18,12,1,5,49
18,12,1,6,79
18,12,1,7,30
18,12,2,0,0
18,12,2,2,83
18,12,2,3,40
18,12,2,7,43
18,12,3,1,6
18,12,3,3,43
18,12,3,4,30
18,12,3,6,58
18,12,3,7,15
18,12,4,1,19
18,12,4,4,30
18,12,4,5,83
18,12,5,0,0
18,12,5,1,0
18,12,5,2,0
18,12,5,3,0
18,12,5,4,15
18,12,6,0,0
18,12,6,2,0
18,12,6,6,83
18,12,7,3,0
18,12,7,5,9
18,12,7,6,49
19,12,0,0,0
19,12,0,1,0
19,12,0,3,0
19,12,0,4,0
19,12,0,5,0
19,12,0,6,0
19,12,0,7,0
19,12,1,0,0
19,12,1,1,0
19,12,1,3,0
19,12,1,4,0
19,12,1,5,0
19,12,1,6,6
19,12,2,1,0
19,12,2,2,0
19,12,2,3,0
19,12,2,7,0
19,12,3,0,0
19,12,3,1,0
19,12,3,3,0
19,12,3,5,0
19,12,3,6,0
19,12,3,7,0
19,12,4,1,0
19,12,4,2,0
19,12,4,4,0
19,12,4,7,0
19,12,5,0,0
19,12,5,2,0
19,12,5,4,0
19,12,5,5,0
19,12,5,6,0
19,12,6,1,0
19,12,6,4,0
19,12,6,6,0
19,12,7,0,0
19,12,7,1,0
19,12,7,2,0
19,12,7,3,0
19,12,7,4,0
19,12,7,6,0
19,12,7,7,0
20,12,0,2,0
20,12,0,3,0
20,12,0,4,0
20,12,0,5,0
20,12,0,6,0
20,12,1,3,0
20,12,1,6,0
20,12,1,7,0
20,12,2,1,0
20,12,3,1,0
20,12,3,2,0
20,12,3,3,0
20,12,3,4,0
20,12,3,5,0
20,12,3,6,0
20,12,3,7,0
20,12,4,3,6
20,12,5,2,0
20,12,5,5,0
20,12,6,1,0
20,12,6,3,0
20,12,6,4,0
20,12,6,7,0
20,12,7,1,0
20,12,7,2,0
20,12,7,3,0
20,12,7,5,0
20,12,7,7,0
21,12,0,0,0
21,12,0,1,6
21,12,0,2,9
21,12,0,3,15
21,12,0,4,30
21,12,0,6,43
21,12,0,7,49
21,12,1,0,0
21,12,1,2,25
21,12,1,3,34
21,12,1,4,9
21,12,2,0,0
21,12,2,1,0
21,12,2,2,64
21,12,2,3,30
21,12,2,7,19
21,12,3,1,6
21,12,4,1,25
21,12,4,2,0
21,12,4,3,79
21,12,4,6,92
21,12,5,0,0
21,12,5,1,0
21,12,5,4,9
21,12,5,6,0
21,12,5,7,19
21,12,6,0,0
21,12,6,1,0
21,12,6,4,15
21,12,6,5,34
21,12,6,6,19
21,12,6,7,0
21,12,7,0,0
21,12,7,3,0
21,12,7,6,19
21,12,7,7,0
22,12,0,0,6
22,12,0,2,30
22,12,0,3,25
22,12,0,6,15
22,12,0,7,0
22,12,1,1,19
22,12,1,2,9
22,12,1,3,30
22,12,1,5,6
22,12,2,0,0
22,12,2,1,0
22,12,2,5,25
22,12,2,6,79
22,12,2,7,40
22,12,3,1,30
22,12,3,2,0
22,12,3,3,92
22,12,3,5,64
22,12,4,1,9
22,12,4,2,0
22,12,4,3,230
22,12,4,5,43
22,12,4,7,25
22,12,5,0,0
22,12,5,1,0
22,12,5,2,0
22,12,5,3,15
22,12,5,4,0
22,12,5,5,25
22,12,5,7,19
22,12,6,0,0
22,12,6,1,0
22,12,6,5,25
22,12,6,7,9
22,12,7,0,0
22,12,7,1,0
22,12,7,3,0
22,12,7,4,0
23,12,0,1,9
23,12,0,2,9
23,12,0,3,19
23,12,0,5,19
23,12,0,6,15
23,12,0,7,15
23,12,1,1,0
23,12,1,2,19
23,12,1,3,30
23,12,2,0,0
23,12,2,1,0
23,12,2,2,25
23,12,2,3,15
23,12,2,7,15
23,12,3,0,0
23,12,3,2,0
23,12,3,4,9
23,12,3,6,34
23,12,3,7,9
23,12,4,0,30
23,12,4,1,0
23,12,4,2,0
23,12,4,3,236
23,12,4,4,15
23,12,4,6,9
23,12,4,7,15
23,12,5,0,40
23,12,5,3,0
23,12,5,4,6
23,12,5,5,0
23,12,5,6,6
23,12,5,7,15
23,12,6,1,9
23,12,6,2,9
23,12,6,5,15
23,12,6,6,9
23,12,6,7,9
23,12,7,0,0
23,12,7,1,0
23,12,7,3,0
23,12,7,7,9
0,13,0,0,9
0,13,0,1,0
0,13,0,7,6
0,13,1,1,0
0,13,1,2,6
0,13,1,3,0
0,13,1,4,0
0,13,1,5,0
0,13,1,7,15
0,13,2,0,0
0,13,2,3,0
0,13,2,4,6
0,13,2,7,15
0,13,3,0,0
0,13,3,1,0
0,13,3,4,19
0,13,3,6,15
0,13,3,7,6
0,13,4,0,0
0,13,4,1,0
0,13,4,3,211
0,13,4,6,6
0,13,4,7,6
0,13,5,0,6
0,13,5,1,0
0,13,5,4,0
0,13,6,0,0
0,13,6,1,6
0,13,6,2,0
0,13,6,3,0
0,13,6,6,15
0,13,7,1,0
0,13,7,2,0
0,13,7,3,0
0,13,7,4,0
0,13,7,6,0
1,13,0,0,6
1,13,0,3,6
1,13,0,4,0
1,13,0,6,0
1,13,1,1,0
1,13,1,2,0
1,13,1,3,0
1,13,1,4,0
1,13,1,6,6
1,13,1,7,0
1,13,2,0,0
1,13,2,1,0
1,13,2,3,6
1,13,2,4,6
1,13,2,5,6
1,13,2,6,0
1,13,3,2,0
1,13,3,3,15
1,13,3,5,34
1,13,3,6,0
1,13,4,0,0
1,13,4,2,0
1,13,4,3,74
1,13,4,4,0
1,13,4,7,0
1,13,5,1,0
1,13,5,2,0
1,13,5,3,0
1,13,5,6,0
1,13,6,1,0
1,13,6,2,0
1,13,6,3,0
1,13,6,4,6
1,13,7,0,0
1,13,7,1,0
1,13,7,3,9
1,13,7,4,0
1,13,7,6,0
1,13,7,7,0
2,13,0,1,0
2,13,0,3,0
2,13,0,4,0
2,13,0,5,0
2,13,0,6,0
2,13,1,1,0
2,13,1,3,0
2,13,1,4,0
2,13,1,5,6
2,13,1,6,6
2,13,2,0,0
2,13,2,1,0
2,13,2,2,0
2,13,2,3,0
2,13,2,4,6
2,13,2,5,0
2,13,2,6,0
2,13,3,0,0
2,13,3,1,0
2,13,3,2,0
2,13,3,3,9
2,13,3,5,40
2,13,4,0,0
2,13,4,3,9
2,13,4,5,0
2,13,4,7,9
2,13,5,1,0
2,13,5,2,0
2,13,5,3,0
2,13,5,5,0
2,13,6,0,0
2,13,6,1,0
2,13,6,2,0
2,13,6,3,15
2,13,6,4,0
2,13,6,6,6
2,13,7,0,0
2,13,7,2,0
2,13,7,3,0
2,13,7,4,0
2,13,7,5,0
2,13,7,7,0
3,13,0,0,0
3,13,0,1,0
3,13,0,3,0
3,13,0,4,6
3,13,0,5,0
3,13,0,6,0
3,13,1,0,0
3,13,1,1,0
3,13,1,3,15
3,13,1,6,15
3,13,2,0,0
3,13,2,2,0
3,13,2,3,0
3,13,2,4,9
3,13,2,6,0
3,13,2,7,6
3,13,3,0,0
3,13,3,1,0
3,13,3,3,40
3,13,3,4,0
3,13,3,6,89
3,13,3,7,0
3,13,4,1,0
3,13,4,2,0
3,13,4,6,0
3,13,5,3,0
3,13,5,4,6
3,13,5,5,0
3,13,5,6,0
3,13,5,7,0
3,13,6,0,0
3,13,6,5,49
3,13,6,7,0
3,13,7,0,0
3,13,7,1,0
3,13,7,3,0
3,13,7,5,0
3,13,7,6,19
4,13,0,4,0
4,13,0,5,0
4,13,0,7,15
4,13,1,1,0
4,13,1,5,6
4,13,1,7,0
4,13,2,0,0
4,13,2,1,0
4,13,2,2,6
4,13,2,7,0
4,13,3,0,0
4,13,3,1,0
4,13,3,2,0
4,13,3,3,83
4,13,3,6,15
4,13,3,7,0
4,13,4,2,0
4,13,4,3,43
4,13,4,4,0
4,13,4,7,6
4,13,5,2,0
4,13,5,4,9
4,13,5,7,6
4,13,6,0,0
4,13,6,2,0
4,13,6,4,6
4,13,6,6,30
4,13,7,0,0
4,13,7,1,0
4,13,7,2,0
4,13,7,4,0
4,13,7,5,0
4,13,7,6,264
4,13,7,7,0
5,13,0,0,6
5,13,0,1,9
5,13,0,2,15
5,13,0,3,79
5,13,0,4,19
5,13,0,5,0
5,13,0,6,9
5,13,1,1,0
5,13,1,2,15
5,13,1,3,30
5,13,1,4,34
5,13,1,7,30
5,13,2,0,0
5,13,2,2,58
5,13,2,3,15
5,13,2,4,9
5,13,2,5,9
5,13,2,6,9
5,13,3,0,0
5,13,3,2,9
5,13,3,4,25
5,13,3,5,40
5,13,4,0,0
5,13,4,2,0
5,13,4,7,40
5,13,5,0,0
5,13,5,1,0
5,13,5,2,0
5,13,5,5,25
5,13,6,0,0
5,13,6,1,0
5,13,6,3,0
5,13,6,4,19
5,13,6,5,79
5,13,6,7,0
5,13,7,0,0
5,13,7,2,0
5,13,7,3,0
6,13,0,1,6
6,13,0,2,40
6,13,0,3,141
6,13,0,4,34
6,13,0,5,104
6,13,0,6,43
6,13,0,7,74
6,13,1,1,6
6,13,1,2,92
6,13,1,5,373
6,13,1,6,107
6,13,1,7,117
6,13,2,0,0
6,13,2,1,6
6,13,2,3,138
6,13,2,7,98
6,13,3,0,0
6,13,3,1,6
6,13,3,3,368
6,13,3,4,107
6,13,3,5,187
6,13,4,1,0
6,13,4,2,0
6,13,4,5,289
6,13,4,6,9
6,13,4,7,58
6,13,5,0,0
6,13,5,2,0
6,13,5,3,34
6,13,5,4,9
6,13,5,6,15
6,13,5,7,25
6,13,6,3,0
6,13,6,4,34
6,13,6,5,177
6,13,6,6,196
6,13,6,7,0
6,13,7,0,0
6,13,7,1,0
6,13,7,3,0
6,13,7,5,181
6,13,7,6,92
7,13,0,2,107
7,13,0,5,40
7,13,0,6,79
7,13,0,7,172
7,13,1,6,166
7,13,1,7,83
7,13,2,0,0
7,13,2,1,0
7,13,2,2,15
7,13,2,3,55
7,13,2,4,324
7,13,2,5,92
7,13,2,6,55
7,13,2,7,40
7,13,3,1,0
7,13,3,4,128
7,13,3,5,107
7,13,3,7,55
7,13,4,6,68
7,13,5,1,15
7,13,5,2,0
7,13,5,3,15
7,13,5,4,9
7,13,6,2,0
7,13,6,3,0
7,13,6,4,30
7,13,6,5,157
7,13,6,7,25
7,13,7,0,0
7,13,7,4,0
7,13,7,6,147
8,13,0,0,15
8,13,0,2,58
8,13,0,4,74
8,13,0,5,107
8,13,0,7,79
8,13,1,2,34
8,13,1,3,104
8,13,1,4,55
8,13,1,5,132
8,13,1,7,113
8,13,2,1,0
8,13,2,3,123
8,13,2,5,58
8,13,2,6,64
8,13,3,0,0
8,13,3,3,211
8,13,3,4,79
8,13,3,5,34
8,13,3,6,113
8,13,4,2,0
8,13,4,3,162
8,13,4,6,25
8,13,5,5,9
8,13,5,6,6
8,13,5,7,6
8,13,6,3,0
8,13,6,5,64
8,13,6,6,40
8,13,7,0,0
8,13,7,3,6
8,13,7,4,0
8,13,7,5,0
9,13,0,0,19
9,13,0,1,6
9,13,0,2,40
9,13,0,5,58
9,13,0,6,79
9,13,0,7,64
9,13,1,4,19
9,13,1,5,92
9,13,1,6,79
9,13,2,1,0
9,13,2,4,49
9,13,2,5,117
9,13,2,6,92
9,13,3,1,0
9,13,3,2,34
9,13,3,7,68
9,13,4,1,6
9,13,4,2,0
9,13,4,4,40
9,13,4,5,58
9,13,4,6,30
9,13,5,0,19
9,13,5,3,15
9,13,5,4,25
9,13,5,5,117
9,13,6,0,0
9,13,6,1,0
9,13,6,3,9
9,13,6,6,15
9,13,6,7,6
9,13,7,4,6
9,13,7,6,9
10,13,0,0,6
10,13,0,1,34
10,13,0,5,74
10,13,0,7,40
10,13,1,0,0
10,13,1,1,0
10,13,1,2,30
10,13,1,3,55
10,13,1,4,9
10,13,1,5,68
10,13,1,7,58
10,13,2,1,6
10,13,2,2,15
10,13,2,4,79
10,13,3,4,55
10,13,3,5,104
10,13,3,7,43
10,13,4,0,6
10,13,4,2,0
10,13,4,3,123
10,13,4,4,34
10,13,4,5,79
10,13,4,6,138
10,13,5,1,9
10,13,5,2,0
10,13,5,5,34
10,13,5,6,43
10,13,5,7,15
10,13,6,2,0
10,13,6,4,19
10,13,6,5,6
10,13,6,7,0
10,13,7,0,0
10,13,7,1,0
10,13,7,2,0
10,13,7,3,0
10,13,7,5,0
10,13,7,7,9
11,13,0,0,0
11,13,0,1,0
11,13,0,4,55
11,13,0,5,64
11,13,0,6,128
11,13,1,1,0
11,13,1,2,30
11,13,1,5,113
11,13,1,7,43
11,13,2,0,0
11,13,2,1,0
11,13,3,2,6
11,13,3,3,79
11,13,3,4,74
11,13,3,6,30
11,13,4,1,0
11,13,4,5,40
11,13,5,0,0
11,13,5,1,6
11,13,5,3,9
11,13,5,4,9
11,13,5,5,15
11,13,6,0,0
11,13,6,3,0
11,13,6,4,6
11,13,6,5,9
11,13,6,6,6
11,13,7,1,0
11,13,7,2,0
11,13,7,3,0
11,13,7,5,6
11,13,7,7,55
12,13,0,0,0
12,13,0,1,6
12,13,0,2,43
12,13,0,3,74
12,13,0,4,89
12,13,0,5,83
12,13,0,6,211
12,13,0,7,64
12,13,1,1,19
12,13,1,2,83
12,13,1,4,30
12,13,1,6,147
12,13,1,7,34
12,13,2,0,0
12,13,2,2,40
12,13,2,3,153
12,13,2,5,117
12,13,2,6,147
12,13,2,7,9
12,13,3,0,15
12,13,3,1,6
12,13,3,2,15
12,13,3,3,79
12,13,3,4,64
12,13,3,5,104
12,13,4,0,0
12,13,4,1,0
12,13,4,2,0
12,13,4,3,83
12,13,4,5,98
12,13,5,2,6
12,13,5,4,19
12,13,6,1,0
12,13,6,2,6
12,13,6,3,6
12,13,6,7,9
12,13,7,0,0
12,13,7,2,0
12,13,7,4,0
12,13,7,5,49
12,13,7,6,0
12,13,7,7,0
13,13,0,1,0
13,13,0,3,83
13,13,0,5,83
13,13,0,6,132
13,13,0,7,74
13,13,1,1,6
13,13,1,2,55
13,13,1,3,30
13,13,1,4,25
13,13,1,5,83
13,13,1,7,104
13,13,2,0,0
13,13,2,1,0
13,13,2,2,43
13,13,2,3,79
13,13,2,4,58
13,13,2,5,113
13,13,2,6,132
13,13,3,1,0
13,13,3,4,58
13,13,3,5,89
13,13,4,0,0
13,13,4,2,0
13,13,4,5,79
13,13,5,1,0
13,13,5,2,0
13,13,5,3,6
13,13,5,5,55
13,13,5,6,43
13,13,5,7,68
13,13,6,0,0
13,13,6,2,0
13,13,6,3,0
13,13,6,5,9
13,13,6,6,0
13,13,6,7,6
13,13,7,1,0
13,13,7,2,0
14,13,0,0,25
14,13,0,1,0
14,13,0,3,83
14,13,1,1,15
14,13,1,3,104
14,13,1,7,49
14,13,2,0,0
14,13,2,3,74
14,13,2,5,104
14,13,2,6,196
14,13,3,0,0
14,13,3,4,55
14,13,3,6,117
14,13,4,0,0
14,13,4,5,98
14,13,4,6,239
14,13,4,7,43
14,13,5,0,0
14,13,5,2,0
14,13,5,3,58
14,13,5,6,83
14,13,5,7,6
14,13,6,0,0
14,13,6,2,0
14,13,6,7,43
14,13,7,3,0
14,13,7,5,6
14,13,7,7,6
15,13,0,1,6
15,13,0,2,40
15,13,0,3,117
15,13,0,4,83
15,13,0,5,206
15,13,0,7,215
15,13,1,0,6
15,13,1,2,49
15,13,1,4,30
15,13,1,7,34
15,13,2,0,0
15,13,2,3,83
15,13,2,4,89
15,13,2,6,490
15,13,3,0,0
15,13,3,1,25
15,13,3,3,83
15,13,3,5,239
15,13,3,7,64
15,13,4,1,6
15,13,4,2,141
15,13,4,3,98
15,13,4,5,123
15,13,5,0,0
15,13,5,1,0
15,13,5,3,55
15,13,5,5,157
15,13,5,6,255
15,13,5,7,15
15,13,6,1,0
15,13,6,2,6
15,13,6,3,0
15,13,6,4,6
15,13,6,5,34
15,13,6,7,9
15,13,7,0,0
15,13,7,1,0
15,13,7,2,0
15,13,7,4,6
15,13,7,6,43
16,13,0,0,6
16,13,0,3,117
16,13,0,5,264
16,13,0,6,750
16,13,0,7,289
16,13,1,0,34
16,13,1,1,9
16,13,1,3,79
16,13,1,4,68
16,13,1,5,285
16,13,1,7,141
16,13,2,0,0
16,13,2,2,43
16,13,2,3,58
16,13,2,4,83
16,13,2,5,270
16,13,2,7,64
16,13,3,2,34
16,13,3,3,64
16,13,3,4,92
16,13,3,5,402
16,13,3,6,545
16,13,4,0,0
16,13,4,1,15
16,13,4,2,0
16,13,4,3,104
16,13,4,4,19
16,13,4,5,117
16,13,4,6,334
16,13,4,7,49
16,13,5,0,0
16,13,5,1,0
16,13,5,3,43
16,13,5,6,239
16,13,6,0,0
16,13,6,2,15
16,13,6,4,19
16,13,6,5,0
16,13,6,6,166
16,13,6,7,15
16,13,7,0,0
16,13,7,1,0
16,13,7,2,0
16,13,7,4,40
16,13,7,5,30
16,13,7,6,9
16,13,7,7,25
17,13,0,0,10
17,13,0,4,83
17,13,1,0,0
17,13,1,1,0
17,13,1,2,36
17,13,1,3,119
17,13,1,5,535
17,13,2,2,36
17,13,2,4,139
17,13,2,5,602
17,13,2,7,71
17,13,3,0,0
17,13,3,2,16
17,13,3,3,119
17,13,3,5,422
17,13,3,6,212
17,13,4,3,67
17,13,4,4,67
17,13,4,5,160
17,13,4,6,216
17,13,5,0,0
17,13,5,3,16
17,13,5,4,61
17,13,5,5,67
17,13,5,6,170
17,13,6,1,0
17,13,6,3,0
17,13,6,4,6
17,13,6,5,10
17,13,6,7,10
17,13,7,0,0
17,13,7,1,0
17,13,7,3,0
17,13,7,4,0
18,13,0,0,6
18,13,0,3,71
18,13,0,5,251
18,13,1,0,0
18,13,1,1,0
18,13,1,2,42
18,13,1,3,42
18,13,1,4,42
18,13,1,5,16
18,13,1,6,263
18,13,1,7,97
18,13,2,0,0
18,13,2,1,0
18,13,2,3,93
18,13,2,5,164
18,13,2,6,212
18,13,3,0,0
18,13,3,5,148
18,13,3,7,36
18,13,4,3,87
18,13,4,5,51
18,13,4,7,61
18,13,5,0,0
18,13,5,3,10
18,13,5,6,170
18,13,6,2,0
18,13,6,3,0
18,13,6,4,6
18,13,6,5,10
18,13,6,6,20
18,13,7,2,6
18,13,7,3,0
18,13,7,6,32
18,13,7,7,0
19,13,0,0,0
19,13,0,1,32
19,13,0,2,36
19,13,0,5,113
19,13,0,7,109
19,13,1,1,10
19,13,1,3,57
19,13,1,4,0
19,13,1,6,263
19,13,2,0,0
19,13,2,1,0
19,13,2,2,51
19,13,2,5,129
19,13,2,6,206
19,13,3,1,10
19,13,3,2,20
19,13,3,3,57
19,13,3,5,129
19,13,3,7,71
19,13,4,0,0
19,13,4,1,26
19,13,4,3,135
19,13,4,5,71
19,13,4,6,93
19,13,5,0,0
19,13,5,1,10
19,13,5,2,20
19,13,5,4,20
19,13,5,5,42
19,13,5,6,42
19,13,6,1,6
19,13,7,2,0
19,13,7,3,0
19,13,7,4,6
19,13,7,6,42
20,13,0,0,10
20,13,0,3,20
20,13,0,4,87
20,13,0,6,83
20,13,0,7,57
20,13,1,0,0
20,13,1,1,20
20,13,1,2,42
20,13,1,3,20
20,13,1,4,20
20,13,1,5,103
20,13,1,6,77
20,13,1,7,83
20,13,2,2,26
20,13,2,5,51
20,13,2,7,16
20,13,3,0,0
20,13,3,4,61
20,13,3,6,113
20,13,3,7,10
20,13,4,1,32
20,13,4,2,6
20,13,4,3,119
20,13,4,4,20
20,13,4,5,51
20,13,5,0,0
20,13,5,2,0
20,13,5,3,6
20,13,5,4,10
20,13,5,6,0
20,13,5,7,20
20,13,6,1,0
20,13,6,2,6
20,13,6,3,0
20,13,6,4,10
20,13,6,6,16
20,13,7,0,0
20,13,7,1,0
20,13,7,5,6
20,13,7,6,16
20,13,7,7,0
21,13,0,0,0
21,13,0,1,6
21,13,0,2,32
21,13,0,3,32
21,13,0,4,32
21,13,0,5,16
21,13,0,6,87
21,13,0,7,36
21,13,1,0,6
21,13,1,2,57
21,13,1,3,57
21,13,1,4,16
21,13,1,5,46
21,13,1,6,36
21,13,1,7,36
21,13,2,0,0
21,13,2,3,61
21,13,2,4,16
21,13,2,5,83
21,13,3,1,6
21,13,3,3,26
21,13,3,5,97
21,13,3,6,71
21,13,4,0,0
21,13,4,1,20
21,13,4,4,67
21,13,4,5,46
21,13,4,6,16
21,13,4,7,20
21,13,5,1,0
21,13,5,2,0
21,13,5,3,10
21,13,5,6,42
21,13,5,7,20
21,13,6,0,0
21,13,6,2,16
21,13,6,3,0
21,13,6,4,10
21,13,6,5,6
21,13,6,7,6
21,13,7,1,0
21,13,7,2,51
21,13,7,3,0
21,13,7,4,10
21,13,7,5,0
21,13,7,6,20
22,13,0,0,0
22,13,0,2,6
22,13,0,4,10
22,13,0,5,36
22,13,1,0,0
22,13,1,2,26
22,13,1,4,0
22,13,2,1,0
22,13,2,3,20
22,13,2,4,16
22,13,2,5,51
22,13,2,6,57
22,13,2,7,42
22,13,3,1,0
22,13,3,2,0
22,13,3,3,20
22,13,3,4,6
22,13,3,5,32
22,13,3,6,67
22,13,4,0,0
22,13,4,1,0
22,13,4,5,26
22,13,4,7,16
22,13,5,0,0
22,13,5,3,6
22,13,5,6,10
22,13,5,7,20
22,13,6,0,0
22,13,6,1,6
22,13,6,3,0
22,13,6,4,6
22,13,6,6,0
22,13,6,7,0
22,13,7,3,0
22,13,7,4,10
22,13,7,6,10
22,13,7,7,6
23,13,0,0,0
23,13,0,2,10
23,13,0,3,16
23,13,0,5,10
23,13,0,6,0
23,13,1,0,0
23,13,1,1,0
23,13,1,6,6
23,13,2,1,0
23,13,2,2,16
23,13,2,3,10
23,13,2,5,6
23,13,2,6,26
23,13,2,7,67
23,13,3,0,0
23,13,3,4,6
23,13,3,5,46
23,13,4,1,0
23,13,4,3,103
23,13,4,4,10
23,13,4,5,32
23,13,4,7,20
23,13,5,0,0
23,13,5,1,0
23,13,5,2,10
23,13,5,4,16
23,13,5,5,6
23,13,5,7,26
23,13,6,1,6
23,13,6,5,46
23,13,7,1,0
23,13,7,2,0
23,13,7,4,0
23,13,7,5,10
0,14,0,0,0
0,14,0,5,0
0,14,0,6,0
0,14,1,2,0
0,14,1,3,0
0,14,1,5,0
0,14,1,6,0
0,14,1,7,16
0,14,2,0,0
0,14,2,2,0
0,14,2,3,0
0,14,2,7,10
0,14,3,1,0
0,14,3,2,0
0,14,3,4,10
0,14,3,5,26
0,14,3,6,16
0,14,3,7,6
0,14,4,0,0
0,14,4,2,6
0,14,4,3,87
0,14,4,4,6
0,14,4,7,0
0,14,5,0,0
0,14,5,3,6
0,14,5,5,0
0,14,5,6,0
0,14,6,2,0
0,14,6,3,6
0,14,6,6,6
0,14,6,7,0
0,14,7,0,0
0,14,7,2,0
1,14,0,1,0
1,14,0,2,0
1,14,0,3,0
1,14,0,5,6
1,14,0,7,6
1,14,1,1,16
1,14,1,6,0
1,14,2,0,0
1,14,2,2,0
1,14,2,3,0
1,14,3,1,0
1,14,3,2,0
1,14,3,3,16
1,14,3,6,6
1,14,4,1,0
1,14,4,4,10
1,14,5,0,0
1,14,5,2,0
1,14,5,4,0
1,14,5,5,10
1,14,5,6,0
1,14,6,2,0
1,14,6,3,0
1,14,6,4,0
1,14,6,5,0
1,14,6,7,6
1,14,7,1,0
1,14,7,2,0
1,14,7,3,0
1,14,7,4,0
1,14,7,5,0
1,14,7,6,6
1,14,7,7,0
2,14,0,0,6
2,14,0,2,0
2,14,0,4,0
2,14,1,7,0
2,14,2,0,0
2,14,2,1,0
2,14,2,2,16
2,14,2,6,0
2,14,2,7,0
2,14,3,0,0
2,14,3,1,0
2,14,3,2,0
2,14,3,4,0
2,14,3,6,6
2,14,4,0,0
2,14,4,1,0
2,14,4,3,0
2,14,4,4,10
2,14,4,5,10
2,14,4,6,0
2,14,5,0,0
2,14,6,0,0
2,14,6,1,0
2,14,6,2,0
2,14,6,7,6
2,14,7,0,0
2,14,7,3,0
2,14,7,4,0
2,14,7,5,0
2,14,7,7,0
3,14,0,2,0
3,14,0,5,0
3,14,0,7,0
3,14,1,0,0
3,14,1,1,10
3,14,1,2,0
3,14,1,3,0
3,14,1,5,20
3,14,1,6,20
3,14,1,7,0
3,14,2,0,0
3,14,2,1,0
3,14,2,2,0
3,14,2,4,0
3,14,2,5,6
3,14,2,6,0
3,14,2,7,10
3,14,3,0,0
3,14,3,1,0
3,14,3,2,6
3,14,3,4,0
3,14,3,5,6
3,14,3,7,6
3,14,4,0,0
3,14,4,1,0
3,14,4,2,0
3,14,4,3,6
3,14,4,4,6
3,14,4,6,0
3,14,5,1,0
3,14,5,3,0
3,14,5,4,0
3,14,5,5,6
3,14,5,7,0
3,14,6,0,0
3,14,6,1,0
3,14,6,5,32
3,14,6,6,6
3,14,7,1,0
3,14,7,4,0
3,14,7,6,0
4,14,0,2,0
4,14,0,3,6
4,14,0,5,0
4,14,0,6,0
4,14,0,7,0
4,14,1,0,0
4,14,1,1,0
4,14,1,2,0
4,14,1,3,10
4,14,1,4,0
4,14,1,5,6
4,14,1,6,32
4,14,2,0,0
4,14,2,1,0
4,14,2,2,6
4,14,2,4,6
4,14,2,5,0
4,14,2,7,0
4,14,3,0,0
4,14,3,2,0
4,14,3,6,0
4,14,4,2,0
4,14,4,3,0
4,14,4,4,0
4,14,4,6,6
4,14,4,7,0
4,14,5,2,0
4,14,5,3,0
4,14,5,4,6
4,14,5,5,6
4,14,5,7,0
4,14,6,0,0
4,14,6,5,16
4,14,6,6,0
4,14,6,7,16
4,14,7,0,0
4,14,7,1,0
4,14,7,2,0
4,14,7,3,0
4,14,7,4,0
5,14,0,0,6
5,14,1,3,71
5,14,1,5,20
5,14,2,0,0
5,14,2,1,0
5,14,2,2,16
5,14,2,3,10
5,14,2,5,36
5,14,2,6,20
5,14,3,0,0
5,14,3,1,0
5,14,3,2,20
5,14,3,4,6
5,14,3,5,57
5,14,3,7,0
5,14,4,0,0
5,14,4,2,0
5,14,4,3,51
5,14,4,6,0
5,14,5,0,0
5,14,5,4,16
5,14,5,5,32
5,14,5,6,6
5,14,5,7,6
5,14,6,2,0
5,14,6,4,0
5,14,6,6,6
5,14,7,2,0
5,14,7,3,0
5,14,7,4,0
5,14,7,5,0
5,14,7,7,0
6,14,0,0,10
6,14,0,2,26
6,14,0,3,46
6,14,0,4,42
6,14,0,5,83
6,14,0,6,61
6,14,0,7,71
6,14,1,0,0
6,14,1,1,0
6,14,1,2,170
6,14,1,3,226
6,14,1,4,87
6,14,2,1,0
6,14,2,2,57
6,14,2,4,83
6,14,2,5,164
6,14,2,6,103
6,14,2,7,67
6,14,3,1,42
6,14,3,2,26
6,14,3,3,103
6,14,3,5,46
6,14,3,7,10
6,14,4,2,0
6,14,4,3,16
6,14,4,4,16
6,14,4,5,16
6,14,4,6,20
6,14,5,3,10
6,14,5,4,36
6,14,5,5,46
6,14,6,0,0
6,14,6,3,6
6,14,6,4,0
6,14,6,5,10
6,14,6,6,87
6,14,6,7,6
6,14,7,0,0
6,14,7,2,0
6,14,7,3,0
6,14,7,5,0
6,14,7,7,51
7,14,0,2,16
7,14,0,5,139
7,14,0,6,83
7,14,1,0,0
7,14,1,1,0
7,14,1,5,186
7,14,1,6,20
7,14,1,7,148
7,14,2,0,0
7,14,2,1,0
7,14,2,2,61
7,14,2,3,61
7,14,2,4,71
7,14,3,0,0
7,14,3,1,0
7,14,3,2,16
7,14,3,3,160
7,14,3,5,42
7,14,3,6,71
7,14,4,2,0
7,14,4,3,32
7,14,4,6,16
7,14,4,7,32
7,14,5,4,6
7,14,5,5,46
7,14,5,7,32
7,14,6,1,0
7,14,6,4,32
7,14,6,7,10
7,14,7,0,0
7,14,7,2,0
7,14,7,3,0
7,14,7,4,0
7,14,7,6,32
8,14,0,0,36
8,14,0,1,10
8,14,0,2,32
8,14,0,3,10
8,14,0,4,61
8,14,0,5,109
8,14,0,7,109
8,14,1,1,10
8,14,1,4,83
8,14,1,7,190
8,14,2,0,0
8,14,2,3,109
8,14,2,5,87
8,14,3,0,0
8,14,3,1,6
8,14,3,2,20
8,14,3,3,113
8,14,3,7,145
8,14,4,0,0
8,14,4,2,0
8,14,4,3,32
8,14,4,5,51
8,14,4,7,67
8,14,5,2,6
8,14,5,3,20
8,14,5,6,123
8,14,6,1,16
8,14,6,2,0
8,14,6,3,10
8,14,6,4,6
8,14,6,6,16
8,14,7,0,0
8,14,7,1,0
8,14,7,2,0
8,14,7,4,0
8,14,7,6,42
9,14,0,0,10
9,14,0,1,46
9,14,0,2,36
9,14,0,3,57
9,14,1,2,51
9,14,1,4,51
9,14,1,5,109
9,14,1,6,77
9,14,1,7,71
9,14,2,0,6
9,14,2,1,16
9,14,2,2,16
9,14,2,4,83
9,14,2,5,135
9,14,2,6,119
9,14,3,0,0
9,14,3,3,103
9,14,3,5,135
9,14,3,6,103
9,14,4,2,0
9,14,4,4,42
9,14,4,6,57
9,14,5,0,0
9,14,5,1,0
9,14,5,3,0
9,14,5,4,26
9,14,5,5,83
9,14,5,6,32
9,14,5,7,113
9,14,6,0,0
9,14,6,2,0
9,14,6,3,0
9,14,6,4,0
9,14,6,5,32
9,14,7,0,0
9,14,7,1,0
9,14,7,4,0
9,14,7,5,0
9,14,7,6,26
10,14,0,0,0
10,14,0,2,20
10,14,0,3,57
10,14,0,4,61
10,14,0,5,61
10,14,0,6,251
10,14,1,0,6
10,14,1,2,71
10,14,1,3,87
10,14,1,4,93
10,14,1,7,87
10,14,2,1,10
10,14,2,2,16
10,14,2,3,129
10,14,2,4,135
10,14,2,5,103
10,14,2,7,51
10,14,3,0,0
10,14,3,2,10
10,14,3,5,113
10,14,3,7,20
10,14,4,0,0
10,14,5,0,0
10,14,5,2,36
10,14,5,3,42
10,14,5,4,32
10,14,5,5,67
10,14,5,6,93
10,14,5,7,16
10,14,6,0,0
10,14,6,1,0
10,14,6,2,6
10,14,6,6,16
10,14,7,0,0
10,14,7,1,0
10,14,7,3,0
10,14,7,5,0
10,14,7,7,6
11,14,0,3,42
11,14,0,4,61
11,14,0,5,135
11,14,0,6,273
11,14,1,0,0
11,14,1,1,0
11,14,1,4,10
11,14,1,5,123
11,14,2,0,0
11,14,2,1,16
11,14,2,2,36
11,14,2,3,77
11,14,2,6,77
11,14,3,2,6
11,14,3,3,36
11,14,3,4,87
11,14,3,6,123
11,14,3,7,36
11,14,4,0,6
11,14,4,1,10
11,14,4,4,26
11,14,4,5,57
11,14,4,6,119
11,14,5,1,0
11,14,5,3,0
11,14,5,4,16
11,14,5,5,67
11,14,5,7,83
11,14,6,0,0
11,14,6,1,0
11,14,6,2,0
11,14,6,5,57
11,14,6,6,0
11,14,7,2,0
11,14,7,4,0
11,14,7,5,16
11,14,7,6,0
11,14,7,7,103
12,14,0,1,6
12,14,0,2,32
12,14,0,3,109
12,14,0,4,26
12,14,0,7,113
12,14,1,1,0
12,14,1,2,20
12,14,1,6,97
12,14,2,0,0
12,14,2,3,61
12,14,2,4,71
12,14,2,7,67
12,14,3,1,20
12,14,3,2,10
12,14,3,5,145
12,14,3,6,109
12,14,4,1,20
12,14,4,4,51
12,14,5,0,0
12,14,5,3,10
12,14,6,0,0
12,14,6,1,26
12,14,6,3,0
12,14,6,5,20
12,14,7,1,0
12,14,7,3,6
12,14,7,5,0
12,14,7,7,6
13,14,0,0,10
13,14,0,2,32
13,14,0,3,51
13,14,0,4,109
13,14,0,5,129
13,14,0,6,283
13,14,0,7,97
13,14,1,0,0
13,14,1,3,71
13,14,1,5,103
13,14,1,6,170
13,14,2,2,10
13,14,2,5,113
13,14,3,3,46
13,14,3,4,42
13,14,3,7,6
13,14,4,0,0
13,14,4,2,0
13,14,4,5,42
13,14,4,6,145
13,14,5,1,6
13,14,5,2,16
13,14,5,4,6
13,14,5,6,83
13,14,6,0,0
13,14,6,2,0
13,14,6,3,0
13,14,6,6,0
13,14,6,7,16
13,14,7,0,0
13,14,7,1,0
13,14,7,3,10
13,14,7,4,0
13,14,7,5,32
13,14,7,6,6
13,14,7,7,10
14,14,0,0,57
14,14,0,3,67
14,14,0,4,200
14,14,0,6,396
14,14,1,1,6
14,14,1,2,16
14,14,1,5,309
14,14,1,6,293
14,14,1,7,83
14,14,2,0,0
14,14,2,1,6
14,14,2,2,20
14,14,2,5,174
14,14,2,7,57
14,14,3,0,0
14,14,3,2,0
14,14,3,3,61
14,14,3,7,67
14,14,4,2,10
14,14,4,3,109
14,14,4,4,61
14,14,4,6,238
14,14,4,7,46
14,14,5,1,0
14,14,5,2,0
14,14,5,3,6
14,14,5,4,16
14,14,5,6,145
14,14,5,7,57
14,14,6,1,0
14,14,6,3,51
14,14,6,4,380
14,14,6,6,6
14,14,6,7,0
14,14,7,0,0
14,14,7,1,0
14,14,7,2,0
14,14,7,3,10
14,14,7,4,6
14,14,7,5,6
14,14,7,6,6
14,14,7,7,0
15,14,0,1,6
15,14,0,2,42
15,14,0,3,93
15,14,0,4,113
15,14,0,6,546
15,14,1,0,6
15,14,1,2,32
15,14,1,3,148
15,14,1,7,139
15,14,2,2,32
15,14,2,5,247
15,14,2,6,740
15,14,2,7,71
15,14,3,0,51
15,14,3,2,10
15,14,3,3,67
15,14,3,4,71
15,14,3,6,319
15,14,3,7,46
15,14,4,1,10
15,14,4,3,67
15,14,4,4,83
15,14,4,5,180
15,14,4,7,71
15,14,5,1,6
15,14,5,2,6
15,14,5,3,0
15,14,5,4,0
15,14,5,6,170
15,14,5,7,42
15,14,6,0,0
15,14,6,2,0
15,14,6,4,6
15,14,6,5,160
15,14,6,7,71
15,14,7,0,0
15,14,7,1,0
15,14,7,3,0
15,14,7,5,0
15,14,7,6,0
15,14,7,7,26
16,14,0,1,36
16,14,0,4,139
16,14,0,6,859
16,14,0,7,242
16,14,1,3,77
16,14,1,4,71
16,14,1,6,675
16,14,2,1,0
16,14,2,2,42
16,14,2,3,93
16,14,2,5,505
16,14,3,0,10
16,14,3,2,16
16,14,3,6,422
16,14,3,7,42
16,14,4,0,6
16,14,4,1,6
16,14,4,2,0
16,14,4,4,26
16,14,5,2,6
16,14,5,3,20
16,14,5,5,83
16,14,5,6,350
16,14,5,7,26
16,14,6,0,0
16,14,6,1,0
16,14,6,2,16
16,14,6,3,0
16,14,6,4,26
16,14,6,5,6
16,14,6,6,36
16,14,6,7,36
16,14,7,2,0
16,14,7,4,6
16,14,7,7,16
17,14,0,0,6
17,14,0,1,6
17,14,0,2,64
17,14,0,3,173
17,14,0,7,439
17,14,1,1,0
17,14,1,2,44
17,14,1,4,206
17,14,1,5,260
17,14,1,7,173
17,14,2,0,6
17,14,2,1,0
17,14,2,2,48
17,14,2,3,125
17,14,2,7,71
17,14,3,1,10
17,14,3,2,44
17,14,3,3,125
17,14,3,4,102
17,14,3,5,422
17,14,3,6,351
17,14,3,7,44
17,14,4,2,0
17,14,4,5,179
17,14,4,6,480
17,14,4,7,114
17,14,5,0,0
17,14,5,1,27
17,14,5,2,0
17,14,5,4,17
17,14,5,5,98
17,14,5,6,372
17,14,5,7,64
17,14,6,0,0
17,14,6,2,0
17,14,6,4,6
17,14,6,7,48
17,14,7,0,0
17,14,7,1,0
17,14,7,2,0
17,14,7,3,17
17,14,7,4,10
17,14,7,5,0
17,14,7,6,17
17,14,7,7,0
18,14,0,2,27
18,14,0,6,237
18,14,1,0,6
18,14,1,3,81
18,14,1,4,71
18,14,1,5,81
18,14,2,0,0
18,14,2,3,75
18,14,2,4,125
18,14,2,5,173
18,14,2,6,249
18,14,2,7,54
18,14,3,1,0
18,14,3,2,6
18,14,3,4,54
18,14,3,5,162
18,14,3,6,206
18,14,4,3,44
18,14,4,4,60
18,14,4,5,91
18,14,4,6,146
18,14,4,7,75
18,14,5,0,0
18,14,5,2,0
18,14,5,5,75
18,14,5,6,233
18,14,5,7,17
18,14,6,3,6
18,14,6,5,21
18,14,6,7,21
18,14,7,0,0
18,14,7,2,0
18,14,7,3,21
18,14,7,4,6
18,14,7,5,6
18,14,7,7,0
19,14,0,0,27
19,14,0,1,6
19,14,0,3,44
19,14,0,7,102
19,14,1,1,6
19,14,1,2,37
19,14,1,7,75
19,14,2,2,87
19,14,2,5,146
19,14,2,6,183
19,14,3,4,91
19,14,3,6,237
19,14,4,3,304
19,14,4,6,210
19,14,4,7,27
19,14,5,3,33
19,14,5,6,60
19,14,5,7,64
19,14,6,0,0
19,14,6,3,0
19,14,6,4,0
19,14,6,5,6
19,14,6,7,6
19,14,7,0,0
19,14,7,2,0
19,14,7,3,6
19,14,7,4,0
19,14,7,5,0
19,14,7,6,10
19,14,7,7,0
20,14,0,0,6
20,14,0,1,17
20,14,0,2,17
20,14,0,3,37
20,14,0,4,33
20,14,0,6,75
20,14,0,7,75
20,14,1,0,0
20,14,1,7,64
20,14,2,1,0
20,14,2,5,81
20,14,2,6,114
20,14,2,7,71
20,14,3,0,0
20,14,3,2,21
20,14,3,3,81
20,14,3,4,44
20,14,3,6,98
20,14,4,0,10
20,14,4,1,33
20,14,4,2,0
20,14,4,4,27
20,14,4,5,64
20,14,4,6,91
20,14,4,7,17
20,14,5,0,0
20,14,5,1,0
20,14,5,3,10
20,14,5,6,10
20,14,5,7,91
20,14,6,2,0
20,14,6,5,27
20,14,6,7,10
20,14,7,0,0
20,14,7,1,0
20,14,7,4,6
20,14,7,5,10
21,14,0,0,6
21,14,0,1,21
21,14,0,5,48
21,14,1,0,0
21,14,1,1,10
21,14,1,2,64
21,14,1,3,87
21,14,1,4,33
21,14,1,5,54
21,14,1,6,44
21,14,1,7,37
21,14,2,1,0
21,14,2,3,48
21,14,3,1,6
21,14,3,2,21
21,14,3,5,179
21,14,3,7,33
21,14,4,0,0
21,14,4,1,0
21,14,4,3,108
21,14,4,6,27
21,14,4,7,10
21,14,5,0,0
21,14,5,2,0
21,14,5,4,17
21,14,5,6,6
21,14,5,7,17
21,14,6,1,6
21,14,6,3,0
21,14,6,5,0
21,14,6,7,21
21,14,7,1,0
21,14,7,2,0
21,14,7,3,17
21,14,7,4,44
22,14,0,0,6
22,14,0,2,27
22,14,0,3,37
22,14,0,4,37
22,14,0,5,71
22,14,0,7,21
22,14,1,1,0
22,14,1,2,10
22,14,1,5,17
22,14,1,7,33
22,14,2,0,0
22,14,2,2,27
22,14,2,3,27
22,14,2,4,37
22,14,2,5,48
22,14,2,7,37
22,14,3,1,6
22,14,3,3,54
22,14,4,1,21
22,14,4,2,0
22,14,4,6,17
22,14,5,0,0
22,14,5,3,0
22,14,5,6,0
22,14,5,7,21
22,14,6,1,0
22,14,6,3,0
22,14,6,6,0
22,14,7,2,0
22,14,7,4,0
22,14,7,5,0
22,14,7,6,6
22,14,7,7,0
23,14,0,1,0
23,14,0,3,10
23,14,0,4,10
23,14,1,0,0
23,14,1,1,0
23,14,1,2,17
23,14,1,4,6
23,14,1,5,27
23,14,1,7,27
23,14,2,2,6
23,14,2,3,33
23,14,2,5,0
23,14,2,7,27
23,14,3,0,0
23,14,3,2,10
23,14,3,3,64
23,14,3,4,6
23,14,3,6,17
23,14,3,7,6
23,14,4,4,0
23,14,5,1,0
23,14,5,3,0
23,14,5,4,21
23,14,5,6,17
23,14,5,7,6
23,14,6,0,0
23,14,6,1,0
23,14,6,2,0
23,14,6,3,0
23,14,6,4,0
23,14,6,5,6
23,14,6,6,6
23,14,7,1,0
23,14,7,3,0
23,14,7,4,6
23,14,7,5,6
0,15,0,1,0
0,15,0,4,10
0,15,0,5,6
0,15,1,0,0
0,15,1,2,6
0,15,1,3,33
0,15,1,4,0
0,15,1,5,17
0,15,2,0,0
0,15,2,1,0
0,15,2,3,10
0,15,2,5,0
0,15,2,6,48
0,15,2,7,6
0,15,3,0,0
0,15,3,1,0
0,15,3,2,0
0,15,3,6,33
0,15,3,7,17
0,15,4,2,0
0,15,4,3,71
0,15,4,4,0
0,15,4,5,0
0,15,4,6,21
0,15,5,1,0
0,15,5,2,0
0,15,5,3,6
0,15,5,5,17
0,15,5,6,6
0,15,6,0,0
0,15,6,3,17
0,15,6,4,0
0,15,6,6,0
0,15,7,0,0
0,15,7,3,0
0,15,7,4,0
0,15,7,5,0
1,15,0,0,0
1,15,0,2,0
1,15,0,4,0
1,15,0,5,0
1,15,0,6,0
1,15,0,7,0
1,15,1,0,0
1,15,1,1,0
1,15,1,2,0
1,15,1,4,0
1,15,1,5,0
1,15,1,6,0
1,15,1,7,0
1,15,2,0,0
1,15,2,1,0
1,15,2,3,0
1,15,2,4,10
1,15,2,5,10
1,15,3,1,0
1,15,3,2,0
1,15,3,3,10
1,15,3,4,0
1,15,3,6,17
1,15,3,7,0
1,15,4,1,0
1,15,4,2,0
1,15,4,3,21
1,15,4,5,0
1,15,4,6,6
1,15,5,0,0
1,15,5,1,0
1,15,5,4,0
1,15,6,0,0
1,15,6,1,0
1,15,6,2,0
1,15,6,4,6
1,15,6,5,0
1,15,7,3,0
1,15,7,4,0
2,15,0,0,0
2,15,0,2,6
2,15,0,3,0
2,15,0,4,0
2,15,0,5,0
2,15,1,1,0
2,15,1,6,10
2,15,1,7,0
2,15,2,0,0
2,15,2,3,0
2,15,2,4,0
2,15,2,6,6
2,15,3,0,0
2,15,3,3,0
2,15,3,4,0
2,15,3,5,0
2,15,3,6,0
2,15,4,0,0
2,15,4,1,0
2,15,4,2,0
2,15,4,7,0
2,15,5,0,0
2,15,5,2,27
2,15,5,5,6
2,15,6,2,0
2,15,6,3,0
2,15,6,5,0
2,15,6,6,0
2,15,6,7,0
2,15,7,0,0
2,15,7,2,0
2,15,7,3,0
2,15,7,5,0
2,15,7,6,0
2,15,7,7,0
3,15,0,1,0
3,15,0,2,0
3,15,0,3,0
3,15,0,4,0
3,15,0,5,0
3,15,0,6,0
3,15,0,7,0
3,15,1,4,17
3,15,1,5,6
3,15,1,6,6
3,15,1,7,0
3,15,2,0,0
3,15,2,1,0
3,15,3,6,0
3,15,3,7,0
3,15,4,4,0
3,15,4,6,0
3,15,4,7,0
3,15,5,1,0
3,15,5,2,17
3,15,5,4,0
3,15,5,5,0
3,15,5,6,0
3,15,5,7,0
3,15,6,0,0
3,15,6,2,17
3,15,6,3,0
3,15,6,6,0
3,15,6,7,0
3,15,7,3,0
3,15,7,4,0
3,15,7,6,0
3,15,7,7,0
4,15,0,0,6
4,15,0,1,0
4,15,0,2,6
4,15,0,3,0
4,15,0,6,0
4,15,1,4,6
4,15,1,5,0
4,15,1,6,6
4,15,1,7,6
4,15,2,1,0
4,15,2,3,6
4,15,3,0,0
4,15,3,3,21
4,15,3,4,10
4,15,3,5,17
4,15,3,6,0
4,15,3,7,0
4,15,4,0,0
4,15,4,1,0
4,15,4,2,0
4,15,4,5,17
4,15,5,1,0
4,15,5,2,0
4,15,5,4,10
4,15,5,5,6
4,15,5,6,0
4,15,6,0,0
4,15,6,2,0
4,15,6,3,0
4,15,6,4,0
4,15,6,5,6
4,15,6,7,0
4,15,7,0,0
4,15,7,2,0
4,15,7,4,0
4,15,7,7,6
5,15,0,0,6
5,15,0,1,0
5,15,0,2,17
5,15,0,3,10
5,15,0,7,37
5,15,1,1,0
5,15,1,2,37
5,15,1,3,162
5,15,1,4,21
5,15,1,5,27
5,15,1,7,27
5,15,2,1,0
5,15,2,2,6
5,15,2,5,21
5,15,2,6,10
5,15,3,0,0
5,15,3,1,0
5,15,3,2,6
5,15,3,3,44
5,15,3,5,17
5,15,3,7,6
5,15,4,0,0
5,15,4,1,6
5,15,4,3,17
5,15,4,7,27
5,15,5,2,0
5,15,5,3,6
5,15,5,4,33
5,15,6,1,0
5,15,6,2,0
5,15,6,4,10
5,15,6,5,0
5,15,6,6,21
5,15,7,2,0
5,15,7,4,0
6,15,0,0,6
6,15,0,1,6
6,15,0,2,48
6,15,0,3,75
6,15,0,5,44
6,15,0,6,71
6,15,0,7,44
6,15,1,4,44
6,15,1,5,125
6,15,2,0,0
6,15,2,3,114
6,15,2,4,114
6,15,2,6,44
6,15,3,0,0
6,15,3,2,10
6,15,3,3,81
6,15,3,6,37
6,15,3,7,44
6,15,4,0,6
6,15,4,1,6
6,15,4,2,0
6,15,4,4,48
6,15,4,6,37
6,15,5,0,0
6,15,5,4,10
6,15,6,0,0
6,15,6,1,0
6,15,6,2,0
6,15,6,3,0
6,15,6,4,10
6,15,6,5,54
6,15,6,7,21
6,15,7,0,0
6,15,7,1,0
6,15,7,2,0
6,15,7,6,0
6,15,7,7,6
7,15,0,0,6
7,15,0,2,6
7,15,0,4,37
7,15,0,5,81
7,15,0,7,87
7,15,1,0,0
7,15,1,3,114
7,15,1,4,75
7,15,1,5,179
7,15,1,6,125
7,15,2,0,0
7,15,2,1,0
7,15,2,2,37
7,15,2,3,91
7,15,2,6,54
7,15,3,3,114
7,15,3,4,91
7,15,3,5,81
7,15,3,6,87
7,15,4,0,0
7,15,4,1,10
7,15,4,2,0
7,15,4,3,37
7,15,4,6,102
7,15,5,1,0
7,15,5,2,6
7,15,5,3,6
7,15,5,7,17
7,15,6,1,0
7,15,6,5,33
7,15,7,6,6
7,15,7,7,0
8,15,0,2,27
8,15,0,3,206
8,15,0,7,156
8,15,1,0,0
8,15,1,1,10
8,15,1,2,87
8,15,1,3,216
8,15,1,4,102
8,15,1,7,98
8,15,2,1,10
8,15,2,3,102
8,15,2,4,129
8,15,2,5,114
8,15,2,7,146
8,15,3,0,0
8,15,3,1,0
8,15,3,2,48
8,15,3,4,108
8,15,4,0,0
8,15,4,1,17
8,15,4,3,37
8,15,4,4,54
8,15,4,5,64
8,15,4,6,48
8,15,5,0,0
8,15,5,2,0
8,15,5,3,395
8,15,5,6,10
8,15,5,7,33
8,15,6,0,0
8,15,6,2,0
8,15,6,3,0
8,15,6,4,6
8,15,6,5,33
8,15,6,6,0
8,15,6,7,0
8,15,7,2,0
8,15,7,3,0
8,15,7,4,6
8,15,7,6,0
8,15,7,7,0
9,15,0,0,10
9,15,0,1,10
9,15,0,2,44
9,15,0,3,102
9,15,0,4,71
9,15,0,5,227
9,15,0,6,108
9,15,0,7,98
9,15,1,2,44
9,15,1,3,114
9,15,1,4,48
9,15,1,5,114
9,15,2,0,6
9,15,2,1,6
9,15,2,2,64
9,15,2,3,54
9,15,2,4,81
9,15,2,5,125
9,15,2,6,162
9,15,3,1,6
9,15,3,5,152
9,15,3,6,108
9,15,3,7,37
9,15,4,0,0
9,15,4,1,0
9,15,4,2,0
9,15,4,6,81
9,15,4,7,44
9,15,5,0,0
9,15,5,1,0
9,15,5,3,10
9,15,5,4,21
9,15,5,5,33
9,15,5,7,21
9,15,6,0,0
9,15,6,2,0
9,15,6,3,27
9,15,6,4,21
9,15,6,7,17
9,15,7,0,0
9,15,7,2,0
9,15,7,3,0
9,15,7,4,6
9,15,7,6,0
9,15,7,7,0
10,15,0,2,33
10,15,0,6,308
10,15,1,0,0
10,15,1,1,0
10,15,1,3,54
10,15,1,4,75
10,15,1,5,118
10,15,1,6,216
10,15,2,1,6
10,15,2,2,17
10,15,2,3,75
10,15,2,4,64
10,15,3,1,6
10,15,3,3,71
10,15,3,5,156
10,15,3,6,156
10,15,4,0,6
10,15,4,2,0
10,15,4,3,17
10,15,4,4,37
10,15,4,6,75
10,15,4,7,64
10,15,5,1,10
10,15,5,3,17
10,15,5,4,17
10,15,5,5,17
10,15,5,6,37
10,15,6,2,0
10,15,6,3,27
10,15,6,4,6
10,15,6,6,6
10,15,6,7,54
10,15,7,4,10
10,15,7,5,6
11,15,0,0,10
11,15,0,1,27
11,15,0,2,37
11,15,0,3,129
11,15,0,4,64
11,15,0,5,81
11,15,0,6,141
11,15,0,7,125
11,15,1,0,0
11,15,1,1,6
11,15,1,2,27
11,15,1,3,71
11,15,1,4,27
11,15,2,2,27
11,15,2,3,146
11,15,2,4,108
11,15,2,5,146
11,15,2,7,87
11,15,3,0,6
11,15,3,1,6
11,15,3,5,189
11,15,4,0,17
11,15,4,1,6
11,15,4,3,27
11,15,4,4,37
11,15,5,0,0
11,15,5,1,6
11,15,5,2,0
11,15,5,4,54
11,15,5,6,71
11,15,6,2,6
11,15,6,3,0
11,15,6,4,0
11,15,6,5,27
11,15,7,0,0
11,15,7,1,0
11,15,7,2,0
11,15,7,5,6
11,15,7,6,10
11,15,7,7,10
12,15,0,0,6
12,15,0,1,17
12,15,0,2,44
12,15,0,3,98
12,15,0,4,75
12,15,0,6,146
12,15,1,0,0
12,15,1,1,33
12,15,1,3,48
12,15,1,4,10
12,15,1,5,114
12,15,2,1,17
12,15,2,2,10
12,15,2,3,64
12,15,2,5,102
12,15,2,6,125
12,15,3,0,6
12,15,3,1,6
12,15,3,3,33
12,15,3,4,48
12,15,3,6,162
12,15,3,7,48
12,15,4,0,0
12,15,4,1,17
12,15,4,2,0
12,15,4,3,37
12,15,4,5,87
12,15,4,7,71
12,15,5,1,6
12,15,5,3,17
12,15,5,5,108
12,15,5,6,102
12,15,5,7,17
12,15,6,2,0
12,15,6,3,10
12,15,6,4,6
12,15,6,5,33
12,15,6,6,10
12,15,6,7,6
12,15,7,2,0
12,15,7,3,0
12,15,7,6,6
12,15,7,7,21
13,15,0,2,17
13,15,0,3,141
13,15,0,5,118
13,15,0,7,156
13,15,1,4,87
13,15,1,6,108
13,15,2,1,0
13,15,2,2,87
13,15,2,5,48
13,15,2,7,60
13,15,3,1,17
13,15,3,2,27
13,15,3,5,237
13,15,3,7,10
13,15,4,0,6
13,15,4,2,0
13,15,4,3,60
13,15,4,6,81
13,15,5,1,0
13,15,5,3,17
13,15,5,4,10
13,15,6,0,0
13,15,6,1,0
13,15,6,2,0
13,15,6,3,0
13,15,6,4,10
13,15,6,5,10
13,15,7,1,0
13,15,7,2,0
13,15,7,3,0
13,15,7,5,0
13,15,7,6,98
14,15,0,2,33
14,15,0,3,114
14,15,0,4,114
14,15,0,7,156
14,15,1,3,108
14,15,1,4,118
14,15,1,5,233
14,15,2,1,10
14,15,2,3,75
14,15,2,4,64
14,15,2,6,308
14,15,2,7,48
14,15,3,0,6
14,15,3,2,21
14,15,3,3,114
14,15,3,5,291
14,15,3,6,304
14,15,3,7,48
14,15,4,0,17
14,15,4,1,10
14,15,4,5,129
14,15,4,7,71
14,15,5,0,10
14,15,5,1,0
14,15,5,2,6
14,15,5,3,10
14,15,5,6,146
14,15,5,7,60
14,15,6,0,10
14,15,6,1,0
14,15,6,3,21
14,15,6,4,10
14,15,6,6,81
14,15,6,7,33
14,15,7,1,0
14,15,7,2,0
14,15,7,3,6
14,15,7,5,10
14,15,7,7,33
15,15,0,0,33
15,15,0,2,48
15,15,0,4,141
15,15,0,5,605
15,15,0,7,270
15,15,1,2,37
15,15,1,6,827
15,15,1,7,146
15,15,2,0,0
15,15,2,6,1254
15,15,2,7,54
15,15,3,3,71
15,15,3,4,54
15,15,4,2,17
15,15,4,3,33
15,15,4,5,216
15,15,5,0,0
15,15,5,1,0
15,15,5,2,6
15,15,5,4,27
15,15,5,5,195
15,15,5,7,27
15,15,6,3,21
15,15,6,4,10
15,15,6,6,152
15,15,7,0,0
15,15,7,4,21
15,15,7,6,6
16,15,0,2,54
16,15,0,3,129
16,15,0,5,416
16,15,0,7,195
16,15,1,1,0
16,15,1,2,81
16,15,1,3,162
16,15,1,5,486
16,15,1,6,994
16,15,1,7,222
16,15,2,0,10
16,15,2,4,125
16,15,2,6,1476
16,15,2,7,125
16,15,3,0,10
16,15,3,3,60
16,15,3,4,98
16,15,3,5,574
16,15,3,6,497
16,15,3,7,60
16,15,4,1,27
16,15,4,2,0
16,15,4,3,152
16,15,4,4,21
16,15,4,6,318
16,15,4,7,71
16,15,5,0,6
16,15,5,1,0
16,15,5,2,0
16,15,5,3,17
16,15,5,4,64
16,15,5,6,195
16,15,6,0,0
16,15,6,1,0
16,15,6,3,6
16,15,6,4,10
16,15,6,6,87
16,15,6,7,33
16,15,7,0,0
16,15,7,1,0
16,15,7,2,0
16,15,7,3,0
16,15,7,4,10
16,15,7,5,6
16,15,7,6,6
17,15,0,0,0
17,15,0,1,0
17,15,0,4,114
17,15,0,5,646
17,15,0,6,930
17,15,1,0,7
17,15,1,1,7
17,15,1,2,68
17,15,1,3,164
17,15,1,4,57
17,15,1,6,1153
17,15,2,4,148
17,15,2,6,1242
17,15,3,1,7
17,15,3,3,114
17,15,3,5,517
17,15,3,7,50
17,15,4,0,0
17,15,4,1,0
17,15,4,3,79
17,15,4,4,28
17,15,5,3,28
17,15,5,4,39
17,15,5,5,50
17,15,5,6,284
17,15,6,0,0
17,15,6,1,0
17,15,6,2,0
17,15,6,3,0
17,15,6,4,28
17,15,6,7,39
17,15,7,2,0
17,15,7,6,0
17,15,7,7,68
18,15,0,1,0
18,15,0,4,50
18,15,0,5,159
18,15,0,6,319
18,15,1,1,0
18,15,1,3,39
18,15,1,4,148
18,15,1,5,148
18,15,1,6,886
18,15,2,0,17
18,15,2,2,68
18,15,2,7,17
18,15,3,1,0
18,15,3,6,135
18,15,3,7,103
18,15,4,1,0
18,15,4,2,0
18,15,4,3,74
18,15,4,7,35
18,15,5,0,0
18,15,5,1,7
18,15,5,2,39
18,15,5,3,0
18,15,5,4,11
18,15,5,6,159
18,15,6,1,0
18,15,6,2,7
18,15,6,5,7
18,15,6,7,0
18,15,7,0,0
18,15,7,2,0
18,15,7,3,0
18,15,7,4,7
18,15,7,5,0
18,15,7,7,7
19,15,0,4,103
19,15,0,5,92
19,15,0,6,358
19,15,0,7,148
19,15,1,1,7
19,15,1,2,28
19,15,1,3,35
19,15,1,4,17
19,15,1,6,227
19,15,2,2,57
19,15,2,5,170
19,15,2,6,341
19,15,3,1,0
19,15,3,2,17
19,15,3,3,63
19,15,3,4,74
19,15,3,5,255
19,15,3,7,46
19,15,4,0,0
19,15,4,3,103
19,15,4,4,103
19,15,4,5,103
19,15,4,7,11
19,15,5,0,0
19,15,5,1,0
19,15,5,2,17
19,15,5,3,7
19,15,5,7,17
19,15,6,0,0
19,15,6,1,0
19,15,6,2,0
19,15,6,5,11
19,15,6,7,11
19,15,7,2,0
19,15,7,3,0
19,15,7,4,28
19,15,7,5,28
19,15,7,6,0
20,15,0,1,28
20,15,0,3,39
20,15,1,0,0
20,15,1,1,0
20,15,1,3,57
20,15,1,4,92
20,15,2,1,7
20,15,2,2,22
20,15,2,3,35
20,15,2,4,46
20,15,3,0,0
20,15,3,2,11
20,15,3,6,210
20,15,4,2,0
20,15,4,3,35
20,15,4,5,79
20,15,4,7,22
20,15,5,1,0
20,15,5,3,17
20,15,5,5,7
20,15,5,6,50
20,15,5,7,0
20,15,6,1,0
20,15,6,3,0
20,15,6,4,11
20,15,6,7,17
20,15,7,1,0
20,15,7,2,0
20,15,7,3,7
20,15,7,6,17
20,15,7,7,7
21,15,0,0,11
21,15,0,2,28
21,15,0,3,22
21,15,0,6,120
21,15,1,0,0
21,15,1,4,28
21,15,1,5,35
21,15,1,6,74
21,15,1,7,35
21,15,2,0,0
21,15,2,2,22
21,15,2,3,68
21,15,2,4,35
21,15,2,5,63
21,15,2,6,103
21,15,2,7,50
21,15,3,1,0
21,15,3,2,22
21,15,3,4,7
21,15,3,7,68
21,15,4,0,0
21,15,4,1,22
21,15,4,2,0
21,15,4,3,46
21,15,4,4,22
21,15,4,5,79
21,15,5,0,0
21,15,5,1,7
21,15,5,3,7
21,15,5,4,50
21,15,5,5,63
21,15,5,6,0
21,15,5,7,22
21,15,6,0,0
21,15,6,3,0
21,15,6,5,22
21,15,7,2,0
21,15,7,3,0
22,15,0,0,0
22,15,0,1,0
22,15,0,2,46
22,15,0,3,63
22,15,0,4,7
22,15,0,5,39
22,15,1,1,17
22,15,1,2,28
22,15,1,3,39
22,15,1,6,7
22,15,2,0,0
22,15,2,1,0
22,15,2,2,11
22,15,2,4,7
22,15,2,5,28
22,15,3,3,35
22,15,3,6,107
22,15,4,0,0
22,15,4,2,17
22,15,5,3,0
22,15,5,6,17
22,15,5,7,22
22,15,6,0,0
22,15,6,2,0
22,15,6,3,7
22,15,6,6,28
22,15,7,1,0
22,15,7,3,0
22,15,7,5,7
22,15,7,6,7
22,15,7,7,0
23,15,0,0,0
23,15,0,2,11
23,15,0,3,22
23,15,0,5,11
23,15,0,6,11
23,15,1,0,0
23,15,1,1,0
23,15,1,2,11
23,15,1,3,17
23,15,1,4,17
23,15,1,6,28
23,15,1,7,39
23,15,2,2,7
23,15,2,3,11
23,15,3,5,28
23,15,3,6,39
23,15,4,0,0
23,15,4,1,11
23,15,4,2,0
23,15,4,3,120
23,15,4,6,11
23,15,4,7,57
23,15,5,1,0
23,15,5,3,7
23,15,5,4,7
23,15,5,6,11
23,15,5,7,17
23,15,6,0,0
23,15,6,1,0
23,15,6,2,0
23,15,6,3,7
23,15,6,4,7
23,15,7,0,0
23,15,7,2,0
23,15,7,4,0
23,15,7,7,0
0,16,0,0,0
0,16,0,2,0
0,16,0,3,0
0,16,0,5,0
0,16,0,6,7
0,16,1,0,0
0,16,1,1,7
0,16,1,2,0
0,16,1,5,7
0,16,1,7,7
0,16,2,0,0
0,16,2,1,0
0,16,2,2,11
0,16,2,6,11
0,16,2,7,7
0,16,3,0,0
0,16,3,4,11
0,16,3,7,11
0,16,4,0,0
0,16,4,1,7
0,16,4,2,0
0,16,4,3,96
0,16,4,4,7
0,16,4,5,7
0,16,5,2,0
0,16,5,6,0
0,16,5,7,7
0,16,6,0,0
0,16,6,2,0
0,16,6,5,0
0,16,6,6,0
0,16,7,1,0
0,16,7,2,0
0,16,7,5,0
0,16,7,7,0
1,16,0,0,0
1,16,0,1,0
1,16,0,5,7
1,16,1,0,0
1,16,1,1,0
1,16,1,2,0
1,16,1,3,0
1,16,2,3,0
1,16,2,4,7
1,16,2,5,0
1,16,2,6,7
1,16,3,0,0
1,16,3,3,0
1,16,3,4,0
1,16,3,6,0
1,16,3,7,0
1,16,4,0,0
1,16,4,1,0
1,16,4,3,11
1,16,4,6,7
1,16,4,7,0
1,16,5,0,0
1,16,5,1,0
1,16,5,2,0
1,16,5,3,0
1,16,5,5,11
1,16,5,7,0
1,16,6,0,0
1,16,6,3,0
1,16,6,4,0
1,16,6,5,0
1,16,6,6,0
1,16,6,7,0
1,16,7,0,0
1,16,7,1,0
1,16,7,2,0
1,16,7,3,0
1,16,7,5,0
2,16,0,0,0
2,16,0,1,0
2,16,0,2,0
2,16,0,3,0
2,16,0,4,0
2,16,0,5,7
2,16,0,6,0
2,16,1,0,0
2,16,1,3,0
2,16,1,4,0
2,16,1,6,0
2,16,2,2,0
2,16,2,4,0
2,16,2,5,7
2,16,2,6,7
2,16,2,7,7
2,16,3,3,0
2,16,3,5,28
2,16,3,6,0
2,16,3,7,0
2,16,4,0,0
2,16,4,2,0
2,16,4,5,7
2,16,4,6,0
2,16,5,1,0
2,16,5,4,0
2,16,5,5,0
2,16,5,6,0
2,16,6,0,0
2,16,6,1,0
2,16,6,2,0
2,16,6,3,0
2,16,6,6,0
2,16,6,7,0
2,16,7,1,0
2,16,7,2,0
2,16,7,3,0
2,16,7,5,0
3,16,0,0,0
3,16,0,1,0
3,16,0,4,11
3,16,0,7,7
3,16,1,2,0
3,16,1,3,0
3,16,1,4,0
3,16,1,5,0
3,16,1,7,0
3,16,2,0,0
3,16,2,2,0
3,16,2,3,11
3,16,2,5,28
3,16,2,6,0
3,16,2,7,0
3,16,3,2,0
3,16,3,7,0
3,16,4,0,0
3,16,4,1,0
3,16,4,2,0
3,16,4,4,11
3,16,4,5,0
3,16,4,6,0
3,16,5,3,0
3,16,5,4,0
3,16,5,5,0
3,16,5,6,0
3,16,5,7,0
3,16,6,0,0
3,16,6,1,0
3,16,6,4,0
3,16,6,5,7
3,16,6,6,0
3,16,6,7,0
3,16,7,0,0
3,16,7,2,0
3,16,7,3,0
4,16,0,0,0
4,16,0,1,0
4,16,0,4,0
4,16,0,6,7
4,16,0,7,7
4,16,1,0,0
4,16,1,1,22
4,16,1,2,0
4,16,1,4,0
4,16,1,5,0
4,16,2,0,0
4,16,2,1,0
4,16,2,2,17
4,16,2,3,11
4,16,2,4,17
4,16,2,6,11
4,16,3,0,0
4,16,3,1,0
4,16,3,2,0
4,16,3,3,7
4,16,3,4,0
4,16,3,5,7
4,16,3,6,0
4,16,4,0,0
4,16,4,2,0
4,16,4,3,17
4,16,4,4,7
4,16,4,5,7
4,16,5,0,0
4,16,5,1,0
4,16,5,2,0
4,16,5,3,0
4,16,5,4,0
4,16,6,0,0
4,16,6,1,0
4,16,6,4,0
4,16,6,5,0
4,16,6,6,0
4,16,7,0,0
4,16,7,1,0
4,16,7,2,0
4,16,7,3,0
4,16,7,4,0
4,16,7,5,0
4,16,7,6,7
4,16,7,7,0
5,16,0,0,7
5,16,0,1,0
5,16,0,2,103
5,16,0,3,107
5,16,0,4,28
5,16,0,7,50
5,16,1,3,114
5,16,1,5,11
5,16,1,6,0
5,16,1,7,39
5,16,2,0,0
5,16,2,1,0
5,16,2,4,22
5,16,2,7,46
5,16,3,0,0
5,16,3,1,0
5,16,3,2,46
5,16,3,3,35
5,16,3,4,7
5,16,3,5,17
5,16,3,6,28
5,16,3,7,17
5,16,4,0,0
5,16,4,2,0
5,16,4,3,0
5,16,4,4,46
5,16,4,5,17
5,16,4,6,46
5,16,5,0,0
5,16,5,2,0
5,16,5,3,11
5,16,5,6,0
5,16,5,7,22
5,16,6,0,0
5,16,6,1,0
5,16,6,4,0
5,16,6,6,0
5,16,6,7,39
5,16,7,0,0
5,16,7,2,0
5,16,7,3,0
5,16,7,4,0
5,16,7,7,17
6,16,0,0,22
6,16,0,2,68
6,16,0,3,330
6,16,0,6,28
6,16,0,7,234
6,16,1,0,0
6,16,1,1,7
6,16,1,3,210
6,16,1,5,148
6,16,1,6,35
6,16,1,7,181
6,16,2,0,0
6,16,2,3,220
6,16,2,5,273
6,16,2,6,249
6,16,3,0,0
6,16,3,2,28
6,16,3,3,142
6,16,3,4,92
6,16,3,5,103
6,16,3,6,74
6,16,3,7,148
6,16,4,3,7
6,16,4,4,96
6,16,4,5,68
6,16,4,7,28
6,16,5,0,0
6,16,5,4,63
6,16,5,5,85
6,16,5,6,22
6,16,6,0,0
6,16,6,1,0
6,16,6,7,57
6,16,7,0,0
6,16,7,1,0
6,16,7,2,0
6,16,7,4,0
6,16,7,6,28
7,16,0,0,7
7,16,0,3,159
7,16,0,5,131
7,16,0,6,74
7,16,0,7,103
7,16,1,0,0
7,16,1,4,135
7,16,1,6,57
7,16,2,2,120
7,16,2,5,85
7,16,2,7,96
7,16,3,1,0
7,16,3,7,28
7,16,4,0,0
7,16,4,1,22
7,16,4,2,0
7,16,4,4,92
7,16,4,6,35
7,16,4,7,50
7,16,5,1,0
7,16,5,2,0
7,16,5,3,0
7,16,5,4,0
7,16,5,6,7
7,16,5,7,120
7,16,6,2,7
7,16,6,4,7
7,16,6,7,11
7,16,7,1,0
7,16,7,2,0
7,16,7,6,22
8,16,1,0,0
8,16,1,1,0
8,16,1,2,135
8,16,1,4,50
8,16,1,5,177
8,16,1,6,114
8,16,1,7,107
8,16,2,0,0
8,16,2,1,7
8,16,2,2,92
8,16,2,4,199
8,16,2,6,92
8,16,2,7,135
8,16,3,5,131
8,16,3,6,107
8,16,3,7,96
8,16,4,1,0
8,16,4,3,68
8,16,4,5,39
8,16,5,0,7
8,16,5,4,57
8,16,6,2,7
8,16,6,3,7
8,16,6,5,39
8,16,6,6,0
8,16,6,7,85
8,16,7,2,0
8,16,7,3,0
8,16,7,5,0
8,16,7,7,22
9,16,0,0,28
9,16,0,2,85
9,16,0,3,103
9,16,1,0,7
9,16,1,2,39
9,16,1,3,358
9,16,1,5,159
9,16,1,6,85
9,16,1,7,57
9,16,2,0,11
9,16,2,2,50
9,16,2,4,124
9,16,2,5,164
9,16,2,6,177
9,16,3,1,11
9,16,3,4,124
9,16,3,5,177
9,16,3,6,159
9,16,4,0,7
9,16,4,5,57
9,16,4,6,74
9,16,5,0,0
9,16,5,1,0
9,16,5,3,74
9,16,5,4,50
9,16,5,5,7
9,16,5,6,74
9,16,5,7,39
9,16,6,2,7
9,16,6,3,17
9,16,6,4,7
9,16,6,5,17
9,16,6,6,7
9,16,6,7,7
9,16,7,1,0
9,16,7,4,0
9,16,7,6,35
9,16,7,7,7
10,16,0,0,170
10,16,0,1,0
10,16,0,2,11
10,16,0,3,92
10,16,0,4,74
10,16,0,5,131
10,16,0,6,220
10,16,0,7,103
10,16,1,1,0
10,16,1,2,57
10,16,1,3,114
10,16,1,5,124
10,16,2,0,7
10,16,2,1,0
10,16,2,5,188
10,16,2,6,170
10,16,3,0,0
10,16,3,1,11
10,16,3,3,46
10,16,3,4,135
10,16,3,7,28
10,16,4,0,0
10,16,4,3,28
10,16,4,6,124
10,16,5,1,0
10,16,5,2,0
10,16,5,4,50
10,16,5,5,142
10,16,5,6,35
10,16,5,7,39
10,16,6,0,0
10,16,6,1,0
10,16,6,3,0
10,16,6,4,68
10,16,6,6,0
10,16,6,7,17
10,16,7,0,0
10,16,7,1,0
10,16,7,3,7
10,16,7,4,0
10,16,7,5,0
11,16,0,1,11
11,16,0,2,28
11,16,0,4,68
11,16,1,0,7
11,16,1,1,46
11,16,1,2,63
11,16,1,4,57
11,16,1,5,153
11,16,1,6,181
11,16,1,7,79
11,16,2,0,0
11,16,2,1,17
11,16,2,4,92
11,16,2,6,199
11,16,2,7,107
11,16,3,1,11
11,16,3,3,199
11,16,3,4,63
11,16,3,5,120
11,16,3,6,177
11,16,4,0,0
11,16,4,2,0
11,16,4,3,22
11,16,4,4,22
11,16,4,7,68
11,16,5,0,0
11,16,5,1,0
11,16,5,2,7
11,16,5,5,68
11,16,5,7,28
11,16,6,1,0
11,16,6,3,39
11,16,6,5,50
11,16,6,7,11
11,16,7,0,0
11,16,7,1,0
11,16,7,2,0
11,16,7,3,0
11,16,7,7,7
12,16,0,0,17
12,16,0,3,63
12,16,0,4,68
12,16,0,6,177
12,16,1,1,46
12,16,1,2,46
12,16,1,3,68
12,16,1,4,153
12,16,1,6,199
12,16,1,7,107
12,16,2,0,0
12,16,2,2,35
12,16,2,3,103
12,16,2,4,79
12,16,3,0,0
12,16,3,1,7
12,16,3,2,7
12,16,3,7,46
12,16,4,2,0
12,16,4,3,39
12,16,4,4,50
12,16,4,5,148
12,16,4,6,164
12,16,4,7,46
12,16,5,1,11
12,16,5,3,79
12,16,5,5,142
12,16,6,0,0
12,16,6,1,0
12,16,6,2,11
12,16,6,3,17
12,16,6,5,39
12,16,6,7,35
12,16,7,0,0
12,16,7,1,0
12,16,7,2,0
12,16,7,4,0
12,16,7,6,11
12,16,7,7,7
13,16,0,0,28
13,16,0,4,103
13,16,0,6,244
13,16,1,2,142
13,16,1,4,107
13,16,1,5,159
13,16,1,6,153
13,16,2,0,0
13,16,2,1,0
13,16,2,2,74
13,16,2,3,96
13,16,2,5,181
13,16,2,6,284
13,16,3,0,0
13,16,3,2,28
13,16,3,4,135
13,16,3,6,159
13,16,3,7,114
13,16,4,0,7
13,16,4,1,0
13,16,4,2,7
13,16,4,3,68
13,16,4,4,74
13,16,4,5,28
13,16,4,7,28
13,16,5,1,7
13,16,5,2,0
13,16,5,3,22
13,16,5,4,35
13,16,5,5,107
13,16,6,4,0
13,16,6,5,11
13,16,7,0,0
13,16,7,1,0
13,16,7,2,22
13,16,7,3,7
13,16,7,4,46
13,16,7,6,17
14,16,0,1,11
14,16,0,2,22
14,16,0,4,96
14,16,0,5,244
14,16,0,6,585
14,16,1,0,7
14,16,1,2,39
14,16,1,3,107
14,16,1,4,28
14,16,1,6,262
14,16,2,1,0
14,16,2,2,35
14,16,2,3,50
14,16,2,4,39
14,16,3,0,0
14,16,3,2,11
14,16,3,4,79
14,16,3,5,358
14,16,3,6,341
14,16,4,0,0
14,16,4,4,35
14,16,4,5,124
14,16,4,6,220
14,16,4,7,107
14,16,5,0,0
14,16,5,3,35
14,16,5,4,28
14,16,5,7,148
14,16,6,0,0
14,16,6,2,0
14,16,6,5,17
14,16,6,6,22
14,16,7,0,0
14,16,7,3,7
14,16,7,4,17
14,16,7,7,22
15,16,0,0,0
15,16,0,2,28
15,16,0,3,74
15,16,0,4,79
15,16,0,5,397
15,16,1,0,0
15,16,1,2,46
15,16,1,3,96
15,16,1,5,358
15,16,1,7,107
15,16,2,0,7
15,16,2,2,17
15,16,2,3,210
15,16,2,4,148
15,16,3,2,28
15,16,3,3,35
15,16,3,4,92
15,16,4,3,63
15,16,4,4,39
15,16,4,5,153
15,16,4,6,568
15,16,4,7,63
15,16,5,5,79
15,16,5,7,68
15,16,6,1,0
15,16,6,4,107
15,16,6,5,35
15,16,6,6,131
15,16,7,0,0
15,16,7,1,0
15,16,7,5,22
15,16,7,7,11
16,16,0,4,142
16,16,0,6,1067
16,16,0,7,220
16,16,1,3,92
16,16,1,5,249
16,16,1,6,845
16,16,1,7,148
16,16,2,3,170
16,16,2,5,675
16,16,2,6,744
16,16,2,7,63
16,16,3,3,92
16,16,3,4,96
16,16,3,5,727
16,16,3,7,35
16,16,4,0,46
16,16,4,3,28
16,16,4,4,103
16,16,4,5,114
16,16,4,7,46
16,16,5,0,0
16,16,5,2,0
16,16,5,3,11
16,16,5,6,557
16,16,6,1,11
16,16,6,4,35
16,16,6,5,28
16,16,6,6,192
16,16,6,7,22
16,16,7,3,11
16,16,7,5,7
16,16,7,7,7
17,16,0,1,11
17,16,0,2,41
17,16,0,4,112
17,16,0,5,351
17,16,0,6,704
17,16,1,2,112
17,16,1,3,108
17,16,1,4,220
17,16,1,6,692
17,16,1,7,160
17,16,2,1,37
17,16,2,4,119
17,16,3,0,0
17,16,3,1,18
17,16,3,3,53
17,16,3,6,500
17,16,3,7,30
17,16,4,1,23
17,16,4,3,268
17,16,4,4,138
17,16,4,6,614
17,16,4,7,37
17,16,5,0,0
17,16,5,3,48
17,16,5,4,30
17,16,5,6,160
17,16,5,7,30
17,16,6,2,0
17,16,6,4,18
17,16,6,5,30
17,16,6,6,23
17,16,6,7,30
17,16,7,2,0
17,16,7,3,0
17,16,7,6,41
18,16,0,1,7
18,16,0,2,18
18,16,0,3,190
18,16,0,4,66
18,16,1,0,0
18,16,1,1,0
18,16,1,5,131
18,16,1,6,335
18,16,1,7,96
18,16,2,3,101
18,16,2,4,78
18,16,3,0,11
18,16,3,3,30
18,16,3,4,83
18,16,3,5,275
18,16,3,6,291
18,16,4,2,0
18,16,4,4,30
18,16,4,5,142
18,16,4,6,190
18,16,4,7,30
18,16,5,0,0
18,16,5,2,7
18,16,5,5,126
18,16,6,0,0
18,16,6,3,11
18,16,6,4,11
18,16,6,5,11
18,16,6,6,0
18,16,6,7,0
18,16,7,0,0
18,16,7,1,0
18,16,7,3,0
18,16,7,4,23
18,16,7,6,30
18,16,7,7,7
19,16,0,0,0
19,16,0,2,0
19,16,0,3,108
19,16,0,5,160
19,16,0,6,335
19,16,1,0,0
19,16,1,2,41
19,16,1,4,108
19,16,1,5,167
19,16,2,1,0
19,16,2,2,48
19,16,2,3,160
19,16,2,4,41
19,16,2,5,156
19,16,3,0,7
19,16,3,1,7
19,16,3,2,18
19,16,3,3,23
19,16,3,4,108
19,16,4,1,30
19,16,4,3,66
19,16,4,4,101
19,16,4,5,197
19,16,4,6,172
19,16,5,1,0
19,16,5,2,0
19,16,5,4,0
19,16,5,6,23
19,16,5,7,18
19,16,6,0,0
19,16,6,5,18
19,16,6,6,11
19,16,6,7,18
19,16,7,2,0
19,16,7,3,0
19,16,7,4,11
19,16,7,7,11
20,16,0,0,0
20,16,0,1,7
20,16,0,2,41
20,16,0,4,53
20,16,0,5,119
20,16,0,7,53
20,16,1,0,0
20,16,1,2,48
20,16,1,3,156
20,16,1,6,78
20,16,1,7,53
20,16,2,1,0
20,16,2,2,48
20,16,2,6,149
20,16,3,0,0
20,16,3,1,0
20,16,3,3,96
20,16,3,4,18
20,16,3,5,142
20,16,4,0,0
20,16,4,1,7
20,16,4,3,53
20,16,4,4,11
20,16,4,6,89
20,16,4,7,66
20,16,5,1,0
20,16,5,2,23
20,16,5,6,18
20,16,6,0,0
20,16,6,1,0
20,16,6,5,7
20,16,6,6,0
20,16,7,0,0
20,16,7,2,7
20,16,7,5,18
20,16,7,6,7
20,16,7,7,0
21,16,0,1,0
21,16,0,5,30
21,16,0,6,101
21,16,1,2,37
21,16,1,7,23
21,16,2,1,0
21,16,2,2,53
21,16,2,3,30
21,16,2,4,48
21,16,2,5,48
21,16,2,6,89
21,16,3,0,0
21,16,3,3,53
21,16,3,4,96
21,16,3,5,149
21,16,4,1,23
21,16,4,4,37
21,16,5,4,30
21,16,5,5,18
21,16,5,6,11
21,16,5,7,11
21,16,6,0,0
21,16,6,2,7
21,16,6,3,0
21,16,6,4,0
21,16,6,5,0
21,16,6,7,7
21,16,7,0,0
21,16,7,3,0
21,16,7,5,0
21,16,7,6,7
21,16,7,7,18
22,16,0,1,18
22,16,0,2,18
22,16,0,3,41
22,16,0,4,11
22,16,0,5,30
22,16,0,7,41
22,16,1,0,0
22,16,1,3,37
22,16,2,1,0
22,16,2,2,30
22,16,2,3,78
22,16,2,7,37
22,16,3,1,0
22,16,3,2,18
22,16,3,3,23
22,16,3,4,89
22,16,3,5,37
22,16,3,7,18
22,16,4,2,7
22,16,4,3,131
22,16,4,4,11
22,16,4,5,53
22,16,4,6,30
22,16,5,0,0
22,16,5,1,0
22,16,5,2,0
22,16,5,7,18
22,16,6,1,0
22,16,6,2,0
22,16,6,3,0
22,16,6,5,0
22,16,6,6,0
22,16,6,7,0
22,16,7,0,0
22,16,7,1,0
22,16,7,2,0
22,16,7,4,0
22,16,7,5,18
22,16,7,6,11
23,16,0,0,0
23,16,0,1,0
23,16,0,3,0
23,16,0,4,18
23,16,0,7,11
23,16,1,0,0
23,16,1,3,30
23,16,1,4,7
23,16,1,7,11
23,16,2,1,0
23,16,2,2,41
23,16,2,3,41
23,16,2,7,18
23,16,3,1,0
23,16,3,2,18
23,16,3,4,7
23,16,3,6,41
23,16,4,2,7
23,16,4,4,66
23,16,4,5,11
23,16,4,6,11
23,16,5,1,0
23,16,5,2,0
23,16,5,3,18
23,16,5,4,7
23,16,5,5,7
23,16,5,7,11
23,16,6,1,0
23,16,6,2,0
23,16,6,4,11
23,16,6,5,18
23,16,6,6,0
23,16,6,7,0
23,16,7,0,0
23,16,7,2,0
23,16,7,4,0
23,16,7,5,7
23,16,7,7,0
0,17,0,0,0
0,17,0,1,0
0,17,0,2,0
0,17,0,6,0
0,17,0,7,37
0,17,1,1,0
0,17,1,2,7
0,17,1,3,11
0,17,1,5,0
0,17,2,0,0
0,17,2,1,0
0,17,2,2,0
0,17,2,3,18
0,17,2,4,18
0,17,2,5,11
0,17,2,6,18
0,17,3,0,0
0,17,3,2,0
0,17,3,3,18
0,17,4,0,0
0,17,4,2,0
0,17,4,5,11
0,17,4,6,0
0,17,4,7,7
0,17,5,1,0
0,17,5,2,0
0,17,5,3,11
0,17,5,4,18
0,17,5,5,7
0,17,5,6,11
0,17,5,7,7
0,17,6,1,0
0,17,6,3,0
0,17,6,4,0
0,17,6,5,0
0,17,6,6,0
0,17,6,7,0
0,17,7,0,0
0,17,7,4,0
0,17,7,5,0
1,17,0,1,7
1,17,0,5,0
1,17,0,6,0
1,17,0,7,11
1,17,1,3,0
1,17,1,6,18
1,17,1,7,11
1,17,2,4,23
1,17,2,5,7
1,17,2,6,0
1,17,2,7,7
1,17,3,0,0
1,17,3,1,0
1,17,3,2,0
1,17,3,5,18
1,17,4,0,0
1,17,4,1,0
1,17,4,2,0
1,17,4,4,0
1,17,4,5,0
1,17,4,7,0
1,17,5,1,0
1,17,5,4,7
1,17,5,6,0
1,17,5,7,0
1,17,6,0,0
1,17,6,3,0
1,17,6,4,0
1,17,6,7,0
1,17,7,0,0
1,17,7,3,0
1,17,7,5,0
1,17,7,6,0
1,17,7,7,0
2,17,0,0,0
2,17,0,1,0
2,17,0,2,0
2,17,0,3,0
2,17,0,4,0
2,17,0,5,0
2,17,0,7,0
2,17,1,0,0
2,17,1,2,7
2,17,1,5,0
2,17,1,6,7
2,17,2,2,0
2,17,2,3,7
2,17,2,6,0
2,17,3,0,0
2,17,3,2,0
2,17,3,4,0
2,17,3,6,7
2,17,3,7,0
2,17,4,0,0
2,17,4,1,7
2,17,4,2,0
2,17,4,3,18
2,17,4,4,0
2,17,4,6,0
2,17,4,7,0
2,17,5,1,0
2,17,5,3,0
2,17,5,6,0
2,17,6,1,0
2,17,6,3,0
2,17,6,4,0
2,17,6,6,0
2,17,6,7,0
2,17,7,1,0
2,17,7,2,0
2,17,7,5,0
2,17,7,7,0
3,17,0,0,0
3,17,0,1,0
3,17,0,2,0
3,17,0,4,7
3,17,0,7,11
3,17,1,1,0
3,17,1,2,11
3,17,1,3,7
3,17,1,4,18
3,17,1,5,0
3,17,1,6,0
3,17,2,2,0
3,17,2,4,0
3,17,2,7,0
3,17,3,0,0
3,17,3,2,0
3,17,3,3,7
3,17,3,4,0
3,17,3,5,0
3,17,3,6,0
3,17,3,7,0
3,17,4,0,0
3,17,4,1,0
3,17,4,2,0
3,17,4,4,0
3,17,4,5,7
3,17,4,7,0
3,17,5,1,0
3,17,5,2,0
3,17,5,5,0
3,17,5,6,0
3,17,5,7,0
3,17,6,0,0
3,17,6,1,0
3,17,6,3,0
3,17,6,5,7
3,17,6,6,0
3,17,7,1,0
3,17,7,2,0
3,17,7,5,0
4,17,0,0,0
4,17,0,1,0
4,17,0,3,0
4,17,0,4,0
4,17,0,5,0
4,17,0,6,0
4,17,0,7,11
4,17,1,1,11
4,17,1,2,0
4,17,1,4,0
4,17,1,5,41
4,17,2,0,0
4,17,2,2,11
4,17,2,3,0
4,17,2,5,7
4,17,2,7,0
4,17,3,1,11
4,17,3,2,0
4,17,3,3,0
4,17,3,5,11
4,17,3,6,7
4,17,3,7,0
4,17,4,0,0
4,17,4,4,11
4,17,4,5,11
4,17,4,6,7
4,17,5,0,0
4,17,5,1,0
4,17,5,2,0
4,17,5,3,0
4,17,5,7,7
4,17,6,3,0
4,17,6,4,0
4,17,6,5,0
4,17,7,0,0
4,17,7,3,0
4,17,7,4,0
4,17,7,7,0
5,17,0,1,0
5,17,0,2,66
5,17,0,5,7
5,17,0,6,11
5,17,1,0,0
5,17,1,1,0
5,17,1,2,48
5,17,1,5,41
5,17,1,6,83
5,17,1,7,7
5,17,2,3,11
5,17,2,5,30
5,17,2,6,37
5,17,2,7,89
5,17,3,0,0
5,17,3,1,0
5,17,3,2,7
5,17,3,3,7
5,17,3,5,23
5,17,3,6,11
5,17,3,7,0
5,17,4,1,11
5,17,4,5,18
5,17,4,6,30
5,17,4,7,41
5,17,5,3,18
5,17,5,6,18
5,17,5,7,48
5,17,6,0,0
5,17,6,1,0
5,17,6,3,23
5,17,6,4,0
5,17,6,5,0
5,17,7,2,0
5,17,7,4,0
5,17,7,5,0
5,17,7,7,0
6,17,0,0,0
6,17,0,1,7
6,17,0,2,78
6,17,0,3,37
6,17,0,4,48
6,17,0,6,53
6,17,0,7,119
6,17,1,2,53
6,17,1,3,126
6,17,1,4,41
6,17,1,5,227
6,17,1,6,83
6,17,1,7,48
6,17,2,2,78
6,17,2,3,160
6,17,2,4,126
6,17,2,5,101
6,17,2,6,83
6,17,2,7,83
6,17,3,1,23
6,17,3,2,18
6,17,3,3,78
6,17,3,4,112
6,17,3,5,71
6,17,4,0,7
6,17,4,2,0
6,17,4,3,0
6,17,4,4,60
6,17,4,6,48
6,17,5,0,0
6,17,5,1,11
6,17,5,3,11
6,17,5,4,23
6,17,5,5,60
6,17,5,7,48
6,17,6,0,0
6,17,6,2,0
6,17,6,4,18
6,17,6,6,11
6,17,6,7,11
6,17,7,0,0
6,17,7,3,7
6,17,7,4,0
6,17,7,7,7
7,17,0,0,0
7,17,0,3,53
7,17,0,6,89
7,17,1,0,0
7,17,1,4,37
7,17,1,6,142
7,17,1,7,167
7,17,2,0,0
7,17,2,2,78
7,17,2,4,71
7,17,2,5,96
7,17,3,0,0
7,17,3,2,7
7,17,3,3,48
7,17,3,4,60
7,17,4,0,0
7,17,4,1,18
7,17,4,2,0
7,17,4,3,18
7,17,4,5,41
7,17,4,6,48
7,17,5,0,0
7,17,5,3,11
7,17,5,4,7
7,17,6,1,0
7,17,6,2,0
7,17,6,3,11
7,17,6,4,18
7,17,7,0,0
7,17,7,1,0
7,17,7,2,0
7,17,7,5,0
7,17,7,6,11
8,17,0,3,60
8,17,0,6,96
8,17,1,0,7
8,17,1,2,78
8,17,1,4,60
8,17,1,5,186
8,17,1,6,119
8,17,1,7,108
8,17,2,1,7
8,17,2,3,309
8,17,2,4,138
8,17,2,5,112
8,17,2,6,149
8,17,2,7,119
8,17,3,0,0
8,17,3,2,37
8,17,3,4,108
8,17,3,7,202
8,17,4,0,0
8,17,4,2,0
8,17,4,4,78
8,17,4,5,83
8,17,4,6,66
8,17,5,0,0
8,17,5,1,7
8,17,5,2,0
8,17,5,3,0
8,17,5,4,60
8,17,5,6,30
8,17,5,7,101
8,17,6,0,0
8,17,6,1,7
8,17,6,2,0
8,17,6,3,41
8,17,6,5,18
8,17,6,6,7
8,17,7,0,0
8,17,7,1,0
8,17,7,2,0
8,17,7,3,0
8,17,7,5,7
9,17,0,0,11
9,17,0,1,11
9,17,0,2,83
9,17,0,4,71
9,17,1,0,0
9,17,1,1,7
9,17,1,2,96
9,17,1,3,101
9,17,1,5,190
9,17,1,6,167
9,17,1,7,71
9,17,2,0,0
9,17,2,1,0
9,17,2,2,41
9,17,2,3,71
9,17,2,6,138
9,17,2,7,156
9,17,3,0,0
9,17,3,4,71
9,17,3,5,156
9,17,3,7,60
9,17,4,0,0
9,17,4,3,112
9,17,4,4,138
9,17,4,5,53
9,17,4,6,78
9,17,5,0,18
9,17,5,1,0
9,17,5,2,0
9,17,5,3,0
9,17,5,4,41
9,17,5,5,66
9,17,5,6,71
9,17,6,0,0
9,17,6,2,0
9,17,6,3,66
9,17,6,6,7
9,17,7,1,0
9,17,7,3,0
9,17,7,7,0
10,17,0,0,0
10,17,0,3,60
10,17,0,4,53
10,17,0,7,108
10,17,1,0,0
10,17,1,2,71
10,17,1,3,71
10,17,1,4,53
10,17,1,5,66
10,17,1,6,149
10,17,1,7,131
10,17,2,0,0
10,17,2,1,37
10,17,2,5,160
10,17,2,6,138
10,17,3,2,18
10,17,3,3,41
10,17,3,4,53
10,17,3,5,138
10,17,4,3,30
10,17,4,4,71
10,17,4,7,53
10,17,5,0,0
10,17,5,1,7
10,17,5,2,96
10,17,5,5,48
10,17,5,6,41
10,17,6,0,0
10,17,6,1,0
10,17,6,2,0
10,17,6,6,37
10,17,7,3,7
10,17,7,4,7
10,17,7,5,0
10,17,7,7,0
11,17,0,2,160
11,17,0,3,78
11,17,0,7,101
11,17,1,5,96
11,17,1,7,126
11,17,2,0,0
11,17,2,2,48
11,17,2,4,66
11,17,2,5,172
11,17,3,1,11
11,17,3,2,0
11,17,3,3,23
11,17,3,5,202
11,17,3,6,138
11,17,4,1,41
11,17,4,2,0
11,17,4,3,18
11,17,4,4,41
11,17,5,4,11
11,17,5,6,60
11,17,6,0,0
11,17,6,1,0
11,17,6,2,0
11,17,6,3,7
11,17,6,4,11
11,17,6,5,11
11,17,6,6,7
11,17,7,0,0
11,17,7,2,0
11,17,7,4,0
11,17,7,5,7
12,17,0,0,0
12,17,0,1,0
12,17,0,2,11
12,17,0,3,138
12,17,0,4,37
12,17,0,5,119
12,17,0,6,186
12,17,1,0,18
12,17,1,1,41
12,17,1,2,126
12,17,1,3,48
12,17,1,7,119
12,17,2,0,0
12,17,2,1,0
12,17,2,3,41
12,17,2,5,78
12,17,2,6,149
12,17,2,7,66
12,17,3,1,18
12,17,3,2,7
12,17,3,3,60
12,17,3,5,197
12,17,4,1,7
12,17,4,3,66
12,17,4,5,89
12,17,5,0,0
12,17,5,1,0
12,17,5,3,11
12,17,5,4,23
12,17,5,5,41
12,17,5,7,11
12,17,6,0,0
12,17,6,1,0
12,17,6,2,41
12,17,6,3,96
12,17,6,4,18
12,17,6,6,0
12,17,7,1,0
12,17,7,2,0
12,17,7,3,0
12,17,7,4,37
12,17,7,6,18
12,17,7,7,30
13,17,0,1,7
13,17,0,2,23
13,17,0,3,149
13,17,0,5,156
13,17,0,6,220
13,17,1,1,23
13,17,1,2,48
13,17,1,3,126
13,17,1,4,119
13,17,1,5,149
13,17,1,7,101
13,17,2,0,0
13,17,2,2,60
13,17,2,3,53
13,17,2,4,96
13,17,3,0,11
13,17,3,1,0
13,17,3,2,11
13,17,3,4,60
13,17,3,5,190
13,17,3,6,202
13,17,3,7,89
13,17,4,0,0
13,17,4,1,71
13,17,4,2,23
13,17,4,3,108
13,17,4,4,89
13,17,4,7,53
13,17,5,1,0
13,17,5,3,71
13,17,5,4,30
13,17,5,5,96
13,17,6,1,0
13,17,6,3,48
13,17,6,4,7
13,17,6,6,18
13,17,6,7,0
13,17,7,0,0
13,17,7,1,0
13,17,7,2,0
13,17,7,3,11
13,17,7,4,0
13,17,7,5,0
13,17,7,7,11
14,17,0,0,18
14,17,0,1,18
14,17,0,2,23
14,17,0,4,96
14,17,0,5,280
14,17,0,7,484
14,17,1,0,0
14,17,1,1,18
14,17,1,2,37
14,17,1,6,346
14,17,1,7,101
14,17,2,1,41
14,17,2,3,215
14,17,2,7,41
14,17,3,1,11
14,17,3,5,417
14,17,3,6,440
14,17,3,7,23
14,17,4,1,23
14,17,4,2,0
14,17,4,4,60
14,17,4,5,142
14,17,4,6,358
14,17,4,7,30
14,17,5,1,0
14,17,5,2,7
14,17,5,3,41
14,17,5,5,78
14,17,5,6,287
14,17,5,7,112
14,17,6,0,0
14,17,6,1,0
14,17,6,2,0
14,17,6,6,7
14,17,7,0,0
14,17,7,1,0
14,17,7,3,0
14,17,7,5,18
14,17,7,6,11
14,17,7,7,7
15,17,0,1,7
15,17,0,2,78
15,17,0,3,149
15,17,0,4,96
15,17,0,6,1151
15,17,0,7,507
15,17,1,1,11
15,17,1,2,23
15,17,1,4,227
15,17,1,5,406
15,17,2,2,48
15,17,2,3,131
15,17,2,4,78
15,17,2,7,96
15,17,3,2,18
15,17,3,3,23
15,17,3,5,548
15,17,3,6,715
15,17,4,1,11
15,17,4,3,96
15,17,4,4,66
15,17,4,5,417
15,17,4,6,518
15,17,4,7,30
15,17,5,2,30
15,17,5,4,78
15,17,5,5,96
15,17,5,6,138
15,17,6,0,0
15,17,6,1,0
15,17,6,3,7
15,17,6,4,0
15,17,6,6,41
15,17,6,7,112
15,17,7,1,0
15,17,7,2,0
15,17,7,3,0
15,17,7,4,23
15,17,7,5,7
15,17,7,6,0
15,17,7,7,41
16,17,0,1,41
16,17,0,2,30
16,17,0,5,917
16,17,0,7,507
16,17,1,1,23
16,17,1,2,53
16,17,1,6,1096
16,17,1,7,394
16,17,2,1,30
16,17,2,2,66
16,17,2,3,202
16,17,2,4,108
16,17,2,7,238
16,17,3,0,0
16,17,3,6,715
16,17,4,2,0
16,17,4,3,78
16,17,4,4,60
16,17,4,6,380
16,17,4,7,149
16,17,5,0,0
16,17,5,1,30
16,17,5,3,11
16,17,5,5,89
16,17,5,7,23
16,17,6,0,0
16,17,6,1,0
16,17,6,5,18
16,17,6,6,18
16,17,7,0,0
16,17,7,3,0
16,17,7,4,11
16,17,7,5,18
16,17,7,7,23
17,17,0,1,24
17,17,0,2,51
17,17,0,3,43
17,17,0,6,1239
17,17,0,7,383
17,17,1,0,7
17,17,1,1,12
17,17,1,2,137
17,17,1,3,188
17,17,1,5,368
17,17,1,6,1107
17,17,2,1,7
17,17,2,2,51
17,17,2,3,188
17,17,2,7,207
17,17,3,1,39
17,17,3,2,113
17,17,3,3,125
17,17,3,7,195
17,17,4,0,24
17,17,4,1,0
17,17,4,2,0
17,17,4,4,55
17,17,4,5,212
17,17,4,6,539
17,17,4,7,243
17,17,5,0,12
17,17,5,1,0
17,17,5,2,19
17,17,5,3,0
17,17,5,5,113
17,17,5,7,87
17,17,6,0,0
17,17,6,1,7
17,17,6,2,0
17,17,6,3,7
17,17,6,4,12
17,17,6,6,19
17,17,7,0,0
17,17,7,2,0
17,17,7,3,7
18,17,0,5,426
18,17,0,6,770
18,17,0,7,226
18,17,1,1,39
18,17,1,2,101
18,17,1,3,270
18,17,1,4,137
18,17,1,6,445
18,17,2,1,7
18,17,2,2,55
18,17,2,5,532
18,17,2,6,763
18,17,2,7,75
18,17,3,0,0
18,17,3,1,12
18,17,3,2,0
18,17,3,3,212
18,17,3,4,75
18,17,3,6,626
18,17,3,7,106
18,17,4,0,0
18,17,4,2,0
18,17,4,5,94
18,17,4,6,493
18,17,4,7,195
18,17,5,0,0
18,17,5,2,39
18,17,5,6,149
18,17,5,7,51
18,17,6,0,0
18,17,6,1,0
18,17,6,2,7
18,17,6,3,0
18,17,6,5,43
18,17,6,6,31
18,17,7,3,0
18,17,7,5,7
18,17,7,6,7
18,17,7,7,31
19,17,0,3,113
19,17,0,5,195
19,17,1,0,12
19,17,1,2,55
19,17,1,3,82
19,17,1,4,82
19,17,1,5,156
19,17,1,7,164
19,17,2,3,164
19,17,2,4,55
19,17,2,5,313
19,17,2,6,857
19,17,2,7,94
19,17,3,1,12
19,17,3,2,51
19,17,3,3,101
19,17,3,4,75
19,17,3,5,700
19,17,3,7,51
19,17,4,1,0
19,17,4,2,0
19,17,4,3,149
19,17,4,4,63
19,17,4,5,294
19,17,4,6,419
19,17,4,7,94
19,17,5,0,0
19,17,5,1,0
19,17,5,5,87
19,17,5,7,0
19,17,6,0,0
19,17,6,1,0
19,17,6,2,0
19,17,6,4,24
19,17,6,5,12
19,17,6,6,0
19,17,7,1,0
19,17,7,2,0
19,17,7,4,12
19,17,7,5,7
19,17,7,7,0
20,17,0,3,94
20,17,0,4,55
20,17,0,5,101
20,17,0,6,168
20,17,1,0,0
20,17,1,6,149
20,17,2,0,0
20,17,2,1,12
20,17,2,2,12
20,17,2,4,43
20,17,2,5,219
20,17,2,7,75
20,17,3,0,0
20,17,3,1,0
20,17,3,2,19
20,17,3,3,51
20,17,3,6,180
20,17,4,0,7
20,17,4,1,0
20,17,4,3,43
20,17,4,4,39
20,17,4,6,118
20,17,5,0,0
20,17,5,1,0
20,17,5,4,43
20,17,6,0,0
20,17,6,2,7
20,17,6,3,7
20,17,6,5,24
20,17,6,7,7
20,17,7,1,0
20,17,7,3,0
20,17,7,5,0
20,17,7,6,0
21,17,0,0,0
21,17,0,2,12
21,17,0,4,43
21,17,0,6,63
21,17,0,7,63
21,17,1,2,39
21,17,1,4,43
21,17,1,5,94
21,17,1,7,51
21,17,2,0,0
21,17,2,2,12
21,17,2,3,39
21,17,2,5,156
21,17,2,6,137
21,17,3,0,0
21,17,3,1,0
21,17,3,3,12
21,17,3,7,43
21,17,4,0,0
21,17,4,1,24
21,17,4,3,51
21,17,4,4,51
21,17,4,5,39
21,17,5,0,0
21,17,5,1,0
21,17,5,2,7
21,17,5,6,55
21,17,6,1,0
21,17,6,2,0
21,17,6,4,12
21,17,6,5,31
21,17,6,6,12
21,17,6,7,39
21,17,7,0,0
21,17,7,4,19
21,17,7,5,12
21,17,7,6,7
22,17,0,0,0
22,17,0,2,19
22,17,0,4,12
22,17,0,5,12
22,17,0,6,39
22,17,0,7,43
22,17,1,0,0
22,17,1,3,31
22,17,1,6,31
22,17,2,1,7
22,17,2,3,24
22,17,2,4,24
22,17,2,5,87
22,17,2,7,31
22,17,3,0,0
22,17,3,2,12
22,17,3,5,132
22,17,3,6,82
22,17,3,7,12
22,17,4,2,0
22,17,4,3,168
22,17,4,6,70
22,17,4,7,24
22,17,5,2,0
22,17,5,3,0
22,17,5,5,63
22,17,5,6,19
22,17,5,7,12
22,17,6,0,0
22,17,6,1,0
22,17,6,2,0
22,17,6,3,0
22,17,6,4,0
22,17,6,5,31
22,17,6,6,0
22,17,7,1,0
22,17,7,2,0
22,17,7,3,0
22,17,7,4,7
22,17,7,5,19
22,17,7,6,19
22,17,7,7,0
23,17,0,0,7
23,17,0,1,7
23,17,0,2,19
23,17,0,3,12
23,17,0,5,24
23,17,0,6,12
23,17,1,2,19
23,17,1,4,7
23,17,1,5,12
23,17,1,7,31
23,17,2,0,0
23,17,2,1,0
23,17,2,3,0
23,17,3,1,7
23,17,3,4,7
23,17,4,0,0
23,17,4,1,12
23,17,4,3,407
23,17,4,4,24
23,17,4,6,43
23,17,4,7,24
23,17,5,0,0
23,17,5,2,0
23,17,5,4,0
23,17,5,6,7
23,17,5,7,12
23,17,6,0,0
23,17,6,1,0
23,17,6,2,0
23,17,6,5,7
23,17,7,2,0
23,17,7,3,7
0,18,0,2,12
0,18,0,3,24
0,18,0,4,24
0,18,0,5,0
0,18,1,0,7
0,18,1,1,7
0,18,1,4,0
0,18,1,5,12
0,18,1,6,31
0,18,1,7,12
0,18,2,2,12
0,18,2,4,24
0,18,2,5,24
0,18,2,6,24
0,18,2,7,19
0,18,3,1,0
0,18,3,3,19
0,18,4,0,0
0,18,4,2,7
0,18,4,3,39
0,18,4,4,19
0,18,4,5,12
0,18,4,7,7
0,18,5,3,19
0,18,6,0,0
0,18,6,2,0
0,18,6,3,0
0,18,6,4,0
0,18,6,5,0
0,18,6,7,0
0,18,7,0,0
0,18,7,1,0
0,18,7,2,0
0,18,7,3,19
0,18,7,4,0
0,18,7,5,0
0,18,7,7,0
1,18,0,1,0
1,18,0,3,0
1,18,0,5,12
1,18,0,6,7
1,18,1,1,0
1,18,1,2,7
1,18,1,3,7
1,18,1,5,19
1,18,1,6,0
1,18,1,7,19
1,18,2,1,0
1,18,2,2,12
1,18,2,3,0
1,18,2,4,12
1,18,2,5,7
1,18,2,6,7
1,18,2,7,0
1,18,3,1,7
1,18,3,2,0
1,18,3,3,7
1,18,3,6,7
1,18,3,7,7
1,18,4,0,0
1,18,4,1,0
1,18,4,4,7
1,18,4,5,31
1,18,4,7,12
1,18,5,6,0
1,18,6,0,0
1,18,6,1,0
1,18,6,4,0
1,18,6,5,0
1,18,6,6,0
1,18,7,4,0
1,18,7,5,7
1,18,7,7,0
2,18,0,1,0
2,18,0,2,0
2,18,1,0,0
2,18,1,1,0
2,18,1,2,0
2,18,1,3,0
2,18,1,5,0
2,18,1,6,7
2,18,1,7,0
2,18,2,1,0
2,18,2,2,0
2,18,2,4,0
2,18,2,5,7
2,18,2,6,0
2,18,3,0,0
2,18,3,1,0
2,18,3,2,0
2,18,3,4,0
2,18,3,5,0
2,18,3,6,0
2,18,4,0,0
2,18,4,1,0
2,18,4,4,0
2,18,4,6,0
2,18,5,0,0
2,18,5,3,0
2,18,5,4,0
2,18,5,5,0
2,18,5,6,7
2,18,5,7,7
2,18,6,0,0
2,18,6,3,7
2,18,6,5,7
2,18,6,6,0
2,18,6,7,0
2,18,7,0,0
2,18,7,2,0
2,18,7,3,0
2,18,7,7,0
3,18,0,0,0
3,18,0,1,0
3,18,0,3,0
3,18,0,4,0
3,18,0,6,7
3,18,0,7,0
3,18,1,0,0
3,18,1,2,0
3,18,1,5,7
3,18,1,7,0
3,18,2,0,0
3,18,2,3,0
3,18,2,4,0
3,18,2,7,0
3,18,3,0,0
3,18,3,2,0
3,18,3,3,0
3,18,3,4,31
3,18,3,5,7
3,18,4,0,0
3,18,4,1,0
3,18,4,2,0
3,18,4,5,7
3,18,4,6,0
3,18,4,7,0
3,18,5,0,0
3,18,5,2,0
3,18,5,4,0
3,18,6,0,0
3,18,6,3,0
3,18,6,4,0
3,18,6,6,0
3,18,6,7,0
3,18,7,1,0
3,18,7,2,0
3,18,7,3,0
3,18,7,5,0
3,18,7,7,0
4,18,0,0,0
4,18,0,2,7
4,18,0,3,0
4,18,0,4,0
4,18,0,7,0
4,18,1,1,0
4,18,1,2,0
4,18,1,4,0
4,18,1,7,0
4,18,2,0,0
4,18,2,4,0
4,18,2,7,12
4,18,3,0,0
4,18,3,2,0
4,18,3,3,0
4,18,3,6,12
4,18,3,7,0
4,18,4,1,0
4,18,4,3,7
4,18,4,4,0
4,18,5,2,0
4,18,5,4,0
4,18,5,5,12
4,18,5,7,0
4,18,6,0,0
4,18,6,2,0
4,18,6,4,0
4,18,6,7,0
4,18,7,0,0
4,18,7,2,0
4,18,7,3,0
4,18,7,4,0
4,18,7,5,0
4,18,7,6,7
4,18,7,7,0
5,18,0,2,24
5,18,0,4,12
5,18,0,5,75
5,18,0,6,19
5,18,0,7,19
5,18,1,1,0
5,18,1,2,51
5,18,1,3,0
5,18,1,4,0
5,18,1,7,7
5,18,2,0,0
5,18,2,2,19
5,18,2,3,24
5,18,2,4,24
5,18,2,6,39
5,18,2,7,31
5,18,3,2,0
5,18,3,3,39
5,18,3,4,12
5,18,3,6,7
5,18,3,7,19
5,18,4,0,0
5,18,4,1,0
5,18,4,3,12
5,18,5,0,0
5,18,5,1,0
5,18,5,3,7
5,18,5,4,19
5,18,5,7,12
5,18,6,0,0
5,18,6,4,0
5,18,6,5,7
5,18,7,0,0
5,18,7,1,0
5,18,7,3,0
5,18,7,4,0
5,18,7,5,0
6,18,0,1,7
6,18,0,2,113
6,18,0,4,19
6,18,0,5,39
6,18,0,6,51
6,18,0,7,43
6,18,1,0,0
6,18,1,1,0
6,18,1,2,70
6,18,1,3,101
6,18,1,4,19
6,18,1,7,51
6,18,2,0,0
6,18,2,1,0
6,18,2,2,24
6,18,2,4,70
6,18,2,5,70
6,18,3,0,0
6,18,3,1,43
6,18,3,2,226
6,18,3,3,51
6,18,3,4,106
6,18,3,6,24
6,18,4,0,0
6,18,4,1,7
6,18,4,3,24
6,18,4,4,70
6,18,4,5,39
6,18,5,2,7
6,18,5,4,7
6,18,5,5,70
6,18,6,0,0
6,18,6,1,0
6,18,6,4,0
6,18,6,5,7
6,18,6,6,12
6,18,6,7,12
6,18,7,0,0
6,18,7,2,0
6,18,7,4,0
6,18,7,5,31
6,18,7,6,0
6,18,7,7,7
7,18,0,2,87
7,18,0,3,125
7,18,0,5,70
7,18,0,6,82
7,18,1,1,12
7,18,1,2,70
7,18,1,4,94
7,18,1,5,101
7,18,1,6,63
7,18,2,0,7
7,18,2,1,0
7,18,2,5,144
7,18,2,7,55
7,18,3,0,0
7,18,3,1,12
7,18,3,2,24
7,18,3,3,75
7,18,3,4,94
7,18,3,5,75
7,18,3,6,19
7,18,4,1,0
7,18,4,3,12
7,18,4,4,63
7,18,4,5,39
7,18,4,6,19
7,18,5,0,0
7,18,5,1,19
7,18,5,2,0
7,18,5,4,51
7,18,5,5,31
7,18,5,6,12
7,18,5,7,31
7,18,6,0,0
7,18,6,1,0
7,18,6,3,31
7,18,6,4,0
7,18,6,6,12
7,18,7,1,0
7,18,7,6,0
7,18,7,7,7
8,18,0,1,12
8,18,0,3,39
8,18,0,4,94
8,18,0,7,82
8,18,1,2,106
8,18,1,3,101
8,18,1,4,82
8,18,1,5,132
8,18,1,6,87
8,18,1,7,75
8,18,2,0,0
8,18,2,1,0
8,18,2,3,94
8,18,2,5,113
8,18,2,7,101
8,18,3,2,7
8,18,4,1,19
8,18,4,2,0
8,18,4,3,19
8,18,4,4,31
8,18,4,7,125
8,18,5,0,0
8,18,5,1,0
8,18,5,3,7
8,18,5,4,55
8,18,5,5,70
8,18,5,6,0
8,18,5,7,94
8,18,6,0,0
8,18,6,2,0
8,18,6,4,7
8,18,6,5,51
8,18,6,7,7
8,18,7,0,0
8,18,7,1,0
8,18,7,3,0
8,18,7,4,0
8,18,7,6,7
8,18,7,7,19
9,18,0,0,19
9,18,0,4,94
9,18,1,0,12
9,18,1,2,113
9,18,1,3,94
9,18,1,5,132
9,18,1,7,51
9,18,2,2,39
9,18,2,3,82
9,18,2,6,144
9,18,2,7,70
9,18,3,2,24
9,18,3,3,70
9,18,3,4,87
9,18,3,5,200
9,18,3,6,94
9,18,4,0,0
9,18,4,1,19
9,18,4,4,31
9,18,4,6,51
9,18,5,0,0
9,18,5,1,0
9,18,5,4,39
9,18,5,5,43
9,18,5,6,7
9,18,5,7,63
9,18,6,3,70
9,18,6,4,7
9,18,6,5,31
9,18,6,6,39
9,18,6,7,12
9,18,7,1,0
9,18,7,2,0
9,18,7,3,0
9,18,7,5,12
9,18,7,6,7
10,18,0,0,24
10,18,0,3,113
10,18,0,5,39
10,18,0,7,137
10,18,1,1,7
10,18,1,4,70
10,18,1,5,144
10,18,1,6,87
10,18,2,3,55
10,18,2,4,31
10,18,2,5,149
10,18,2,6,137
10,18,2,7,94
10,18,3,0,0
10,18,3,1,51
10,18,3,3,31
10,18,3,4,31
10,18,3,5,87
10,18,3,7,106
10,18,4,0,0
10,18,4,2,0
10,18,4,3,31
10,18,4,6,75
10,18,5,0,0
10,18,5,2,0
10,18,5,3,39
10,18,5,4,31
10,18,5,5,106
10,18,5,6,39
10,18,5,7,55
10,18,6,0,0
10,18,6,1,0
10,18,6,7,137
10,18,7,1,0
10,18,7,6,7
10,18,7,7,70
11,18,0,0,0
11,18,0,1,12
11,18,0,4,75
11,18,0,5,70
11,18,0,6,188
11,18,0,7,156
11,18,1,0,0
11,18,1,2,43
11,18,1,4,39
11,18,1,5,87
11,18,1,6,87
11,18,1,7,82
11,18,2,0,0
11,18,2,2,24
11,18,2,3,55
11,18,2,4,75
11,18,2,6,231
11,18,2,7,51
11,18,3,2,12
11,18,3,3,55
11,18,3,4,70
11,18,3,5,156
11,18,3,6,212
11,18,4,0,7
11,18,4,1,19
11,18,4,3,51
11,18,4,4,63
11,18,4,6,70
11,18,4,7,125
11,18,5,1,7
11,18,5,2,0
11,18,5,6,55
11,18,6,1,0
11,18,6,2,7
11,18,6,3,0
11,18,6,5,24
11,18,6,6,0
11,18,7,0,0
11,18,7,1,0
11,18,7,5,19
12,18,0,1,12
12,18,0,3,125
12,18,0,5,101
12,18,0,7,101
12,18,1,0,0
12,18,1,2,51
12,18,1,4,43
12,18,1,6,188
12,18,1,7,149
12,18,2,1,0
12,18,2,2,24
12,18,2,3,94
12,18,2,7,39
12,18,3,1,24
12,18,3,4,51
12,18,3,5,180
12,18,3,7,39
12,18,4,0,0
12,18,4,1,24
12,18,4,3,31
12,18,4,4,82
12,18,4,5,106
12,18,4,6,176
12,18,4,7,82
12,18,5,0,7
12,18,5,3,75
12,18,5,5,94
12,18,5,6,87
12,18,5,7,43
12,18,6,5,24
12,18,6,6,7
12,18,7,0,0
12,18,7,3,0
12,18,7,5,12
13,18,0,1,12
13,18,0,2,101
13,18,0,3,31
13,18,0,7,94
13,18,1,0,0
13,18,1,3,82
13,18,1,4,43
13,18,1,5,188
13,18,2,2,55
13,18,2,3,70
13,18,2,4,94
13,18,2,5,144
13,18,2,6,238
13,18,3,0,0
13,18,3,3,51
13,18,3,4,101
13,18,4,0,0
13,18,4,1,7
13,18,4,2,144
13,18,4,4,70
13,18,4,5,106
13,18,4,6,274
13,18,4,7,43
13,18,5,0,0
13,18,5,2,0
13,18,5,3,24
13,18,5,5,43
13,18,5,7,51
13,18,6,1,0
13,18,6,2,0
13,18,7,1,0
13,18,7,2,19
13,18,7,3,0
13,18,7,6,12
13,18,7,7,7
14,18,0,1,12
14,18,0,3,70
14,18,0,4,55
14,18,0,5,125
14,18,0,7,113
14,18,1,1,7
14,18,1,5,87
14,18,1,7,94
14,18,2,1,7
14,18,2,2,24
14,18,2,3,94
14,18,2,5,156
14,18,2,6,106
14,18,2,7,94
14,18,3,2,39
14,18,3,4,113
14,18,3,5,125
14,18,3,6,164
14,18,4,3,87
14,18,4,7,63
14,18,5,0,0
14,18,5,1,0
14,18,5,4,19
14,18,5,5,55
14,18,5,6,270
14,18,6,2,7
14,18,6,5,31
14,18,7,3,7
14,18,7,6,7
15,18,0,0,12
15,18,0,1,63
15,18,0,2,43
15,18,0,3,168
15,18,1,0,0
15,18,1,1,24
15,18,1,2,70
15,18,1,4,55
15,18,1,6,43
15,18,1,7,132
15,18,2,1,7
15,18,2,3,106
15,18,2,4,94
15,18,2,5,168
15,18,2,6,125
15,18,3,3,31
15,18,3,5,188
15,18,3,6,200
15,18,3,7,87
15,18,4,0,0
15,18,4,1,7
15,18,4,2,0
15,18,4,3,70
15,18,4,5,137
15,18,4,7,118
15,18,5,0,0
15,18,5,1,0
15,18,5,2,43
15,18,5,4,39
15,18,5,6,294
15,18,5,7,82
15,18,6,1,0
15,18,6,2,39
15,18,6,3,39
15,18,6,4,19
15,18,6,6,82
15,18,7,0,0
15,18,7,1,0
15,18,7,3,0
15,18,7,4,12
15,18,7,7,24
16,18,0,0,12
16,18,0,3,118
16,18,0,4,55
16,18,0,6,262
16,18,0,7,132
16,18,1,1,31
16,18,1,3,144
16,18,1,7,106
16,18,2,0,0
16,18,2,1,7
16,18,2,2,87
16,18,2,4,156
16,18,3,0,24
16,18,3,1,43
16,18,3,2,63
16,18,3,3,87
16,18,3,4,118
16,18,3,5,219
16,18,3,7,43
16,18,4,0,12
16,18,4,3,106
16,18,5,4,39
16,18,5,6,282
16,18,5,7,39
16,18,6,2,39
16,18,6,7,7
16,18,7,0,0
16,18,7,1,0
16,18,7,6,19
17,18,0,0,13
17,18,0,1,13
17,18,0,4,111
17,18,0,5,91
17,18,0,7,190
17,18,1,0,13
17,18,1,1,13
17,18,1,4,53
17,18,1,7,99
17,18,2,0,0
17,18,2,1,33
17,18,2,3,124
17,18,2,5,119
17,18,2,6,288
17,18,3,2,124
17,18,3,3,111
17,18,3,4,86
17,18,3,5,329
17,18,4,0,0
17,18,4,1,33
17,18,4,2,0
17,18,4,4,119
17,18,4,5,164
17,18,4,6,303
17,18,5,2,0
17,18,5,3,33
17,18,5,4,106
17,18,5,7,172
17,18,6,0,0
17,18,6,2,13
17,18,6,3,13
17,18,6,4,33
17,18,6,5,73
17,18,6,7,40
17,18,7,0,0
17,18,7,1,0
17,18,7,2,20
17,18,7,7,73
18,18,0,0,13
18,18,0,4,91
18,18,0,5,152
18,18,0,6,172
18,18,1,0,0
18,18,1,1,0
18,18,1,2,164
18,18,1,4,45
18,18,1,5,172
18,18,1,6,20
18,18,1,7,157
18,18,2,0,0
18,18,2,2,144
18,18,2,4,184
18,18,2,7,270
18,18,3,0,0
18,18,3,2,33
18,18,3,4,99
18,18,3,5,480
18,18,3,6,296
18,18,4,0,0
18,18,4,1,8
18,18,4,3,91
18,18,4,4,139
18,18,4,7,184
18,18,5,0,0
18,18,5,1,0
18,18,5,2,13
18,18,5,4,66
18,18,5,5,53
18,18,5,6,139
18,18,5,7,73
18,18,6,0,0
18,18,6,1,25
18,18,6,2,8
18,18,6,3,20
18,18,6,5,25
18,18,6,6,20
18,18,6,7,58
18,18,7,0,0
18,18,7,1,0
18,18,7,2,40
18,18,7,3,0
18,18,7,5,13
18,18,7,6,40
18,18,7,7,8
19,18,0,1,13
19,18,0,2,58
19,18,0,3,86
19,18,0,4,131
19,18,0,6,119
19,18,0,7,139
19,18,1,0,0
19,18,1,2,53
19,18,1,3,197
19,18,1,4,78
19,18,1,5,131
19,18,1,6,66
19,18,1,7,197
19,18,2,0,8
19,18,2,1,0
19,18,2,2,91
19,18,2,3,144
19,18,2,4,66
19,18,2,6,124
19,18,2,7,106
19,18,3,0,0
19,18,3,2,20
19,18,3,4,86
19,18,4,0,0
19,18,4,3,66
19,18,4,6,124
19,18,4,7,86
19,18,5,2,0
19,18,5,3,20
19,18,5,6,66
19,18,6,0,0
19,18,6,2,20
19,18,6,4,8
19,18,6,5,66
19,18,6,7,8
19,18,7,1,0
19,18,7,2,8
19,18,7,3,0
19,18,7,5,8
19,18,7,6,8
20,18,0,1,8
20,18,1,0,0
20,18,1,1,0
20,18,1,2,58
20,18,1,5,40
20,18,1,6,91
20,18,2,0,0
20,18,2,1,8
20,18,2,3,111
20,18,2,5,111
20,18,2,6,33
20,18,2,7,53
20,18,3,2,13
20,18,3,3,58
20,18,3,5,91
20,18,3,7,53
20,18,4,1,20
20,18,4,2,0
20,18,4,3,111
20,18,4,4,33
20,18,5,0,0
20,18,5,2,13
20,18,5,3,20
20,18,6,1,0
20,18,6,2,8
20,18,6,3,0
20,18,6,5,45
20,18,6,6,8
20,18,6,7,25
20,18,7,0,0
20,18,7,1,0
20,18,7,2,20
20,18,7,4,20
20,18,7,7,8
21,18,0,0,0
21,18,0,6,66
21,18,0,7,20
21,18,1,0,8
21,18,1,1,0
21,18,1,3,91
21,18,1,5,25
21,18,1,6,40
21,18,2,0,0
21,18,2,3,53
21,18,2,4,20
21,18,2,5,40
21,18,2,7,58
21,18,3,0,0
21,18,3,1,0
21,18,3,4,53
21,18,4,0,8
21,18,4,3,111
21,18,4,5,66
21,18,4,6,33
21,18,5,0,0
21,18,5,2,25
21,18,5,4,53
21,18,5,5,25
21,18,5,7,53
21,18,6,1,0
21,18,6,2,13
21,18,6,7,20
21,18,7,0,0
21,18,7,1,0
21,18,7,2,0
21,18,7,3,8
21,18,7,4,8
22,18,0,0,8
22,18,0,1,0
22,18,0,5,45
22,18,0,7,53
22,18,1,0,0
22,18,1,4,20
22,18,1,7,45
22,18,2,1,0
22,18,2,3,53
22,18,2,4,78
22,18,3,0,0
22,18,3,1,0
22,18,3,3,33
22,18,3,4,25
22,18,3,7,58
22,18,4,0,0
22,18,4,1,25
22,18,4,3,78
22,18,5,1,8
22,18,5,2,25
22,18,5,3,0
22,18,5,4,20
22,18,5,5,20
22,18,6,0,0
22,18,6,1,0
22,18,6,3,0
22,18,6,5,0
22,18,7,0,0
22,18,7,4,0
23,18,0,0,25
23,18,0,2,33
23,18,0,3,25
23,18,0,4,20
23,18,0,6,25
23,18,0,7,8
23,18,1,1,0
23,18,1,2,13
23,18,1,3,53
23,18,1,5,40
23,18,1,6,20
23,18,1,7,45
23,18,2,1,0
23,18,2,2,33
23,18,2,3,20
23,18,2,4,45
23,18,2,5,40
23,18,3,0,0
23,18,3,1,8
23,18,3,2,8
23,18,3,6,33
23,18,4,2,66
23,18,4,7,20
23,18,5,0,0
23,18,5,1,0
23,18,5,3,8
23,18,5,5,40
23,18,5,6,0
23,18,5,7,40
23,18,6,2,0
23,18,6,6,0
23,18,6,7,0
23,18,7,1,0
23,18,7,4,0
23,18,7,6,8
23,18,7,7,0
0,19,0,1,0
0,19,0,2,13
0,19,0,3,40
0,19,1,2,25
0,19,1,3,33
0,19,1,6,0
0,19,1,7,8
0,19,2,0,0
0,19,2,1,0
0,19,2,2,8
0,19,2,4,20
0,19,2,5,13
0,19,2,6,25
0,19,2,7,20
0,19,3,0,0
0,19,3,3,33
0,19,3,4,8
0,19,3,5,40
0,19,3,6,33
0,19,4,0,0
0,19,4,1,0
0,19,4,5,13
0,19,4,6,25
0,19,4,7,0
0,19,5,0,0
0,19,5,3,8
0,19,5,5,0
0,19,5,6,13
0,19,6,0,0
0,19,6,3,0
0,19,6,7,0
0,19,7,0,0
0,19,7,1,0
0,19,7,3,13
0,19,7,4,13
0,19,7,5,0
0,19,7,6,0
1,19,0,1,0
1,19,0,2,0
1,19,0,3,20
1,19,0,6,13
1,19,0,7,8
1,19,1,0,0
1,19,1,3,13
1,19,1,4,0
1,19,1,7,0
1,19,2,0,0
1,19,2,1,0
1,19,2,5,0
1,19,3,1,0
1,19,3,4,58
1,19,3,5,20
1,19,3,6,58
1,19,3,7,8
1,19,4,1,8
1,19,4,2,0
1,19,4,3,0
1,19,4,4,13
1,19,4,5,0
1,19,4,6,0
1,19,4,7,0
1,19,5,3,8
1,19,5,6,0
1,19,6,0,0
1,19,6,1,0
1,19,6,2,0
1,19,6,4,0
1,19,6,5,20
1,19,6,6,0
1,19,6,7,20
1,19,7,0,0
1,19,7,5,0
1,19,7,6,0
1,19,7,7,0
2,19,0,0,0
2,19,0,1,0
2,19,0,2,0
2,19,0,4,0
2,19,0,5,0
2,19,0,7,13
2,19,1,1,0
2,19,1,4,8
2,19,1,5,0
2,19,1,7,20
2,19,2,0,0
2,19,2,2,13
2,19,2,3,0
2,19,2,6,33
2,19,2,7,0
2,19,3,0,0
2,19,3,1,0
2,19,3,2,0
2,19,3,4,13
2,19,3,5,0
2,19,4,1,0
2,19,4,2,0
2,19,4,3,0
2,19,4,4,0
2,19,5,2,0
2,19,5,5,8
2,19,5,7,0
2,19,6,2,0
2,19,6,3,0
2,19,6,4,8
2,19,6,5,0
2,19,6,6,0
2,19,6,7,0
2,19,7,2,0
3,19,0,0,0
3,19,0,2,8
3,19,0,3,8
3,19,0,4,0
3,19,0,6,20
3,19,1,0,0
3,19,1,1,0
3,19,1,2,13
3,19,1,4,8
3,19,2,2,0
3,19,2,3,0
3,19,2,4,13
3,19,2,5,0
3,19,3,2,0
3,19,3,3,0
3,19,3,5,13
3,19,4,0,0
3,19,4,2,0
3,19,4,3,25
3,19,4,6,13
3,19,5,1,0
3,19,5,2,0
3,19,5,3,0
3,19,5,4,0
3,19,6,2,0
3,19,6,4,0
3,19,6,6,20
3,19,6,7,0
3,19,7,1,0
3,19,7,2,0
3,19,7,4,0
4,19,0,1,0
4,19,0,3,13
4,19,0,4,0
4,19,0,5,0
4,19,0,6,8
4,19,0,7,0
4,19,1,3,8
4,19,1,4,0
4,19,1,6,8
4,19,1,7,8
4,19,2,1,0
4,19,2,2,0
4,19,2,3,0
4,19,2,4,0
4,19,2,6,0
4,19,3,0,0
4,19,3,2,0
4,19,3,4,0
4,19,3,6,13
4,19,3,7,8
4,19,4,0,0
4,19,4,6,0
4,19,5,0,0
4,19,5,2,0
4,19,5,3,8
4,19,5,6,0
4,19,6,0,0
4,19,6,1,0
4,19,6,5,0
4,19,6,6,0
4,19,6,7,0
4,19,7,0,0
4,19,7,5,0
4,19,7,6,0
4,19,7,7,0
5,19,0,0,0
5,19,0,4,8
5,19,0,6,13
5,19,0,7,13
5,19,1,0,0
5,19,1,2,13
5,19,2,7,13
5,19,3,4,0
5,19,3,5,8
5,19,3,7,25
5,19,4,0,0
5,19,4,1,0
5,19,4,3,20
5,19,4,5,13
5,19,4,6,13
5,19,4,7,40
5,19,5,0,0
5,19,5,3,0
5,19,5,4,0
5,19,6,0,0
5,19,6,1,0
5,19,6,2,0
5,19,6,4,0
5,19,6,6,0
5,19,7,3,0
5,19,7,4,0
5,19,7,5,0
5,19,7,7,0
6,19,0,3,20
6,19,0,4,58
6,19,0,6,8
6,19,1,0,0
6,19,1,1,0
6,19,1,2,25
6,19,1,3,53
6,19,1,4,33
6,19,2,0,0
6,19,2,2,20
6,19,2,3,13
6,19,2,4,13
6,19,2,5,20
6,19,2,7,20
6,19,3,2,0
6,19,3,3,33
6,19,3,4,58
6,19,3,5,25
6,19,3,7,8
6,19,4,0,0
6,19,4,2,0
6,19,4,3,8
6,19,4,5,25
6,19,4,7,53
6,19,5,0,0
6,19,5,1,0
6,19,5,6,13
6,19,6,0,0
6,19,6,1,0
6,19,6,3,0
6,19,6,4,0
6,19,6,5,13
6,19,7,3,0
6,19,7,4,0
6,19,7,5,0
6,19,7,6,0
6,19,7,7,66
7,19,0,0,40
7,19,0,1,13
7,19,0,2,73
7,19,0,4,53
7,19,0,5,13
7,19,0,6,25
7,19,0,7,13
7,19,1,0,0
7,19,1,2,33
7,19,1,3,66
7,19,1,4,33
7,19,1,5,33
7,19,1,6,25
7,19,2,0,0
7,19,2,4,13
7,19,2,7,33
7,19,3,0,0
7,19,3,1,0
7,19,3,2,25
7,19,3,3,13
7,19,3,4,25
7,19,4,0,0
7,19,4,1,0
7,19,4,3,8
7,19,4,4,86
7,19,4,6,25
7,19,5,1,0
7,19,5,2,8
7,19,5,6,8
7,19,6,0,0
7,19,6,1,0
7,19,6,2,8
7,19,6,3,0
7,19,6,4,0
7,19,6,6,33
7,19,7,0,0
7,19,7,3,0
7,19,7,4,0
7,19,7,6,0
7,19,7,7,0
8,19,0,0,0
8,19,0,1,0
8,19,0,2,20
8,19,0,5,25
8,19,0,7,45
8,19,1,1,0
8,19,1,3,53
8,19,1,4,20
8,19,1,6,13
8,19,2,1,0
8,19,2,2,20
8,19,2,4,45
8,19,2,5,53
8,19,2,6,25
8,19,3,3,33
8,19,3,5,45
8,19,3,6,45
8,19,3,7,45
8,19,4,1,0
8,19,4,2,0
8,19,4,4,58
8,19,4,5,58
8,19,5,1,0
8,19,5,4,0
8,19,5,5,8
8,19,5,6,20
8,19,6,0,0
8,19,6,1,0
8,19,6,4,8
8,19,6,5,13
8,19,6,6,0
8,19,7,0,0
8,19,7,1,0
8,19,7,3,0
8,19,7,4,13
8,19,7,6,13
9,19,0,2,8
9,19,0,3,45
9,19,0,4,25
9,19,0,5,53
9,19,0,6,45
9,19,1,1,8
9,19,1,2,40
9,19,1,4,20
9,19,1,6,25
9,19,2,1,8
9,19,2,2,25
9,19,2,5,58
9,19,2,6,45
9,19,3,0,0
9,19,3,4,13
9,19,3,7,58
9,19,4,0,8
9,19,4,4,53
9,19,4,5,45
9,19,4,6,86
9,19,4,7,45
9,19,5,2,0
9,19,5,5,20
9,19,5,6,8
9,19,6,5,20
9,19,7,0,0
9,19,7,1,0
9,19,7,2,0
9,19,7,4,13
9,19,7,5,0
9,19,7,6,0
10,19,0,2,33
10,19,0,4,45
10,19,0,5,40
10,19,0,6,58
10,19,0,7,40
10,19,1,0,0
10,19,1,2,66
10,19,1,4,20
10,19,1,5,86
10,19,1,6,58
10,19,2,0,0
10,19,2,1,0
10,19,2,4,78
10,19,2,6,78
10,19,2,7,45
10,19,3,1,25
10,19,3,2,20
10,19,3,4,25
10,19,3,6,53
10,19,3,7,8
10,19,4,0,0
10,19,4,2,0
10,19,4,3,91
10,19,4,5,86
10,19,4,6,13
10,19,5,0,0
10,19,5,1,0
10,19,5,2,8
10,19,5,5,73
10,19,5,6,53
10,19,5,7,33
10,19,6,0,0
10,19,6,1,8
10,19,6,2,0
10,19,6,3,0
10,19,6,6,0
10,19,7,1,0
10,19,7,3,0
10,19,7,4,8
10,19,7,5,0
10,19,7,7,25
11,19,0,1,0
11,19,0,2,20
11,19,0,7,53
11,19,1,0,0
11,19,1,1,13
11,19,1,2,53
11,19,1,6,20
11,19,1,7,53
11,19,2,0,0
11,19,2,2,86
11,19,2,6,86
11,19,3,0,13
11,19,3,2,8
11,19,3,4,58
11,19,3,5,106
11,19,3,6,40
11,19,3,7,40
11,19,4,0,0
11,19,4,4,86
11,19,4,5,86
11,19,4,6,45
11,19,5,1,0
11,19,5,2,0
11,19,5,3,8
11,19,5,5,8
11,19,5,6,13
11,19,5,7,58
11,19,6,0,0
11,19,6,2,0
11,19,6,4,8
11,19,6,5,8
11,19,6,7,20
11,19,7,0,0
11,19,7,3,0
11,19,7,4,13
11,19,7,5,20
11,19,7,7,20
12,19,0,1,20
12,19,0,3,40
12,19,0,4,20
12,19,0,5,33
12,19,0,6,53
12,19,1,1,13
12,19,1,4,73
12,19,2,0,8
12,19,2,1,0
12,19,2,3,40
12,19,2,4,53
12,19,2,5,152
12,19,2,7,73
12,19,3,4,45
12,19,3,6,78
12,19,4,4,78
12,19,4,7,45
12,19,5,1,0
12,19,5,2,0
12,19,5,3,20
12,19,5,5,33
12,19,5,7,40
12,19,6,1,0
12,19,6,4,13
12,19,6,5,40
12,19,6,7,8
12,19,7,2,0
12,19,7,3,0
12,19,7,4,0
12,19,7,6,20
13,19,0,0,0
13,19,0,1,8
13,19,0,4,91
13,19,0,5,25
13,19,0,6,33
13,19,0,7,73
13,19,1,0,0
13,19,1,2,45
13,19,1,4,53
13,19,1,5,86
13,19,1,6,45
13,19,2,6,40
13,19,3,2,33
13,19,3,4,33
13,19,3,6,106
13,19,4,1,8
13,19,4,4,66
13,19,4,6,25
13,19,5,1,13
13,19,5,4,20
13,19,5,5,86
13,19,5,7,20
13,19,6,3,0
13,19,6,4,33
13,19,6,6,25
13,19,6,7,0
13,19,7,0,0
13,19,7,1,0
13,19,7,2,0
13,19,7,3,0
13,19,7,4,0
13,19,7,5,8
13,19,7,6,0
14,19,0,1,25
14,19,0,3,66
14,19,0,4,58
14,19,0,5,40
14,19,0,7,45
14,19,1,1,20
14,19,1,2,33
14,19,1,4,13
14,19,1,5,45
14,19,1,6,53
14,19,1,7,73
14,19,2,0,0
14,19,2,2,13
14,19,2,3,58
14,19,2,4,86
14,19,2,5,91
14,19,2,7,106
14,19,3,0,0
14,19,3,1,8
14,19,3,4,91
14,19,3,5,66
14,19,3,7,53
14,19,4,0,0
14,19,4,1,8
14,19,4,4,25
14,19,4,6,66
14,19,4,7,33
14,19,5,1,0
14,19,5,3,8
14,19,5,4,33
14,19,5,6,45
14,19,6,1,0
14,19,6,2,8
14,19,6,7,8
14,19,7,0,0
14,19,7,1,0
14,19,7,2,0
14,19,7,4,13
15,19,0,0,0
15,19,0,1,20
15,19,0,2,53
15,19,0,3,66
15,19,0,5,53
15,19,0,7,99
15,19,1,0,0
15,19,1,1,13
15,19,1,2,33
15,19,1,3,111
15,19,1,4,78
15,19,1,5,33
15,19,1,6,78
15,19,1,7,53
15,19,2,0,20
15,19,2,3,66
15,19,2,4,99
15,19,2,6,91
15,19,2,7,25
15,19,3,2,8
15,19,3,3,58
15,19,3,4,53
15,19,3,5,53
15,19,3,7,58
15,19,4,0,13
15,19,4,1,45
15,19,4,3,45
15,19,4,4,53
15,19,4,5,40
15,19,4,6,33
15,19,5,0,0
15,19,5,2,0
15,19,5,3,25
15,19,5,4,20
15,19,5,5,86
15,19,5,6,53
15,19,5,7,53
15,19,6,0,0
15,19,6,1,0
15,19,6,6,13
15,19,7,3,0
15,19,7,7,25
16,19,0,0,20
16,19,0,1,25
16,19,0,2,20
16,19,0,4,66
16,19,0,5,86
16,19,1,1,8
16,19,1,2,86
16,19,1,5,91
16,19,1,7,91
16,19,2,0,0
16,19,2,4,86
16,19,2,5,45
16,19,2,6,144
16,19,2,7,111
16,19,3,1,8
16,19,3,2,20
16,19,3,4,111
16,19,3,5,86
16,19,4,0,8
16,19,4,1,13
16,19,4,2,0
16,19,4,3,53
16,19,4,4,106
16,19,4,6,45
16,19,4,7,53
16,19,5,2,0
16,19,5,3,53
16,19,5,7,111
16,19,6,0,0
16,19,6,1,0
16,19,6,4,45
16,19,6,5,8
16,19,6,7,13
16,19,7,0,0
16,19,7,1,0
16,19,7,4,0
16,19,7,6,13
16,19,7,7,45
17,19,0,2,77
17,19,0,3,69
17,19,0,5,77
17,19,0,6,56
17,19,0,7,56
17,19,1,1,21
17,19,1,4,56
17,19,1,7,77
17,19,2,1,48
17,19,2,6,111
17,19,2,7,111
17,19,3,1,0
17,19,3,2,8
17,19,3,5,151
17,19,3,7,90
17,19,4,3,56
17,19,4,4,111
17,19,4,5,146
17,19,4,6,27
17,19,5,5,90
17,19,5,6,27
17,19,5,7,103
17,19,6,1,0
17,19,6,2,0
17,19,6,4,77
17,19,6,6,138
17,19,6,7,69
17,19,7,0,0
17,19,7,1,0
17,19,7,2,0
17,19,7,4,13
17,19,7,6,21
17,19,7,7,0
18,19,0,0,21
18,19,0,5,56
18,19,1,0,0
18,19,1,2,27
18,19,1,3,96
18,19,1,6,69
18,19,1,7,90
18,19,2,0,0
18,19,2,1,13
18,19,2,2,27
18,19,2,3,103
18,19,2,7,42
18,19,3,1,21
18,19,3,2,56
18,19,3,3,27
18,19,3,4,77
18,19,3,5,146
18,19,3,7,21
18,19,4,1,13
18,19,4,2,0
18,19,4,3,61
18,19,4,4,96
18,19,4,5,90
18,19,4,7,90
18,19,5,1,21
18,19,5,3,8
18,19,5,4,48
18,19,5,6,13
18,19,6,0,0
18,19,6,1,0
18,19,6,2,0
18,19,6,5,0
18,19,6,6,27
18,19,7,0,0
18,19,7,2,0
18,19,7,3,8
18,19,7,4,0
18,19,7,6,13
19,19,0,0,8
19,19,0,2,34
19,19,0,3,90
19,19,0,4,82
19,19,0,5,61
19,19,0,7,69
19,19,1,1,8
19,19,1,4,21
19,19,1,5,34
19,19,1,7,90
19,19,2,0,0
19,19,2,1,0
19,19,2,2,48
19,19,2,3,42
19,19,2,7,61
19,19,3,1,21
19,19,3,3,96
19,19,3,5,103
19,19,3,6,96
19,19,4,0,0
19,19,4,3,111
19,19,4,4,117
19,19,4,6,42
19,19,4,7,69
19,19,5,4,48
19,19,5,6,27
19,19,5,7,69
19,19,6,2,0
19,19,6,3,0
19,19,6,7,42
19,19,7,0,0
19,19,7,3,0
19,19,7,4,0
19,19,7,6,0
20,19,0,0,0
20,19,0,1,21
20,19,0,3,111
20,19,0,5,56
20,19,0,7,138
20,19,1,0,0
20,19,1,5,48
20,19,1,6,82
20,19,1,7,34
20,19,2,0,0
20,19,2,1,8
20,19,2,2,69
20,19,2,3,96
20,19,2,4,27
20,19,2,5,42
20,19,2,7,90
20,19,3,0,0
20,19,3,1,13
20,19,3,4,77
20,19,3,5,77
20,19,3,7,13
20,19,4,0,8
20,19,4,2,0
20,19,4,3,215
20,19,4,4,69
20,19,4,6,21
20,19,4,7,27
20,19,5,1,13
20,19,5,2,0
20,19,5,5,0
20,19,5,6,0
20,19,6,0,0
20,19,6,1,0
20,19,6,4,13
20,19,6,5,21
20,19,6,6,48
20,19,7,1,0
20,19,7,2,0
20,19,7,4,8
20,19,7,5,13
21,19,0,1,8
21,19,0,2,42
21,19,0,3,34
21,19,0,4,27
21,19,0,6,82
21,19,0,7,90
21,19,1,1,21
21,19,1,2,48
21,19,1,4,8
21,19,1,6,34
21,19,2,0,0
21,19,2,1,8
21,19,2,2,56
21,19,2,3,56
21,19,2,4,56
21,19,2,5,34
21,19,2,6,111
21,19,2,7,61
21,19,3,4,27
21,19,3,5,125
21,19,3,6,103
21,19,3,7,111
21,19,4,0,0
21,19,4,1,21
21,19,4,3,77
21,19,4,5,77
21,19,5,1,0
21,19,5,3,13
21,19,5,4,61
21,19,5,5,61
21,19,5,6,13
21,19,5,7,42
21,19,6,0,0
21,19,6,2,8
21,19,6,5,48
21,19,6,7,13
21,19,7,1,0
21,19,7,2,0
21,19,7,3,21
21,19,7,4,27
21,19,7,5,8
21,19,7,7,42
22,19,0,1,0
22,19,0,2,27
22,19,0,3,34
22,19,0,5,27
22,19,0,6,34
22,19,1,0,0
22,19,1,1,13
22,19,1,2,90
22,19,1,3,69
22,19,1,5,34
22,19,1,6,69
22,19,1,7,96
22,19,2,1,8
22,19,2,2,56
22,19,2,3,77
22,19,2,5,34
22,19,2,6,56
22,19,3,3,42
22,19,3,4,27
22,19,3,6,56
22,19,4,3,103
22,19,4,4,48
22,19,4,5,34
22,19,4,6,56
22,19,4,7,21
22,19,5,0,0
22,19,5,2,13
22,19,6,1,8
22,19,6,3,0
22,19,6,5,13
22,19,6,6,0
22,19,6,7,8
22,19,7,2,0
22,19,7,3,0
22,19,7,4,0
22,19,7,5,13
23,19,0,0,13
23,19,0,1,8
23,19,0,2,8
23,19,0,6,0
23,19,1,0,0
23,19,1,1,8
23,19,1,2,8
23,19,1,3,56
23,19,1,5,56
23,19,1,7,21
23,19,2,3,27
23,19,2,4,27
23,19,2,7,27
23,19,3,1,0
23,19,3,3,27
23,19,3,4,8
23,19,4,2,61
23,19,4,3,159
23,19,4,4,13
23,19,4,5,56
23,19,4,7,13
23,19,5,0,0
23,19,5,1,0
23,19,5,4,8
23,19,5,5,0
23,19,5,6,0
23,19,5,7,13
23,19,6,0,0
23,19,6,2,0
23,19,6,3,21
23,19,6,5,13
23,19,6,6,8
23,19,7,0,0
23,19,7,1,0
23,19,7,3,0
23,19,7,4,13
23,19,7,6,8
23,19,7,7,0
0,20,0,2,0
0,20,0,5,0
0,20,0,7,8
0,20,1,1,27
0,20,1,3,27
0,20,1,4,0
0,20,1,5,0
0,20,1,7,0
0,20,2,0,0
0,20,2,2,8
0,20,2,5,13
0,20,2,6,27
0,20,3,2,8
0,20,3,3,21
0,20,3,7,8
0,20,4,2,0
0,20,4,4,8
0,20,4,6,0
0,20,5,0,0
0,20,5,1,0
0,20,5,2,0
0,20,5,4,0
0,20,5,5,13
0,20,5,6,0
0,20,5,7,42
0,20,6,0,0
0,20,6,1,0
0,20,6,4,0
0,20,6,5,0
0,20,7,0,0
0,20,7,1,0
0,20,7,2,0
0,20,7,3,8
0,20,7,4,0
0,20,7,5,0
0,20,7,6,0
1,20,0,2,0
1,20,0,3,0
1,20,0,4,0
1,20,0,7,13
1,20,1,1,0
1,20,1,2,0
1,20,1,4,0
1,20,1,6,0
1,20,1,7,8
1,20,2,0,0
1,20,2,1,0
1,20,2,2,0
1,20,2,3,0
1,20,2,4,0
1,20,2,7,0
1,20,3,0,0
1,20,3,2,0
1,20,3,4,0
1,20,4,1,13
1,20,4,2,0
1,20,4,3,48
1,20,4,6,8
1,20,4,7,8
1,20,5,0,0
1,20,5,2,0
1,20,5,5,8
1,20,5,6,0
1,20,5,7,0
1,20,6,0,0
1,20,6,2,0
1,20,6,4,0
1,20,6,5,0
1,20,6,6,0
1,20,7,3,0
1,20,7,4,0
1,20,7,5,0
1,20,7,6,0
2,20,0,0,0
2,20,0,4,0
2,20,0,6,0
2,20,0,7,8
2,20,1,3,0
2,20,1,6,0
2,20,1,7,0
2,20,2,0,0
2,20,2,1,0
2,20,2,2,0
2,20,2,3,8
2,20,2,4,13
2,20,2,5,0
2,20,3,0,0
2,20,3,1,0
2,20,3,2,0
2,20,3,3,13
2,20,3,4,13
2,20,3,5,8
2,20,4,0,0
2,20,4,1,0
2,20,4,2,0
2,20,4,5,8
2,20,4,6,0
2,20,4,7,0
2,20,5,3,0
2,20,6,0,0
2,20,6,1,0
2,20,6,3,0
2,20,6,4,0
2,20,6,5,13
2,20,6,6,0
2,20,6,7,0
2,20,7,1,0
2,20,7,2,0
2,20,7,6,0
3,20,0,4,13
3,20,0,6,0
3,20,0,7,0
3,20,1,2,0
3,20,1,3,0
3,20,1,4,13
3,20,1,5,0
3,20,1,6,8
3,20,1,7,0
3,20,2,0,0
3,20,2,3,21
3,20,2,4,0
3,20,2,5,0
3,20,2,7,8
3,20,3,0,0
3,20,3,1,0
3,20,3,2,0
3,20,3,4,0
3,20,3,5,8
3,20,3,7,0
3,20,4,0,0
3,20,4,2,0
3,20,4,3,0
3,20,4,4,0
3,20,4,5,0
3,20,4,7,8
3,20,5,0,0
3,20,5,1,0
3,20,5,2,0
3,20,5,4,0
3,20,5,5,0
3,20,6,0,0
3,20,6,1,0
3,20,6,3,0
3,20,6,4,0
3,20,6,6,0
3,20,6,7,0
3,20,7,1,0
3,20,7,2,0
3,20,7,4,0
3,20,7,5,0
3,20,7,7,0
4,20,0,0,0
4,20,0,3,8
4,20,0,4,21
4,20,0,5,8
4,20,0,6,0
4,20,0,7,0
4,20,1,0,0
4,20,1,1,0
4,20,1,2,8
4,20,1,3,0
4,20,1,6,61
4,20,1,7,0
4,20,2,0,0
4,20,2,1,0
4,20,2,2,0
4,20,2,3,8
4,20,2,4,8
4,20,2,5,0
4,20,2,6,0
4,20,3,1,0
4,20,3,2,0
4,20,3,3,8
4,20,3,4,8
4,20,3,7,0
4,20,4,0,0
4,20,4,5,0
4,20,4,6,0
4,20,5,1,0
4,20,5,2,0
4,20,5,3,0
4,20,5,4,8
4,20,5,5,0
4,20,5,6,0
4,20,6,0,0
4,20,6,1,0
4,20,6,3,0
4,20,6,5,13
4,20,6,7,0
4,20,7,0,0
4,20,7,1,0
4,20,7,2,0
4,20,7,3,0
4,20,7,4,0
4,20,7,5,0
4,20,7,6,0
4,20,7,7,0
5,20,0,0,13
5,20,0,2,21
5,20,0,3,77
5,20,0,5,8
5,20,0,6,0
5,20,0,7,8
5,20,1,1,21
5,20,1,2,48
5,20,1,3,34
5,20,1,4,13
5,20,1,5,56
5,20,1,7,34
5,20,2,2,21
5,20,2,3,48
5,20,2,5,34
5,20,2,6,27
5,20,3,0,0
5,20,3,2,13
5,20,3,3,27
5,20,3,7,8
5,20,4,0,0
5,20,4,1,0
5,20,4,3,8
5,20,4,6,34
5,20,4,7,61
5,20,5,3,8
5,20,5,4,8
5,20,5,6,8
5,20,6,0,0
5,20,6,1,0
5,20,6,2,0
5,20,6,3,0
5,20,6,4,0
5,20,7,1,0
5,20,7,3,0
5,20,7,4,0
5,20,7,5,21
5,20,7,6,8
6,20,0,0,0
6,20,0,1,0
6,20,0,2,56
6,20,0,4,180
6,20,0,5,27
6,20,0,6,151
6,20,0,7,111
6,20,1,2,42
6,20,1,4,77
6,20,1,6,27
6,20,2,3,151
6,20,2,4,130
6,20,2,5,194
6,20,2,6,82
6,20,3,0,0
6,20,3,1,13
6,20,3,2,42
6,20,3,4,82
6,20,3,7,34
6,20,4,1,8
6,20,4,2,0
6,20,4,6,21
6,20,4,7,117
6,20,5,0,0
6,20,5,1,0
6,20,5,3,8
6,20,5,5,82
6,20,5,6,21
6,20,6,0,0
6,20,6,2,0
6,20,6,3,27
6,20,6,6,0
6,20,7,2,0
6,20,7,3,0
6,20,7,4,21
6,20,7,5,0
6,20,7,6,0
7,20,0,0,13
7,20,0,3,289
7,20,0,4,61
7,20,1,2,61
7,20,1,4,69
7,20,1,5,151
7,20,1,6,61
7,20,1,7,151
7,20,2,0,0
7,20,2,2,48
7,20,2,4,483
7,20,2,5,125
7,20,2,6,61
7,20,2,7,241
7,20,3,2,13
7,20,3,5,130
7,20,3,6,48
7,20,3,7,48
7,20,4,0,0
7,20,4,1,0
7,20,4,2,0
7,20,4,3,56
7,20,4,4,130
7,20,4,5,61
7,20,4,6,34
7,20,4,7,27
7,20,5,3,13
7,20,5,6,8
7,20,5,7,13
7,20,6,0,0
7,20,6,1,0
7,20,6,2,0
7,20,6,5,34
7,20,6,6,8
7,20,6,7,0
7,20,7,1,0
7,20,7,3,8
7,20,7,4,0
7,20,7,5,0
7,20,7,6,0
8,20,0,4,138
8,20,0,5,159
8,20,0,7,138
8,20,1,0,0
8,20,1,1,0
8,20,1,4,96
8,20,1,6,56
8,20,1,7,111
8,20,2,0,0
8,20,2,1,8
8,20,2,2,111
8,20,2,3,324
8,20,3,0,0
8,20,3,4,61
8,20,3,5,96
8,20,3,7,48
8,20,4,2,0
8,20,4,3,0
8,20,4,5,82
8,20,4,6,34
8,20,4,7,82
8,20,5,1,8
8,20,5,2,27
8,20,5,3,8
8,20,5,4,69
8,20,5,6,27
8,20,5,7,27
8,20,6,3,56
8,20,6,5,61
8,20,6,6,21
8,20,6,7,90
8,20,7,0,0
8,20,7,1,0
8,20,7,4,8
8,20,7,5,0
8,20,7,6,27
9,20,0,0,0
9,20,0,2,42
9,20,0,3,130
9,20,0,5,151
9,20,0,7,117
9,20,1,0,0
9,20,1,4,125
9,20,1,6,90
9,20,2,2,21
9,20,2,5,159
9,20,2,7,34
9,20,3,0,8
9,20,3,1,8
9,20,3,2,8
9,20,3,5,130
9,20,4,3,21
9,20,4,5,48
9,20,4,6,96
9,20,4,7,69
9,20,5,0,0
9,20,5,1,0
9,20,5,4,21
9,20,5,6,27
9,20,5,7,77
9,20,6,1,0
9,20,6,2,34
9,20,6,3,8
9,20,6,4,8
9,20,6,5,34
9,20,7,1,0
9,20,7,3,0
9,20,7,4,0
9,20,7,6,21
9,20,7,7,0
10,20,0,2,27
10,20,0,4,77
10,20,0,5,117
10,20,1,0,0
10,20,1,1,0
10,20,1,3,61
10,20,1,5,199
10,20,1,6,151
10,20,1,7,56
10,20,2,2,48
10,20,2,3,125
10,20,2,4,159
10,20,2,5,146
10,20,3,0,0
10,20,3,2,8
10,20,3,3,82
10,20,3,5,117
10,20,4,1,21
10,20,4,2,0
10,20,4,4,61
10,20,4,7,48
10,20,5,1,103
10,20,5,2,8
10,20,5,3,0
10,20,5,4,61
10,20,5,5,61
10,20,5,6,21
10,20,6,0,0
10,20,6,3,13
10,20,6,4,111
10,20,6,6,21
10,20,6,7,21
10,20,7,0,0
10,20,7,1,0
10,20,7,2,0
10,20,7,7,0
11,20,0,0,21
11,20,0,1,21
11,20,0,2,34
11,20,0,3,90
11,20,0,4,90
11,20,0,5,82
11,20,0,6,159
11,20,1,0,0
11,20,1,4,61
11,20,2,0,0
11,20,2,1,0
11,20,2,5,138
11,20,2,7,82
11,20,3,0,0
11,20,3,1,21
11,20,3,4,48
11,20,3,7,34
11,20,4,3,27
11,20,4,4,21
11,20,4,5,77
11,20,4,7,34
11,20,5,4,13
11,20,5,6,42
11,20,5,7,0
11,20,6,3,0
11,20,6,4,8
11,20,6,6,21
11,20,6,7,42
11,20,7,1,0
11,20,7,6,27
11,20,7,7,8
12,20,0,0,0
12,20,0,2,21
12,20,0,4,69
12,20,1,1,13
12,20,1,2,34
12,20,1,6,199
12,20,2,3,103
12,20,2,7,61
12,20,3,4,146
12,20,3,6,130
12,20,3,7,56
12,20,4,1,0
12,20,4,3,21
12,20,4,5,61
12,20,4,6,117
12,20,4,7,42
12,20,5,1,0
12,20,5,4,90
12,20,5,6,146
12,20,6,1,0
12,20,6,2,0
12,20,6,4,0
12,20,6,5,13
12,20,7,1,0
12,20,7,4,13
12,20,7,5,8
12,20,7,7,138
13,20,0,0,21
13,20,0,3,125
13,20,1,0,0
13,20,1,1,8
13,20,1,4,13
13,20,1,5,302
13,20,1,6,138
13,20,1,7,117
13,20,2,1,0
13,20,2,3,241
13,20,2,5,215
13,20,2,6,194
13,20,2,7,77
13,20,3,2,21
13,20,3,7,34
13,20,4,0,0
13,20,4,1,13
13,20,4,3,56
13,20,4,4,48
13,20,5,0,0
13,20,5,5,56
13,20,5,6,61
13,20,6,0,0
13,20,6,5,199
13,20,7,1,0
13,20,7,2,0
13,20,7,3,0
13,20,7,4,13
13,20,7,5,8
13,20,7,6,8
13,20,7,7,0
14,20,0,0,13
14,20,0,1,0
14,20,0,2,69
14,20,0,3,96
14,20,0,4,61
14,20,1,1,8
14,20,1,2,48
14,20,1,3,103
14,20,1,5,165
14,20,1,6,255
14,20,1,7,138
14,20,2,0,0
14,20,2,1,0
14,20,2,3,146
14,20,2,5,268
14,20,2,6,276
14,20,3,0,0
14,20,3,3,34
14,20,3,4,90
14,20,4,0,0
14,20,4,1,0
14,20,4,2,0
14,20,4,3,56
14,20,4,4,61
14,20,4,6,263
14,20,4,7,13
14,20,5,2,0
14,20,5,5,249
14,20,5,6,151
14,20,5,7,21
14,20,6,3,8
14,20,6,6,96
14,20,7,0,0
14,20,7,1,0
14,20,7,2,0
14,20,7,5,0
14,20,7,6,0
15,20,0,2,13
15,20,0,3,77
15,20,0,4,125
15,20,0,5,165
15,20,0,7,138
15,20,1,1,8
15,20,1,2,77
15,20,1,4,48
15,20,1,5,318
15,20,1,6,414
15,20,1,7,138
15,20,2,0,0
15,20,2,1,0
15,20,2,3,111
15,20,2,4,117
15,20,2,5,284
15,20,2,6,642
15,20,2,7,96
15,20,3,1,21
15,20,3,3,77
15,20,3,4,61
15,20,3,5,560
15,20,3,6,801
15,20,4,1,8
15,20,4,5,146
15,20,4,6,759
15,20,4,7,130
15,20,5,0,0
15,20,5,2,13
15,20,5,5,159
15,20,5,6,525
15,20,6,5,13
15,20,6,6,228
15,20,7,0,0
15,20,7,1,0
15,20,7,2,0
15,20,7,3,13
15,20,7,5,27
15,20,7,6,13
16,20,0,1,13
16,20,0,2,42
16,20,0,3,77
16,20,0,5,401
16,20,0,6,751
16,20,0,7,255
16,20,1,0,0
16,20,1,2,61
16,20,1,3,130
16,20,1,4,77
16,20,1,6,539
16,20,1,7,111
16,20,2,2,34
16,20,2,3,172
16,20,2,5,387
16,20,2,6,870
16,20,3,0,48
16,20,3,1,8
16,20,3,3,130
16,20,3,4,111
16,20,3,5,379
16,20,3,7,34
16,20,4,0,8
16,20,4,2,0
16,20,4,3,82
16,20,4,5,172
16,20,4,6,366
16,20,4,7,56
16,20,5,2,0
16,20,5,4,34
16,20,5,6,180
16,20,6,0,0
16,20,6,3,8
16,20,6,4,21
16,20,6,5,27
16,20,6,6,56
16,20,6,7,34
16,20,7,1,0
16,20,7,4,8
17,20,0,0,14
17,20,0,2,28
17,20,0,3,159
17,20,0,5,521
17,20,1,4,22
17,20,1,5,245
17,20,1,6,443
17,20,1,7,131
17,20,2,0,0
17,20,2,2,72
17,20,2,3,100
17,20,2,5,189
17,20,2,6,499
17,20,2,7,86
17,20,3,1,22
17,20,3,3,81
17,20,3,4,109
17,20,3,6,449
17,20,3,7,72
17,20,4,4,100
17,20,4,6,579
17,20,4,7,72
17,20,5,0,0
17,20,5,5,153
17,20,6,0,0
17,20,6,1,0
17,20,6,2,0
17,20,6,4,22
17,20,6,7,72
17,20,7,1,0
17,20,7,2,14
17,20,7,3,0
17,20,7,7,45
18,20,0,0,8
18,20,0,2,36
18,20,0,3,59
18,20,0,5,153
18,20,0,6,226
18,20,1,0,0
18,20,1,1,0
18,20,1,3,131
18,20,1,4,36
18,20,1,5,100
18,20,2,1,45
18,20,2,2,8
18,20,2,3,59
18,20,2,7,45
18,20,3,0,0
18,20,3,1,0
18,20,3,2,8
18,20,3,5,281
18,20,4,1,8
18,20,4,2,22
18,20,4,6,290
18,20,4,7,28
18,20,5,0,0
18,20,5,1,0
18,20,5,3,8
18,20,5,4,22
18,20,5,5,81
18,20,6,0,0
18,20,6,2,14
18,20,6,3,0
18,20,6,4,0
18,20,6,6,45
18,20,7,2,0
18,20,7,3,8
18,20,7,4,0
18,20,7,6,8
19,20,0,2,36
19,20,0,5,86
19,20,0,6,203
19,20,1,0,0
19,20,1,1,0
19,20,1,2,86
19,20,1,3,72
19,20,1,4,45
19,20,1,5,86
19,20,1,6,137
19,20,2,1,8
19,20,2,2,22
19,20,2,5,203
19,20,2,7,59
19,20,3,0,0
19,20,3,3,50
19,20,3,7,45
19,20,4,1,0
19,20,4,5,117
19,20,4,6,145
19,20,4,7,22
19,20,5,1,8
19,20,5,3,0
19,20,5,5,45
19,20,5,6,45
19,20,5,7,22
19,20,6,0,0
19,20,6,4,36
19,20,6,5,14
19,20,6,6,8
19,20,6,7,8
19,20,7,0,0
19,20,7,1,0
19,20,7,2,0
19,20,7,4,8
19,20,7,5,36
19,20,7,6,14
19,20,7,7,8
20,20,0,1,22
20,20,0,3,50
20,20,0,6,123
20,20,1,0,8
20,20,1,3,123
20,20,1,4,14
20,20,1,7,117
20,20,2,2,0
20,20,2,4,14
20,20,2,6,281
20,20,3,1,0
20,20,3,5,153
20,20,3,6,153
20,20,4,0,0
20,20,4,1,8
20,20,4,2,0
20,20,4,4,50
20,20,4,5,131
20,20,4,7,8
20,20,5,0,0
20,20,5,2,0
20,20,5,4,45
20,20,5,5,50
20,20,5,6,22
20,20,6,1,0
20,20,6,2,0
20,20,6,5,14
20,20,6,6,0
20,20,6,7,0
20,20,7,3,0
20,20,7,5,22
20,20,7,7,14
21,20,0,0,8
21,20,0,1,8
21,20,0,2,14
21,20,0,4,59
21,20,0,5,72
21,20,1,0,0
21,20,1,3,28
21,20,1,6,59
21,20,2,0,0
21,20,2,2,50
21,20,2,3,95
21,20,2,5,59
21,20,2,6,109
21,20,3,0,0
21,20,3,1,0
21,20,3,4,59
21,20,3,5,86
21,20,3,6,100
21,20,4,2,8
21,20,4,3,72
21,20,4,4,22
21,20,4,5,28
21,20,4,6,95
21,20,5,0,0
21,20,5,2,14
21,20,5,3,8
21,20,5,4,22
21,20,5,5,50
21,20,6,0,0
21,20,6,2,14
21,20,6,5,14
21,20,6,6,0
21,20,7,0,0
21,20,7,1,0
21,20,7,2,0
21,20,7,3,8
21,20,7,5,0
21,20,7,6,14
22,20,0,1,8
22,20,0,2,59
22,20,0,4,14
22,20,0,5,50
22,20,0,6,64
22,20,1,1,0
22,20,1,5,59
22,20,2,2,59
22,20,2,3,22
22,20,2,4,28
22,20,2,5,72
22,20,2,6,86
22,20,3,3,14
22,20,3,5,59
22,20,3,6,59
22,20,3,7,8
22,20,4,0,0
22,20,4,1,0
22,20,4,2,8
22,20,4,3,45
22,20,4,4,45
22,20,4,6,64
22,20,4,7,81
22,20,5,4,14
22,20,5,6,14
22,20,6,1,0
22,20,6,2,0
22,20,6,3,0
22,20,6,5,22
22,20,6,7,8
22,20,7,0,0
22,20,7,2,0
23,20,0,0,0
23,20,0,1,0
23,20,0,2,8
23,20,0,5,14
23,20,0,6,36
23,20,0,7,22
23,20,1,0,0
23,20,1,1,8
23,20,1,3,22
23,20,1,4,0
23,20,1,5,8
23,20,2,0,0
23,20,2,1,0
23,20,2,3,14
23,20,2,5,22
23,20,2,6,28
23,20,2,7,64
23,20,3,0,0
23,20,3,1,0
23,20,3,2,0
23,20,3,5,28
23,20,4,0,0
23,20,4,3,100
23,20,4,5,22
23,20,4,7,45
23,20,5,2,0
23,20,5,3,0
23,20,5,4,14
23,20,5,6,8
23,20,5,7,36
23,20,6,1,0
23,20,6,5,0
23,20,6,6,8
23,20,6,7,0
23,20,7,1,0
23,20,7,3,0
23,20,7,6,0
23,20,7,7,0
0,21,0,0,0
0,21,0,1,0
0,21,0,3,14
0,21,0,4,8
0,21,0,6,8
0,21,0,7,8
0,21,1,0,0
0,21,1,3,0
0,21,1,4,0
0,21,1,5,22
0,21,2,2,0
0,21,2,3,14
0,21,2,4,14
0,21,2,5,14
0,21,2,7,0
0,21,3,0,0
0,21,3,2,0
0,21,3,3,28
0,21,3,4,8
0,21,3,5,14
0,21,3,6,8
0,21,4,0,0
0,21,4,1,8
0,21,4,3,64
0,21,4,5,28
0,21,4,7,8
0,21,5,2,0
0,21,5,3,0
0,21,5,5,14
0,21,5,7,0
0,21,6,1,0
0,21,6,6,0
0,21,6,7,28
0,21,7,0,0
0,21,7,1,0
0,21,7,2,0
0,21,7,3,8
0,21,7,6,0
0,21,7,7,0
1,21,0,0,0
1,21,0,2,0
1,21,0,3,0
1,21,0,4,8
1,21,0,5,0
1,21,0,6,0
1,21,0,7,0
1,21,1,0,0
1,21,1,1,0
1,21,1,2,0
1,21,1,4,0
1,21,1,6,0
1,21,2,0,0
1,21,2,1,0
1,21,2,3,0
1,21,2,4,22
1,21,2,5,0
1,21,2,6,0
1,21,3,0,0
1,21,3,4,0
1,21,3,5,0
1,21,3,6,0
1,21,4,1,0
1,21,4,2,36
1,21,4,3,50
1,21,5,0,0
1,21,5,2,0
1,21,5,4,0
1,21,5,7,0
1,21,6,0,0
1,21,6,1,8
1,21,6,3,0
1,21,6,5,0
1,21,7,0,0
1,21,7,2,0
1,21,7,4,0
1,21,7,6,0
2,21,0,0,0
2,21,0,1,0
2,21,0,2,0
2,21,0,5,0
2,21,0,6,0
2,21,1,0,0
2,21,1,3,0
2,21,1,6,8
2,21,1,7,22
2,21,2,1,0
2,21,2,2,0
2,21,2,3,8
2,21,2,4,0
2,21,2,5,0
2,21,2,6,8
2,21,3,0,0
2,21,3,1,0
2,21,3,4,0
2,21,4,1,0
2,21,4,2,0
2,21,4,4,0
2,21,4,6,0
2,21,5,0,0
2,21,5,2,0
2,21,5,4,14
2,21,5,6,0
2,21,6,0,0
2,21,6,3,0
2,21,6,5,0
2,21,6,7,0
2,21,7,5,0
2,21,7,7,0
3,21,0,0,0
3,21,0,1,0
3,21,0,3,0
3,21,0,4,14
3,21,0,7,0
3,21,1,0,0
3,21,1,2,14
3,21,1,4,8
3,21,1,5,0
3,21,1,6,0
3,21,1,7,0
3,21,2,0,0
3,21,2,1,0
3,21,2,2,0
3,21,2,6,0
3,21,2,7,0
3,21,3,4,8
3,21,3,5,8
3,21,3,6,14
3,21,4,0,0
3,21,4,1,0
3,21,4,4,0
3,21,4,5,14
3,21,4,7,0
3,21,5,0,0
3,21,5,2,0
3,21,5,6,22
3,21,6,1,0
3,21,6,2,0
3,21,6,3,0
3,21,6,4,0
3,21,6,6,22
3,21,7,0,0
3,21,7,1,0
3,21,7,2,0
3,21,7,3,0
3,21,7,5,0
3,21,7,7,0
4,21,0,3,14
4,21,1,0,0
4,21,1,1,0
4,21,1,2,8
4,21,1,3,8
4,21,2,0,0
4,21,2,1,0
4,21,2,2,0
4,21,2,3,0
4,21,2,4,0
4,21,2,6,0
4,21,2,7,0
4,21,3,0,0
4,21,3,1,8
4,21,3,2,0
4,21,3,3,14
4,21,3,6,36
4,21,3,7,0
4,21,4,0,0
4,21,4,3,0
4,21,4,4,28
4,21,4,5,0
4,21,4,6,0
4,21,4,7,0
4,21,5,2,0
4,21,5,4,8
4,21,5,7,0
4,21,6,1,0
4,21,6,2,0
4,21,6,3,0
4,21,6,5,0
4,21,6,6,0
4,21,7,2,0
4,21,7,5,0
4,21,7,7,0
5,21,0,1,0
5,21,0,2,28
5,21,0,6,28
5,21,1,1,0
5,21,1,2,100
5,21,1,5,45
5,21,2,0,0
5,21,2,2,36
5,21,2,3,64
5,21,2,4,22
5,21,2,5,28
5,21,2,6,109
5,21,3,0,0
5,21,3,1,8
5,21,3,2,8
5,21,3,3,22
5,21,3,4,45
5,21,3,5,0
5,21,4,3,8
5,21,4,6,22
5,21,5,0,0
5,21,5,1,22
5,21,5,2,0
5,21,5,3,0
5,21,5,4,0
5,21,5,5,28
5,21,5,7,8
5,21,6,0,0
5,21,6,1,0
5,21,6,2,0
5,21,6,3,0
5,21,6,4,28
5,21,6,5,14
5,21,6,7,8
5,21,7,0,0
5,21,7,3,0
5,21,7,5,0
5,21,7,6,0
6,21,0,1,0
6,21,0,2,109
6,21,0,5,59
6,21,0,7,100
6,21,1,0,0
6,21,1,1,0
6,21,1,2,145
6,21,1,4,117
6,21,1,5,334
6,21,1,6,45
6,21,2,0,0
6,21,2,1,0
6,21,2,2,131
6,21,2,5,203
6,21,2,6,86
6,21,3,0,0
6,21,3,1,8
6,21,3,2,14
6,21,3,3,131
6,21,3,4,109
6,21,3,7,50
6,21,4,0,0
6,21,4,1,8
6,21,4,5,86
6,21,4,6,28
6,21,4,7,36
6,21,5,0,0
6,21,5,1,0
6,21,5,2,14
6,21,5,3,14
6,21,5,4,28
6,21,5,5,28
6,21,5,6,59
6,21,5,7,8
6,21,6,0,0
6,21,6,1,0
6,21,6,3,0
6,21,6,4,8
6,21,6,5,14
6,21,6,7,28
6,21,7,0,0
6,21,7,2,0
6,21,7,3,0
6,21,7,5,8
6,21,7,6,0
6,21,7,7,0
7,21,0,5,100
7,21,0,6,64
7,21,0,7,100
7,21,1,1,0
7,21,1,4,72
7,21,1,5,209
7,21,2,0,0
7,21,2,1,0
7,21,2,2,100
7,21,2,6,95
7,21,2,7,86
7,21,3,0,0
7,21,3,1,36
7,21,3,2,45
7,21,3,3,159
7,21,3,4,72
7,21,3,5,123
7,21,4,0,0
7,21,4,1,0
7,21,4,2,0
7,21,4,4,167
7,21,5,0,0
7,21,5,2,0
7,21,5,4,72
7,21,5,5,50
7,21,5,6,8
7,21,6,0,0
7,21,6,1,0
7,21,6,2,0
7,21,6,3,0
7,21,6,6,8
7,21,6,7,64
7,21,7,1,0
7,21,7,2,0
7,21,7,3,8
7,21,7,4,8
7,21,7,5,0
7,21,7,7,0
8,21,0,0,0
8,21,0,1,22
8,21,0,2,203
8,21,0,3,100
8,21,0,4,100
8,21,0,5,153
8,21,0,6,209
8,21,0,7,81
8,21,1,0,0
8,21,1,1,8
8,21,1,2,167
8,21,1,3,181
8,21,1,4,131
8,21,1,5,195
8,21,2,2,72
8,21,2,3,167
8,21,2,7,72
8,21,3,0,0
8,21,3,2,22
8,21,3,3,131
8,21,3,4,36
8,21,3,7,64
8,21,4,1,0
8,21,4,3,59
8,21,4,4,123
8,21,5,1,0
8,21,5,2,8
8,21,5,3,22
8,21,5,4,8
8,21,5,6,8
8,21,6,1,0
8,21,6,2,0
8,21,6,5,22
8,21,7,0,0
8,21,7,1,0
8,21,7,3,0
8,21,7,4,8
8,21,7,5,0
8,21,7,7,28
9,21,0,0,14
9,21,0,4,72
9,21,0,5,145
9,21,0,6,137
9,21,1,2,81
9,21,1,5,318
9,21,2,1,0
9,21,2,4,153
9,21,2,7,153
9,21,3,0,0
9,21,3,3,28
9,21,3,5,173
9,21,3,6,167
9,21,4,0,0
9,21,4,1,14
9,21,4,2,0
9,21,4,3,0
9,21,4,7,100
9,21,5,1,0
9,21,5,2,0
9,21,5,4,36
9,21,5,5,50
9,21,5,6,45
9,21,5,7,22
9,21,6,0,0
9,21,6,2,28
9,21,6,3,0
9,21,6,5,14
9,21,6,6,14
9,21,6,7,189
9,21,7,1,0
9,21,7,2,0
9,21,7,3,0
9,21,7,5,14
10,21,0,1,14
10,21,0,4,81
10,21,0,5,123
10,21,0,6,209
10,21,0,7,159
10,21,1,0,8
10,21,1,2,86
10,21,1,5,145
10,21,1,6,109
10,21,2,0,0
10,21,2,3,109
10,21,2,4,50
10,21,2,5,145
10,21,2,6,189
10,21,2,7,95
10,21,3,0,0
10,21,3,1,14
10,21,3,4,137
10,21,4,1,36
10,21,4,2,0
10,21,4,3,14
10,21,4,6,64
10,21,5,1,0
10,21,5,5,45
10,21,6,0,0
10,21,6,1,0
10,21,6,2,8
10,21,6,3,22
10,21,6,4,8
10,21,6,6,8
10,21,7,1,0
10,21,7,2,0
10,21,7,5,14
10,21,7,7,59
11,21,0,1,14
11,21,0,4,159
11,21,0,7,167
11,21,1,1,14
11,21,1,4,72
11,21,1,5,131
11,21,2,0,0
11,21,2,1,0
11,21,2,3,59
11,21,2,4,117
11,21,2,5,173
11,21,2,6,173
11,21,2,7,86
11,21,3,0,14
11,21,3,1,14
11,21,3,2,45
11,21,3,6,159
11,21,4,0,22
11,21,4,1,14
11,21,4,2,0
11,21,4,5,131
11,21,4,6,109
11,21,4,7,217
11,21,5,6,100
11,21,5,7,109
11,21,6,0,0
11,21,6,1,0
11,21,6,2,0
11,21,6,3,36
11,21,7,2,0
11,21,7,3,0
11,21,7,4,8
11,21,7,5,22
11,21,7,6,22
11,21,7,7,22
12,21,0,0,14
12,21,0,2,28
12,21,0,3,100
12,21,0,4,64
12,21,1,0,0
12,21,1,1,22
12,21,1,2,109
12,21,1,3,81
12,21,1,5,167
12,21,1,6,209
12,21,2,0,0
12,21,2,1,0
12,21,2,2,36
12,21,2,3,95
12,21,2,5,195
12,21,2,7,59
12,21,3,2,0
12,21,3,4,64
12,21,3,5,181
12,21,3,6,312
12,21,3,7,36
12,21,4,0,8
12,21,4,1,8
12,21,4,3,36
12,21,4,4,45
12,21,4,5,95
12,21,4,6,153
12,21,4,7,72
12,21,5,1,0
12,21,5,2,0
12,21,5,3,28
12,21,5,5,36
12,21,5,7,72
12,21,6,0,0
12,21,6,1,45
12,21,6,3,0
12,21,6,4,8
12,21,6,5,45
12,21,6,6,0
12,21,7,0,0
12,21,7,1,0
12,21,7,2,0
12,21,7,3,8
12,21,7,4,8
12,21,7,6,8
12,21,7,7,0
13,21,0,0,8
13,21,0,1,0
13,21,0,4,137
13,21,0,6,231
13,21,0,7,117
13,21,1,1,0
13,21,1,3,100
13,21,1,4,59
13,21,1,6,217
13,21,1,7,137
13,21,2,2,28
13,21,2,3,109
13,21,2,5,167
13,21,2,6,376
13,21,2,7,81
13,21,3,0,0
13,21,3,2,14
13,21,3,3,131
13,21,4,0,0
13,21,4,1,8
13,21,4,2,0
13,21,4,3,267
13,21,4,5,109
13,21,5,0,0
13,21,5,3,14
13,21,5,4,45
13,21,5,6,340
13,21,5,7,181
13,21,6,0,0
13,21,6,2,0
13,21,6,6,22
13,21,6,7,14
13,21,7,0,0
13,21,7,3,0
13,21,7,5,8
13,21,7,6,14
13,21,7,7,50
14,21,0,0,8
14,21,0,2,117
14,21,0,3,137
14,21,0,4,59
14,21,0,6,674
14,21,1,1,8
14,21,1,4,59
14,21,1,6,281
14,21,2,0,0
14,21,2,1,8
14,21,2,2,50
14,21,2,7,95
14,21,3,0,0
14,21,3,1,22
14,21,3,3,50
14,21,3,5,493
14,21,4,0,28
14,21,4,1,22
14,21,4,2,0
14,21,4,3,95
14,21,4,4,50
14,21,4,5,81
14,21,4,6,624
14,21,5,0,0
14,21,5,1,8
14,21,5,2,0
14,21,5,5,81
14,21,5,6,724
14,21,5,7,109
14,21,6,0,0
14,21,6,4,45
14,21,6,5,50
14,21,6,7,36
14,21,7,1,0
14,21,7,2,0
14,21,7,3,8
14,21,7,4,22
14,21,7,5,0
14,21,7,6,14
14,21,7,7,340
15,21,0,0,8
15,21,0,2,72
15,21,0,4,153
15,21,0,5,262
15,21,1,0,14
15,21,1,1,0
15,21,1,2,64
15,21,1,3,153
15,21,1,6,443
15,21,2,1,8
15,21,2,3,117
15,21,2,5,318
15,21,3,2,22
15,21,4,0,0
15,21,4,1,0
15,21,4,2,0
15,21,4,3,72
15,21,4,4,36
15,21,4,7,64
15,21,5,0,64
15,21,5,3,0
15,21,5,4,45
15,21,5,5,267
15,21,5,7,276
15,21,6,0,0
15,21,6,1,0
15,21,6,3,0
15,21,6,6,59
15,21,6,7,14
15,21,7,4,8
15,21,7,5,0
15,21,7,6,95
15,21,7,7,8
16,21,0,0,8
16,21,0,1,14
16,21,0,3,254
16,21,0,4,240
16,21,0,7,362
16,21,1,0,8
16,21,1,2,131
16,21,1,5,499
16,21,1,6,607
16,21,1,7,203
16,21,2,0,0
16,21,2,1,8
16,21,2,4,123
16,21,2,5,362
16,21,2,6,1209
16,21,3,1,14
16,21,3,3,95
16,21,3,4,117
16,21,3,5,819
16,21,3,6,1000
16,21,3,7,36
16,21,4,1,0
16,21,4,2,0
16,21,4,3,59
16,21,4,5,245
16,21,4,6,588
16,21,4,7,117
16,21,5,0,0
16,21,5,1,0
16,21,6,1,0
16,21,6,6,36
16,21,6,7,8
16,21,7,0,0
16,21,7,3,0
16,21,7,5,0
16,21,7,6,22
16,21,7,7,28
17,21,0,0,9
17,21,0,1,0
17,21,0,2,38
17,21,0,4,114
17,21,0,7,199
17,21,1,5,275
17,21,1,6,1027
17,21,1,7,257
17,21,2,0,9
17,21,2,1,9
17,21,2,2,47
17,21,2,4,190
17,21,2,5,433
17,21,2,6,1065
17,21,2,7,143
17,21,3,1,23
17,21,3,3,129
17,21,3,4,176
17,21,3,5,737
17,21,4,0,0
17,21,4,2,0
17,21,4,5,228
17,21,4,7,105
17,21,5,2,9
17,21,5,3,29
17,21,5,5,53
17,21,5,6,372
17,21,5,7,67
17,21,6,0,0
17,21,6,2,0
17,21,6,4,23
17,21,6,5,15
17,21,6,7,29
17,21,7,0,0
17,21,7,1,0
17,21,7,2,0
17,21,7,3,0
17,21,7,4,23
17,21,7,5,9
17,21,7,6,47
18,21,0,0,9
18,21,0,2,53
18,21,0,3,67
18,21,0,4,85
18,21,0,6,342
18,21,0,7,176
18,21,1,0,0
18,21,1,1,9
18,21,1,3,129
18,21,1,5,167
18,21,1,6,199
18,21,2,1,0
18,21,2,5,266
18,21,2,6,228
18,21,3,3,29
18,21,3,4,23
18,21,3,6,190
18,21,3,7,9
18,21,4,1,0
18,21,4,2,0
18,21,4,5,167
18,21,4,6,214
18,21,4,7,61
18,21,5,2,0
18,21,5,3,0
18,21,5,4,29
18,21,5,7,76
18,21,6,0,0
18,21,6,5,0
18,21,6,6,9
18,21,7,1,0
18,21,7,2,0
18,21,7,3,0
18,21,7,5,9
18,21,7,6,9
18,21,7,7,0
19,21,0,0,0
19,21,0,1,9
19,21,0,2,23
19,21,0,6,295
19,21,1,0,38
19,21,1,1,0
19,21,1,2,38
19,21,1,3,99
19,21,1,4,47
19,21,2,0,0
19,21,2,1,9
19,21,2,2,38
19,21,2,3,85
19,21,2,7,99
19,21,3,0,9
19,21,3,5,395
19,21,3,6,137
19,21,4,0,0
19,21,4,1,0
19,21,4,2,0
19,21,4,3,53
19,21,4,4,85
19,21,4,7,38
19,21,5,0,0
19,21,5,1,0
19,21,5,2,9
19,21,5,4,9
19,21,5,5,53
19,21,5,6,9
19,21,5,7,38
19,21,6,1,9
19,21,6,6,0
19,21,6,7,0
19,21,7,0,0
19,21,7,1,0
19,21,7,3,0
19,21,7,4,9
19,21,7,5,29
20,21,0,0,0
20,21,0,1,9
20,21,0,3,76
20,21,0,5,85
20,21,0,7,143
20,21,1,0,0
20,21,1,2,29
20,21,1,5,38
20,21,2,0,0
20,21,2,1,0
20,21,2,2,47
20,21,2,3,15
20,21,2,5,129
20,21,2,6,205
20,21,3,0,0
20,21,3,2,0
20,21,3,5,190
20,21,3,7,53
20,21,4,0,0
20,21,4,2,0
20,21,4,4,61
20,21,4,5,47
20,21,4,6,91
20,21,5,0,0
20,21,5,1,0
20,21,6,1,0
20,21,6,2,0
20,21,6,6,15
20,21,6,7,15
20,21,7,0,0
20,21,7,2,0
20,21,7,3,9
20,21,7,4,9
20,21,7,5,15
21,21,0,0,0
21,21,0,1,0
21,21,0,6,99
21,21,0,7,53
21,21,1,0,0
21,21,1,3,91
21,21,1,6,47
21,21,2,5,91
21,21,3,0,0
21,21,3,2,0
21,21,3,4,29
21,21,3,6,91
21,21,3,7,47
21,21,4,0,0
21,21,4,2,0
21,21,4,4,53
21,21,4,5,91
21,21,5,2,29
21,21,5,6,23
21,21,5,7,15
21,21,6,0,0
21,21,6,2,0
21,21,6,4,0
21,21,6,5,9
21,21,6,6,0
21,21,6,7,9
21,21,7,2,0
21,21,7,3,9
21,21,7,4,9
21,21,7,5,0
21,21,7,6,9
22,21,0,0,0
22,21,0,1,0
22,21,0,2,9
22,21,0,4,29
22,21,0,6,67
22,21,0,7,38
22,21,1,1,0
22,21,1,2,23
22,21,1,4,15
22,21,1,6,29
22,21,1,7,38
22,21,2,1,0
22,21,2,3,0
22,21,2,4,85
22,21,2,7,38
22,21,3,0,0
22,21,3,1,9
22,21,3,4,47
22,21,4,1,15
22,21,4,2,0
22,21,4,4,15
22,21,4,6,29
22,21,4,7,29
22,21,5,0,0
22,21,5,3,9
22,21,5,4,29
22,21,5,6,15
22,21,5,7,15
22,21,6,0,0
22,21,6,2,0
22,21,6,3,15
22,21,6,5,15
22,21,6,7,0
22,21,7,0,0
22,21,7,3,0
22,21,7,5,9
22,21,7,6,15
23,21,0,1,0
23,21,0,2,23
23,21,0,4,9
23,21,0,5,15
23,21,0,6,9
23,21,0,7,15
23,21,1,0,0
23,21,1,1,0
23,21,1,2,23
23,21,1,3,76
23,21,1,6,9
23,21,2,1,0
23,21,2,2,9
23,21,2,3,29
23,21,2,4,0
23,21,2,5,9
23,21,3,0,0
23,21,3,1,0
23,21,3,2,15
23,21,3,4,0
23,21,3,6,9
23,21,3,7,9
23,21,4,1,0
23,21,4,2,15
23,21,4,3,76
23,21,4,4,23
23,21,4,5,15
23,21,4,6,9
23,21,4,7,0
23,21,5,0,0
23,21,5,2,9
23,21,5,3,0
23,21,5,4,0
23,21,5,5,53
23,21,5,6,0
23,21,6,1,0
23,21,6,2,0
23,21,6,5,0
23,21,6,7,15
23,21,7,3,0
23,21,7,4,0
23,21,7,6,0
0,22,0,0,0
0,22,0,3,15
0,22,0,4,0
0,22,0,7,9
0,22,1,0,0
0,22,1,1,0
0,22,1,2,0
0,22,1,3,15
0,22,1,4,15
0,22,1,6,15
0,22,2,1,0
0,22,2,2,0
0,22,2,3,15
0,22,2,4,15
0,22,2,5,0
0,22,3,1,0
0,22,3,3,0
0,22,3,4,9
0,22,3,6,15
0,22,4,1,15
0,22,4,4,0
0,22,4,5,15
0,22,4,6,0
0,22,4,7,0
0,22,5,0,0
0,22,5,1,0
0,22,5,2,0
0,22,5,3,0
0,22,5,4,9
0,22,5,6,0
0,22,6,1,0
0,22,6,4,0
0,22,6,5,15
0,22,6,6,0
0,22,7,1,0
0,22,7,2,0
0,22,7,3,0
0,22,7,4,0
0,22,7,5,0
0,22,7,6,38
0,22,7,7,0
1,22,0,0,15
1,22,0,1,0
1,22,0,7,0
1,22,1,1,0
1,22,2,1,0
1,22,2,7,0
1,22,3,0,0
1,22,3,1,0
1,22,3,2,0
1,22,3,5,15
1,22,3,6,0
1,22,3,7,9
1,22,4,0,0
1,22,4,1,0
1,22,4,3,23
1,22,4,6,9
1,22,5,2,0
1,22,5,5,0
1,22,5,6,0
1,22,6,1,0
1,22,6,3,0
1,22,6,4,0
1,22,6,5,9
1,22,6,6,0
1,22,7,0,0
1,22,7,5,0
2,22,0,0,0
2,22,0,2,0
2,22,0,4,9
2,22,0,7,15
2,22,1,0,0
2,22,1,1,0
2,22,1,2,0
2,22,1,3,0
2,22,1,4,0
2,22,1,5,0
2,22,1,6,9
2,22,2,0,0
2,22,2,3,9
2,22,2,4,9
2,22,2,5,9
2,22,2,7,0
2,22,3,0,0
2,22,3,3,0
2,22,3,4,0
2,22,3,5,0
2,22,4,0,0
2,22,4,2,0
2,22,4,3,9
2,22,4,4,0
2,22,4,6,0
2,22,4,7,9
2,22,5,4,0
2,22,5,6,0
2,22,6,1,0
2,22,6,2,0
2,22,6,3,0
2,22,6,5,23
2,22,6,7,0
2,22,7,0,0
2,22,7,1,0
2,22,7,3,0
2,22,7,6,0
3,22,0,0,0
3,22,0,1,9
3,22,0,5,0
3,22,0,7,0
3,22,1,1,0
3,22,1,2,15
3,22,1,3,15
3,22,1,5,0
3,22,1,7,0
3,22,2,0,0
3,22,2,2,15
3,22,2,6,0
3,22,3,0,0
3,22,3,2,0
3,22,3,7,0
3,22,4,0,0
3,22,4,2,0
3,22,4,3,9
3,22,4,5,15
3,22,4,6,9
3,22,4,7,9
3,22,5,3,0
3,22,5,6,0
3,22,5,7,9
3,22,6,0,0
3,22,6,2,0
3,22,6,3,0
3,22,6,4,0
3,22,6,7,0
3,22,7,1,0
3,22,7,4,9
3,22,7,5,0
3,22,7,6,0
4,22,0,0,9
4,22,0,1,0
4,22,0,2,9
4,22,0,3,0
4,22,0,4,0
4,22,1,2,9
4,22,1,4,9
4,22,1,5,9
4,22,1,6,15
4,22,1,7,0
4,22,2,0,0
4,22,2,1,0
4,22,2,2,0
4,22,2,5,0
4,22,2,6,9
4,22,2,7,0
4,22,3,0,0
4,22,3,2,0
4,22,3,3,9
4,22,3,4,23
4,22,3,6,9
4,22,3,7,0
4,22,4,2,0
4,22,4,5,0
4,22,4,6,0
4,22,5,1,0
4,22,5,3,0
4,22,5,6,0
4,22,6,0,0
4,22,6,1,0
4,22,6,2,0
4,22,6,6,0
4,22,6,7,0
4,22,7,3,0
4,22,7,4,0
4,22,7,7,0
5,22,0,0,23
5,22,0,1,0
5,22,0,2,15
5,22,0,3,53
5,22,1,0,0
5,22,1,2,38
5,22,1,6,15
5,22,2,0,0
5,22,2,1,9
5,22,2,2,29
5,22,2,4,29
5,22,3,0,0
5,22,3,2,9
5,22,3,3,29
5,22,3,4,61
5,22,3,5,23
5,22,4,0,0
5,22,4,1,15
5,22,4,2,0
5,22,4,3,0
5,22,4,4,9
5,22,4,5,53
5,22,4,6,9
5,22,5,0,0
5,22,5,1,0
5,22,5,3,0
5,22,5,6,0
5,22,6,0,0
5,22,6,1,0
5,22,6,3,0
5,22,6,4,0
5,22,6,5,38
5,22,6,6,9
5,22,6,7,9
5,22,7,0,0
5,22,7,1,0
5,22,7,5,15
5,22,7,6,38
5,22,7,7,9
6,22,0,1,295
6,22,0,2,38
6,22,0,3,61
6,22,0,4,67
6,22,0,5,47
6,22,0,6,47
6,22,1,3,275
6,22,1,4,61
6,22,1,6,38
6,22,1,7,167
6,22,2,2,67
6,22,2,3,76
6,22,2,6,61
6,22,2,7,99
6,22,3,0,0
6,22,3,1,9
6,22,3,4,237
6,22,3,5,76
6,22,3,6,47
6,22,4,0,0
6,22,4,1,15
6,22,4,2,0
6,22,4,3,38
6,22,4,5,137
6,22,4,7,67
6,22,5,1,0
6,22,5,2,0
6,22,5,3,0
6,22,6,1,0
6,22,6,2,0
6,22,6,4,0
6,22,6,6,61
6,22,6,7,0
6,22,7,0,0
6,22,7,2,0
6,22,7,4,9
6,22,7,5,0
6,22,7,6,9
7,22,0,2,205
7,22,0,3,61
7,22,0,4,53
7,22,0,5,219
7,22,0,6,99
7,22,1,0,0
7,22,1,1,0
7,22,1,3,152
7,22,1,4,53
7,22,1,5,228
7,22,1,7,61
7,22,2,1,0
7,22,2,3,123
7,22,2,5,167
7,22,2,6,67
7,22,2,7,29
7,22,3,1,0
7,22,3,5,67
7,22,3,6,67
7,22,4,0,15
7,22,4,2,0
7,22,4,4,47
7,22,4,6,91
7,22,5,1,9
7,22,5,3,0
7,22,5,4,47
7,22,5,5,85
7,22,5,7,85
7,22,6,1,0
7,22,6,2,0
7,22,6,3,0
7,22,6,4,67
7,22,6,5,23
7,22,7,1,0
7,22,7,2,0
7,22,7,5,0
7,22,7,7,0
8,22,0,1,23
8,22,0,2,76
8,22,0,4,161
8,22,0,6,219
8,22,0,7,252
8,22,1,0,0
8,22,1,1,23
8,22,1,3,129
8,22,1,5,342
8,22,1,7,190
8,22,2,0,15
8,22,2,2,76
8,22,2,3,181
8,22,3,0,23
8,22,3,1,38
8,22,3,3,105
8,22,3,4,143
8,22,3,5,219
8,22,3,7,129
8,22,4,0,0
8,22,4,1,15
8,22,4,3,67
8,22,4,4,76
8,22,4,7,91
8,22,5,0,0
8,22,5,1,0
8,22,5,3,0
8,22,5,7,76
8,22,6,2,0
8,22,6,4,9
8,22,6,6,0
8,22,6,7,9
8,22,7,0,0
8,22,7,4,0
8,22,7,5,0
8,22,7,6,67
9,22,0,0,9
9,22,0,3,123
9,22,0,6,243
9,22,1,3,143
9,22,1,4,53
9,22,1,5,281
9,22,2,0,0
9,22,2,1,0
9,22,2,2,53
9,22,2,5,176
9,22,3,0,0
9,22,3,1,38
9,22,4,1,0
9,22,4,4,76
9,22,4,5,67
9,22,4,6,91
9,22,5,1,15
9,22,5,3,9
9,22,5,5,61
9,22,5,7,23
9,22,6,0,0
9,22,6,3,15
9,22,6,4,29
9,22,6,5,23
9,22,6,6,15
9,22,7,0,0
9,22,7,1,0
9,22,7,2,0
9,22,7,5,9
9,22,7,6,9
9,22,7,7,38
10,22,0,0,15
10,22,0,5,167
10,22,1,1,0
10,22,1,2,114
10,22,1,3,167
10,22,1,5,205
10,22,1,6,161
10,22,1,7,114
10,22,2,3,152
10,22,2,4,129
10,22,3,2,23
10,22,3,3,252
10,22,3,4,137
10,22,3,5,176
10,22,3,6,167
10,22,3,7,23
10,22,4,1,9
10,22,4,2,0
10,22,4,4,47
10,22,4,5,152
10,22,5,1,0
10,22,5,2,15
10,22,5,3,23
10,22,5,5,275
10,22,5,6,29
10,22,6,0,0
10,22,6,1,0
10,22,6,5,53
10,22,6,6,23
10,22,6,7,0
10,22,7,0,0
10,22,7,4,0
10,22,7,6,9
11,22,0,1,9
11,22,0,2,91
11,22,0,5,85
11,22,0,7,161
11,22,1,0,9
11,22,1,1,0
11,22,1,4,190
11,22,1,5,176
11,22,1,7,114
11,22,2,0,0
11,22,2,1,0
11,22,2,2,99
11,22,2,4,167
11,22,2,6,275
11,22,2,7,53
11,22,3,3,53
11,22,3,4,61
11,22,3,5,252
11,22,3,6,219
11,22,4,0,0
11,22,4,4,38
11,22,4,5,99
11,22,5,0,0
11,22,5,1,0
11,22,5,2,0
11,22,5,4,47
11,22,5,5,67
11,22,5,6,76
11,22,5,7,99
11,22,6,0,0
11,22,6,1,0
11,22,6,3,23
11,22,6,5,67
11,22,6,7,29
11,22,7,0,0
11,22,7,1,0
11,22,7,4,9
11,22,7,6,0
12,22,0,0,67
12,22,0,1,85
12,22,0,2,23
12,22,0,3,129
12,22,0,5,266
12,22,0,6,176
12,22,0,7,181
12,22,1,0,29
12,22,1,1,53
12,22,1,2,275
12,22,1,3,85
12,22,1,4,47
12,22,1,5,123
12,22,2,0,0
12,22,2,1,0
12,22,2,2,29
12,22,2,4,67
12,22,2,6,252
12,22,2,7,143
12,22,3,0,0
12,22,3,1,38
12,22,3,2,0
12,22,3,3,137
12,22,3,4,67
12,22,3,6,219
12,22,3,7,123
12,22,4,1,9
12,22,4,3,53
12,22,4,4,319
12,22,4,7,152
12,22,5,1,0
12,22,5,2,0
12,22,5,4,29
12,22,5,5,91
12,22,5,6,114
12,22,6,0,0
12,22,6,4,9
12,22,6,6,15
12,22,6,7,9
12,22,7,0,0
12,22,7,1,0
12,22,7,4,0
12,22,7,7,9
13,22,0,0,9
13,22,0,2,38
13,22,0,5,161
13,22,0,6,243
13,22,1,1,15
13,22,1,2,67
13,22,1,3,137
13,22,1,4,38
13,22,1,5,228
13,22,1,7,161
13,22,2,5,161
13,22,2,6,372
13,22,3,4,91
13,22,3,5,161
13,22,3,6,228
13,22,4,0,0
13,22,4,1,23
13,22,4,3,85
13,22,4,4,91
13,22,4,6,181
13,22,4,7,91
13,22,5,0,0
13,22,5,1,137
13,22,5,2,0
13,22,5,3,38
13,22,5,4,29
13,22,5,5,123
13,22,5,7,91
13,22,6,0,0
13,22,6,1,15
13,22,6,3,38
13,22,6,4,9
13,22,6,6,53
13,22,6,7,15
13,22,7,0,0
13,22,7,1,0
13,22,7,3,9
13,22,7,5,9
13,22,7,6,9
14,22,0,0,0
14,22,0,2,114
14,22,0,3,99
14,22,0,4,152
14,22,0,6,275
14,22,1,2,47
14,22,1,3,114
14,22,1,5,304
14,22,1,7,176
14,22,2,0,0
14,22,2,1,0
14,22,2,2,61
14,22,2,4,152
14,22,2,7,129
14,22,3,1,0
14,22,3,4,129
14,22,4,1,23
14,22,4,4,105
14,22,4,5,228
14,22,4,6,257
14,22,4,7,295
14,22,5,2,0
14,22,5,3,9
14,22,5,5,167
14,22,5,6,357
14,22,6,0,0
14,22,6,2,0
14,22,6,3,9
14,22,6,5,53
14,22,6,6,23
14,22,6,7,91
14,22,7,0,0
14,22,7,1,0
14,22,7,2,0
14,22,7,5,23
15,22,0,0,0
15,22,0,1,15
15,22,0,2,23
15,22,0,5,243
15,22,0,7,281
15,22,1,0,9
15,22,1,5,290
15,22,1,7,176
15,22,2,0,15
15,22,2,1,0
15,22,2,2,23
15,22,2,5,670
15,22,3,0,0
15,22,3,2,38
15,22,3,3,38
15,22,3,7,190
15,22,4,3,76
15,22,4,4,99
15,22,4,5,237
15,22,4,6,486
15,22,4,7,99
15,22,5,0,0
15,22,5,1,0
15,22,5,2,9
15,22,5,3,129
15,22,5,4,15
15,22,5,7,114
15,22,6,1,0
15,22,6,3,61
15,22,6,4,23
15,22,6,7,9
15,22,7,0,0
15,22,7,1,0
15,22,7,4,0
15,22,7,7,15
16,22,0,0,0
16,22,0,2,53
16,22,0,5,746
16,22,0,6,471
16,22,0,7,199
16,22,1,0,0
16,22,1,1,9
16,22,1,2,114
16,22,1,3,129
16,22,1,4,61
16,22,1,7,152
16,22,2,0,0
16,22,2,1,0
16,22,2,2,23
16,22,2,3,161
16,22,2,4,137
16,22,2,6,1392
16,22,3,4,105
16,22,3,5,579
16,22,3,6,942
16,22,3,7,123
16,22,4,1,9
16,22,4,2,0
16,22,4,3,85
16,22,4,7,67
16,22,5,0,0
16,22,5,1,0
16,22,5,2,15
16,22,5,4,38
16,22,5,5,143
16,22,6,1,0
16,22,6,3,15
16,22,6,4,38
16,22,7,0,0
16,22,7,2,0
16,22,7,4,23
16,22,7,5,9
16,22,7,7,15
17,22,0,0,0
17,22,0,2,55
17,22,0,6,614
17,22,0,7,209
17,22,1,1,0
17,22,1,2,31
17,22,1,5,190
17,22,1,6,504
17,22,1,7,184
17,22,2,0,0
17,22,2,3,71
17,22,2,6,1023
17,22,2,7,264
17,22,3,0,0
17,22,3,2,9
17,22,3,4,120
17,22,3,5,584
17,22,3,7,95
17,22,4,2,0
17,22,4,6,439
17,22,5,0,0
17,22,5,3,9
17,22,5,5,95
17,22,5,6,295
17,22,5,7,31
17,22,6,0,0
17,22,6,1,0
17,22,6,2,9
17,22,6,4,40
17,22,6,5,15
17,22,7,2,0
17,22,7,3,0
17,22,7,4,15
18,22,0,2,31
18,22,0,3,40
18,22,0,4,184
18,22,0,5,65
18,22,1,0,0
18,22,1,1,15
18,22,1,2,31
18,22,1,3,71
18,22,1,5,129
18,22,1,6,200
18,22,1,7,40
18,22,2,0,0
18,22,2,1,9
18,22,2,2,80
18,22,2,4,104
18,22,2,6,335
18,22,2,7,104
18,22,3,1,0
18,22,3,2,40
18,22,3,7,25
18,22,4,0,15
18,22,4,3,55
18,22,4,4,89
18,22,4,5,144
18,22,4,6,175
18,22,4,7,25
18,22,5,0,9
18,22,5,2,55
18,22,5,5,25
18,22,5,7,55
18,22,6,0,0
18,22,6,4,15
18,22,7,0,0
18,22,7,2,0
18,22,7,5,15
18,22,7,7,9
19,22,0,0,9
19,22,0,2,25
19,22,0,5,135
19,22,0,6,200
19,22,1,1,9
19,22,1,2,49
19,22,1,4,25
19,22,1,6,190
19,22,2,1,0
19,22,2,3,129
19,22,2,4,104
19,22,2,5,230
19,22,2,6,350
19,22,2,7,65
19,22,3,1,9
19,22,3,2,55
19,22,3,3,55
19,22,3,5,230
19,22,3,6,230
19,22,4,0,0
19,22,4,2,0
19,22,4,3,71
19,22,4,4,65
19,22,4,6,249
19,22,4,7,31
19,22,5,7,15
19,22,6,0,0
19,22,6,1,0
19,22,6,3,49
19,22,6,4,25
19,22,6,6,15
19,22,7,1,0
19,22,7,2,0
19,22,7,4,0
19,22,7,6,9
19,22,7,7,15
20,22,0,1,0
20,22,0,2,40
20,22,0,4,80
20,22,0,5,135
20,22,1,1,0
20,22,1,3,65
20,22,1,4,49
20,22,2,0,0
20,22,2,1,0
20,22,2,2,9
20,22,2,4,80
20,22,2,6,255
20,22,2,7,25
20,22,3,0,0
20,22,3,4,31
20,22,3,5,215
20,22,3,6,224
20,22,3,7,65
20,22,4,2,0
20,22,4,4,65
20,22,4,5,135
20,22,4,6,65
20,22,4,7,49
20,22,5,2,25
20,22,5,3,15
20,22,5,4,9
20,22,5,5,49
20,22,5,6,31
20,22,5,7,25
20,22,6,0,0
20,22,6,1,9
20,22,6,3,0
20,22,6,5,31
20,22,6,6,9
20,22,7,1,0
20,22,7,2,0
20,22,7,3,0
20,22,7,5,15
20,22,7,6,9
20,22,7,7,15
21,22,0,1,0
21,22,0,2,49
21,22,0,3,151
21,22,0,4,31
21,22,0,5,49
21,22,0,7,40
21,22,1,1,15
21,22,1,2,0
21,22,1,4,31
21,22,1,5,65
21,22,1,7,49
21,22,2,0,0
21,22,2,1,0
21,22,2,3,49
21,22,2,4,65
21,22,2,5,120
21,22,2,6,184
21,22,2,7,111
21,22,3,1,0
21,22,3,3,49
21,22,3,7,95
21,22,4,2,0
21,22,4,4,49
21,22,4,6,31
21,22,4,7,95
21,22,5,2,15
21,22,5,3,9
21,22,5,4,31
21,22,5,5,31
21,22,5,7,49
21,22,6,2,0
21,22,6,3,0
21,22,6,4,15
21,22,6,5,9
21,22,6,7,25
21,22,7,2,0
21,22,7,3,0
21,22,7,4,31
22,22,0,0,9
22,22,0,1,9
22,22,0,2,49
22,22,0,3,55
22,22,0,5,55
22,22,0,6,80
22,22,0,7,80
22,22,1,0,0
22,22,1,1,0
22,22,1,2,15
22,22,1,4,15
22,22,1,5,15
22,22,1,6,31
22,22,1,7,55
22,22,2,1,0
22,22,2,2,15
22,22,2,4,71
22,22,2,5,31
22,22,3,1,9
22,22,3,3,25
22,22,3,4,71
22,22,3,7,49
22,22,4,0,0
22,22,4,1,0
22,22,4,2,0
22,22,4,4,31
22,22,4,5,49
22,22,4,6,40
22,22,4,7,55
22,22,5,0,0
22,22,5,1,0
22,22,5,2,0
22,22,5,3,9
22,22,5,4,9
22,22,5,5,31
22,22,5,7,31
22,22,6,1,0
22,22,6,2,0
22,22,6,4,15
22,22,6,5,25
22,22,7,0,0
22,22,7,3,0
22,22,7,4,9
22,22,7,5,0
22,22,7,6,9
23,22,0,2,80
23,22,0,3,15
23,22,0,4,9
23,22,0,5,15
23,22,1,0,0
23,22,1,3,15
23,22,1,4,0
23,22,1,5,25
23,22,1,6,15
23,22,1,7,9
23,22,2,0,0
23,22,2,1,0
23,22,2,3,31
23,22,2,4,0
23,22,2,5,15
23,22,2,6,40
23,22,2,7,40
23,22,3,0,0
23,22,3,1,9
23,22,3,4,25
23,22,3,5,49
23,22,3,7,31
23,22,4,0,0
23,22,4,5,25
23,22,5,1,0
23,22,5,4,9
23,22,5,5,15
23,22,5,7,0
23,22,6,0,0
23,22,6,2,0
23,22,6,3,0
23,22,6,6,0
23,22,6,7,0
23,22,7,0,0
23,22,7,2,0
23,22,7,3,0
23,22,7,4,0
23,22,7,6,25
23,22,7,7,0
0,23,0,2,9
0,23,0,3,25
0,23,0,4,15
0,23,0,7,0
0,23,1,0,0
0,23,1,2,0
0,23,1,4,0
0,23,1,5,0
0,23,1,6,9
0,23,2,4,0
0,23,2,5,0
0,23,3,0,0
0,23,3,1,0
0,23,3,2,0
0,23,3,3,15
0,23,3,4,0
0,23,3,5,31
0,23,3,6,15
0,23,3,7,0
0,23,4,0,0
0,23,4,3,40
0,23,4,7,0
0,23,5,0,0
0,23,5,1,0
0,23,5,6,0
0,23,5,7,0
0,23,6,0,0
0,23,6,1,0
0,23,6,3,0
0,23,6,4,9
0,23,6,5,0
0,23,6,7,0
0,23,7,0,0
0,23,7,2,0
0,23,7,4,0
0,23,7,5,0
0,23,7,6,0
0,23,7,7,0
1,23,0,0,0
1,23,0,1,0
1,23,0,2,0
1,23,0,4,15
1,23,0,5,0
1,23,0,6,0
1,23,1,0,0
1,23,1,1,0
1,23,1,5,15
1,23,2,0,0
1,23,2,1,0
1,23,2,3,0
1,23,2,6,49
1,23,2,7,0
1,23,3,0,0
1,23,3,1,0
1,23,3,4,0
1,23,3,5,9
1,23,3,6,0
1,23,3,7,0
1,23,4,0,0
1,23,4,2,0
1,23,4,3,9
1,23,4,4,0
1,23,4,5,0
1,23,4,6,0
1,23,4,7,0
1,23,5,3,0
1,23,5,6,0
1,23,6,0,0
1,23,6,3,0
1,23,6,4,0
1,23,6,6,0
1,23,7,4,0
1,23,7,6,0
2,23,0,0,0
2,23,0,1,0
2,23,0,2,0
2,23,0,5,0
2,23,0,6,9
2,23,0,7,0
2,23,1,0,0
2,23,1,1,0
2,23,1,2,0
2,23,1,3,0
2,23,2,0,0
2,23,2,1,0
2,23,2,2,0
2,23,2,4,0
2,23,2,5,0
2,23,2,6,0
2,23,2,7,15
2,23,3,1,0
2,23,3,3,0
2,23,3,4,0
2,23,3,6,0
2,23,3,7,0
2,23,4,0,0
2,23,4,1,0
2,23,4,3,0
2,23,4,4,0
2,23,4,5,0
2,23,4,6,0
2,23,4,7,9
2,23,5,1,0
2,23,5,2,0
2,23,5,4,0
2,23,5,5,0
2,23,5,6,0
2,23,5,7,0
2,23,6,0,0
2,23,6,2,0
2,23,6,3,0
2,23,6,4,9
2,23,6,5,9
2,23,6,6,0
2,23,6,7,0
2,23,7,0,0
2,23,7,5,0
2,23,7,6,9
3,23,0,1,0
3,23,0,2,0
3,23,0,3,0
3,23,0,4,9
3,23,0,7,0
3,23,1,0,0
3,23,1,1,0
3,23,1,4,0
3,23,1,6,0
3,23,1,7,9
3,23,2,0,0
3,23,2,2,0
3,23,2,4,0
3,23,2,5,0
3,23,2,7,0
3,23,3,3,0
3,23,3,4,15
3,23,3,6,9
3,23,3,7,0
3,23,4,0,0
3,23,4,1,0
3,23,4,2,0
3,23,4,5,15
3,23,4,6,0
3,23,5,2,0
3,23,5,7,0
3,23,6,0,0
3,23,6,1,0
3,23,6,2,0
3,23,6,3,0
3,23,7,1,0
3,23,7,2,0
3,23,7,3,0
3,23,7,5,0
3,23,7,7,0
4,23,0,1,0
4,23,0,4,0
4,23,0,5,0
4,23,0,7,0
4,23,1,0,0
4,23,1,2,9
4,23,1,5,25
4,23,1,6,0
4,23,1,7,0
4,23,2,0,0
4,23,2,1,0
4,23,2,2,0
4,23,2,3,9
4,23,2,5,0
4,23,2,6,0
4,23,3,0,0
4,23,3,1,0
4,23,3,2,0
4,23,3,3,0
4,23,3,4,0
4,23,4,0,0
4,23,4,1,9
4,23,4,2,0
4,23,4,5,0
4,23,4,7,9
4,23,5,1,9
4,23,5,2,0
4,23,5,4,0
4,23,5,6,65
4,23,5,7,0
4,23,6,0,0
4,23,6,1,0
4,23,6,2,0
4,23,6,4,0
4,23,6,6,0
4,23,6,7,0
4,23,7,0,0
4,23,7,2,0
4,23,7,4,0
4,23,7,7,0
5,23,0,0,9
5,23,0,1,40
5,23,0,3,49
5,23,0,4,15
5,23,0,6,15
5,23,0,7,25
5,23,1,3,31
5,23,1,4,65
5,23,1,6,15
5,23,2,1,0
5,23,2,2,65
5,23,2,4,55
5,23,2,5,71
5,23,2,6,0
5,23,3,0,0
5,23,3,1,9
5,23,3,2,0
5,23,3,4,15
5,23,3,7,49
5,23,4,1,9
5,23,4,3,0
5,23,4,6,9
5,23,4,7,49
5,23,5,0,0
5,23,5,4,0
5,23,5,5,9
5,23,5,6,9
5,23,5,7,15
5,23,6,1,0
5,23,6,2,15
5,23,6,4,9
5,23,6,5,9
5,23,6,7,0
5,23,7,0,0
5,23,7,2,0
5,23,7,6,9
5,23,7,7,0
6,23,0,0,9
6,23,0,1,25
6,23,0,2,25
6,23,0,3,31
6,23,0,4,49
6,23,1,0,55
6,23,1,1,15
6,23,1,2,89
6,23,1,3,111
6,23,1,4,71
6,23,1,5,295
6,23,1,7,40
6,23,2,0,0
6,23,2,3,71
6,23,2,4,249
6,23,2,6,95
6,23,2,7,40
6,23,3,1,9
6,23,3,2,15
6,23,3,3,89
6,23,3,4,49
6,23,4,0,0
6,23,4,1,15
6,23,4,2,0
6,23,4,3,9
6,23,4,5,71
6,23,4,6,40
6,23,4,7,31
6,23,5,0,0
6,23,5,1,0
6,23,5,3,15
6,23,5,4,15
6,23,5,7,9
6,23,6,0,0
6,23,6,3,0
6,23,6,4,31
6,23,6,6,15
6,23,7,0,0
6,23,7,2,0
6,23,7,3,0
6,23,7,4,0
6,23,7,5,0
6,23,7,7,15
7,23,0,0,31
7,23,0,1,0
7,23,0,2,15
7,23,0,5,55
7,23,0,6,104
7,23,0,7,120
7,23,1,3,120
7,23,1,4,120
7,23,1,7,135
7,23,2,0,9
7,23,2,2,15
7,23,2,4,120
7,23,2,6,80
7,23,3,0,15
7,23,3,2,9
7,23,3,3,71
7,23,3,4,104
7,23,3,5,129
7,23,3,6,151
7,23,4,1,0
7,23,4,2,0
7,23,4,3,9
7,23,4,5,65
7,23,4,7,25
7,23,5,0,0
7,23,5,3,15
7,23,5,5,111
7,23,5,6,0
7,23,5,7,31
7,23,6,0,0
7,23,6,1,0
7,23,6,2,0
7,23,6,5,129
7,23,6,6,9
7,23,7,0,0
7,23,7,4,0
7,23,7,5,0
8,23,0,0,15
8,23,0,1,0
8,23,0,5,160
8,23,0,6,190
8,23,0,7,264
8,23,1,1,9
8,23,1,2,129
8,23,1,3,249
8,23,1,5,384
8,23,2,0,0
8,23,2,1,0
8,23,2,2,144
8,23,2,3,255
8,23,2,4,255
8,23,2,5,249
8,23,3,0,0
8,23,3,4,111
8,23,3,6,120
8,23,4,1,15
8,23,4,2,0
8,23,4,4,289
8,23,4,6,120
8,23,4,7,175
8,23,5,1,0
8,23,5,2,0
8,23,5,5,89
8,23,6,1,0
8,23,6,2,0
8,23,6,3,15
8,23,6,4,15
8,23,6,7,25
8,23,7,2,0
8,23,7,3,0
8,23,7,4,15
8,23,7,5,0
8,23,7,6,0
9,23,0,1,15
9,23,0,2,80
9,23,0,3,240
9,23,0,5,95
9,23,0,6,160
9,23,1,1,0
9,23,1,3,310
9,23,1,4,209
9,23,1,5,190
9,23,2,0,15
9,23,2,2,31
9,23,2,3,344
9,23,2,4,151
9,23,2,6,230
9,23,2,7,89
9,23,3,1,9
9,23,3,4,95
9,23,3,5,160
9,23,3,6,209
9,23,3,7,55
9,23,4,0,0
9,23,4,2,0
9,23,4,3,31
9,23,4,4,71
9,23,4,6,129
9,23,4,7,215
9,23,5,4,111
9,23,5,5,65
9,23,5,7,120
9,23,6,0,0
9,23,6,1,0
9,23,6,2,0
9,23,6,5,0
9,23,6,6,40
9,23,6,7,31
9,23,7,0,0
9,23,7,1,0
9,23,7,2,0
9,23,7,4,25
9,23,7,5,0
9,23,7,7,9
10,23,0,1,0
10,23,0,2,104
10,23,0,3,95
10,23,0,5,71
10,23,1,1,15
10,23,1,2,55
10,23,1,3,160
10,23,1,4,104
10,23,1,5,144
10,23,2,1,0
10,23,2,2,120
10,23,2,3,111
10,23,3,0,0
10,23,3,2,40
10,23,3,3,135
10,23,3,5,190
10,23,3,6,151
10,23,3,7,71
10,23,4,3,15
10,23,4,5,65
10,23,4,6,80
10,23,5,0,0
10,23,5,1,0
10,23,5,3,55
10,23,5,4,25
10,23,6,0,0
10,23,6,1,0
10,23,6,3,25
10,23,7,2,0
10,23,7,3,0
10,23,7,6,0
11,23,0,0,0
11,23,0,1,31
11,23,0,2,49
11,23,0,3,175
11,23,0,4,71
11,23,1,2,49
11,23,1,6,135
11,23,1,7,160
11,23,2,0,0
11,23,2,2,209
11,23,2,4,89
11,23,2,5,160
11,23,2,7,120
11,23,3,4,104
11,23,3,6,190
11,23,4,1,49
11,23,4,2,0
11,23,4,4,40
11,23,4,7,89
11,23,5,0,15
11,23,5,1,9
11,23,5,2,15
11,23,5,4,25
11,23,5,6,160
11,23,6,1,0
11,23,6,2,0
11,23,6,3,9
11,23,6,4,0
11,23,6,5,40
11,23,6,7,9
11,23,7,2,0
11,23,7,4,9
11,23,7,6,9
11,23,7,7,0
12,23,0,0,49
12,23,0,2,49
12,23,0,4,144
12,23,0,6,200
12,23,0,7,151
12,23,1,1,0
12,23,1,2,95
12,23,1,5,169
12,23,1,7,209
12,23,2,0,0
12,23,2,1,0
12,23,2,2,129
12,23,2,3,111
12,23,2,5,175
12,23,2,6,224
12,23,2,7,104
12,23,3,0,0
12,23,3,1,0
12,23,3,2,31
12,23,3,3,71
12,23,3,5,270
12,23,3,6,270
12,23,3,7,129
12,23,4,1,15
12,23,4,3,49
12,23,4,4,40
12,23,4,5,71
12,23,4,7,129
12,23,5,0,0
12,23,5,2,9
12,23,5,3,9
12,23,5,4,15
12,23,5,5,71
12,23,5,6,104
12,23,5,7,80
12,23,6,0,0
12,23,6,2,0
12,23,6,5,144
12,23,6,6,25
12,23,6,7,9
12,23,7,0,0
12,23,7,1,0
12,23,7,2,0
12,23,7,3,15
12,23,7,4,0
12,23,7,6,15
12,23,7,7,25
13,23,0,0,65
13,23,0,1,25
13,23,0,2,40
13,23,0,5,160
13,23,0,6,264
13,23,1,1,0
13,23,1,3,151
13,23,1,5,224
13,23,1,7,215
13,23,2,0,0
13,23,2,1,0
13,23,2,2,40
13,23,2,4,240
13,23,2,5,240
13,23,2,7,65
13,23,3,2,49
13,23,3,3,89
13,23,3,4,184
13,23,3,5,335
13,23,3,6,528
13,23,4,1,40
13,23,4,3,65
13,23,4,4,40
13,23,4,5,190
13,23,4,6,184
13,23,5,1,9
13,23,5,4,15
13,23,5,7,209
13,23,6,0,0
13,23,6,2,0
13,23,6,3,0
13,23,6,6,89
13,23,6,7,25
13,23,7,0,0
13,23,7,2,0
13,23,7,3,0
13,23,7,4,15
13,23,7,5,25
14,23,0,1,25
14,23,0,2,25
14,23,0,6,439
14,23,1,0,0
14,23,1,3,111
14,23,1,5,175
14,23,1,7,144
14,23,2,3,144
14,23,2,6,574
14,23,2,7,80
14,23,3,1,9
14,23,3,2,151
14,23,3,4,65
14,23,3,6,470
14,23,4,0,0
14,23,4,1,31
14,23,4,6,624
14,23,4,7,169
14,23,5,0,0
14,23,5,1,0
14,23,5,4,31
14,23,5,5,209
14,23,5,7,49
14,23,6,0,0
14,23,6,3,0
14,23,6,7,49
14,23,7,0,0
14,23,7,4,9
14,23,7,6,9
15,23,0,0,0
15,23,0,1,31
15,23,0,2,40
15,23,0,4,111
15,23,0,5,264
15,23,1,5,344
15,23,1,7,209
15,23,2,2,65
15,23,2,4,190
15,23,2,6,1262
15,23,3,1,9
15,23,3,2,15
15,23,3,3,80
15,23,3,5,670
15,23,3,7,65
15,23,4,0,9
15,23,4,1,15
15,23,4,2,0
15,23,4,5,295
15,23,4,6,789
15,23,4,7,144
15,23,5,1,0
15,23,5,2,31
15,23,5,3,15
15,23,5,5,375
15,23,5,7,160
15,23,6,0,0
15,23,6,3,9
15,23,6,4,25
15,23,6,5,65
15,23,6,6,40
15,23,7,2,0
15,23,7,3,0
15,23,7,6,0
16,23,0,0,15
16,23,0,1,15
16,23,0,4,95
16,23,0,6,710
16,23,1,1,0
16,23,1,2,89
16,23,1,3,135
16,23,1,6,878
16,23,2,3,89
16,23,2,4,120
16,23,2,6,1517
16,23,3,1,15
16,23,3,3,89
16,23,3,4,135
16,23,3,5,1143
16,23,3,6,759
16,23,3,7,25
16,23,4,0,0
16,23,4,1,40
16,23,4,3,111
16,23,4,4,55
16,23,4,5,639
16,23,4,6,375
16,23,4,7,104
16,23,5,0,0
16,23,5,1,0
16,23,5,4,31
16,23,5,6,200
16,23,6,0,0
16,23,6,2,9
16,23,6,4,25
16,23,6,6,71
16,23,6,7,15
16,23,7,0,0
16,23,7,5,9
16,23,7,6,9
16,23,7,7,31
17,23,0,1,52
17,23,0,4,210
17,23,0,5,326
17,23,0,6,713
17,23,0,7,293
17,23,1,1,10
17,23,1,2,68
17,23,1,3,158
17,23,1,4,42
17,23,1,5,445
17,23,1,6,613
17,23,1,7,116
17,23,2,0,0
17,23,2,2,52
17,23,2,5,393
17,23,2,6,964
17,23,2,7,135
17,23,3,0,16
17,23,3,1,52
17,23,3,3,184
17,23,3,4,100
17,23,4,0,0
17,23,4,1,26
17,23,4,2,10
17,23,4,3,200
17,23,4,4,68
17,23,4,5,519
17,23,5,1,0
17,23,5,2,0
17,23,5,4,32
17,23,5,5,184
17,23,5,7,110
17,23,6,0,0
17,23,6,1,10
17,23,6,2,16
17,23,6,3,0
17,23,6,4,32
17,23,6,5,16
17,23,6,6,94
17,23,6,7,16
17,23,7,0,0
17,23,7,1,0
17,23,7,2,42
17,23,7,3,0
17,23,7,4,0
17,23,7,6,26
17,23,7,7,0
18,23,0,3,94
18,23,0,4,58
18,23,0,6,561
18,23,1,1,0
18,23,1,3,100
18,23,1,4,74
18,23,1,5,158
18,23,1,6,277
18,23,2,0,0
18,23,2,1,0
18,23,2,2,52
18,23,2,4,126
18,23,2,5,158
18,23,3,0,16
18,23,3,2,32
18,23,3,4,74
18,23,3,5,410
18,23,4,2,16
18,23,4,4,84
18,23,4,5,200
18,23,4,6,168
18,23,4,7,84
18,23,5,1,0
18,23,5,2,0
18,23,5,6,52
18,23,6,0,0
18,23,6,1,0
18,23,6,4,10
18,23,6,7,26
18,23,7,0,0
18,23,7,3,0
18,23,7,4,0
18,23,7,6,10
18,23,7,7,16
19,23,0,0,0
19,23,0,1,0
19,23,0,2,84
19,23,0,3,94
19,23,0,5,177
19,23,1,0,0
19,23,1,2,26
19,23,1,3,84
19,23,1,4,74
19,23,1,6,319
19,23,1,7,94
19,23,2,0,0
19,23,2,1,0
19,23,2,2,58
19,23,2,4,84
19,23,2,5,235
19,23,3,2,42
19,23,3,3,100
19,23,3,6,335
19,23,3,7,110
19,23,4,0,0
19,23,4,1,0
19,23,4,4,84
19,23,4,5,142
19,23,4,7,58
19,23,5,0,0
19,23,5,2,10
19,23,5,3,10
19,23,5,5,52
19,23,5,7,52
19,23,6,0,0
19,23,6,3,0
19,23,6,6,42
19,23,6,7,16
19,23,7,0,0
19,23,7,1,0
19,23,7,3,0
19,23,7,4,0
19,23,7,7,10
20,23,0,1,16
20,23,0,2,26
20,23,0,3,58
20,23,0,7,158
20,23,1,0,0
20,23,1,1,16
20,23,1,2,10
20,23,1,3,116
20,23,1,5,152
20,23,1,6,135
20,23,2,0,0
20,23,2,1,0
20,23,2,5,158
20,23,2,6,184
20,23,3,0,0
20,23,3,1,10
20,23,3,4,110
20,23,3,6,158
20,23,3,7,74
20,23,4,1,16
20,23,4,2,26
20,23,4,3,74
20,23,4,4,142
20,23,4,5,74
20,23,4,6,84
20,23,5,0,0
20,23,5,1,26
20,23,5,2,10
20,23,5,3,0
20,23,5,4,10
20,23,5,5,74
20,23,5,6,32
20,23,6,1,0
20,23,6,3,16
20,23,6,4,32
20,23,6,6,52
20,23,7,1,0
20,23,7,2,0
20,23,7,3,0
20,23,7,4,10
20,23,7,5,16
20,23,7,6,0
21,23,0,0,0
21,23,0,1,0
21,23,0,2,32
21,23,0,3,94
21,23,0,5,58
21,23,0,6,110
21,23,0,7,52
21,23,1,0,0
21,23,1,2,42
21,23,1,3,94
21,23,1,6,42
21,23,2,2,32
21,23,2,3,84
21,23,2,4,16
21,23,2,6,142
21,23,2,7,58
21,23,3,1,10
21,23,3,3,42
21,23,3,4,42
21,23,3,5,194
21,23,3,6,100
21,23,4,1,0
21,23,4,2,0
21,23,4,4,52
21,23,4,5,68
21,23,4,6,52
21,23,4,7,42
21,23,5,2,10
21,23,5,3,10
21,23,5,5,26
21,23,6,0,0
21,23,6,2,0
21,23,6,6,0
21,23,7,2,0
21,23,7,3,52
21,23,7,6,0
21,23,7,7,10
22,23,0,0,10
22,23,0,1,0
22,23,0,2,26
22,23,0,4,10
22,23,0,6,10
22,23,1,1,0
22,23,1,2,32
22,23,1,3,74
22,23,1,4,16
22,23,1,5,58
22,23,2,0,0
22,23,2,2,26
22,23,2,5,94
22,23,2,6,94
22,23,2,7,74
22,23,3,0,0
22,23,3,1,0
22,23,3,2,16
22,23,3,4,74
22,23,3,5,126
22,23,3,6,110
22,23,3,7,42
22,23,4,0,0
22,23,4,4,42
22,23,5,0,0
22,23,5,1,10
22,23,5,3,10
22,23,5,4,0
22,23,5,6,0
22,23,6,0,0
22,23,6,1,16
22,23,6,3,0
22,23,6,5,0
22,23,6,7,16
22,23,7,0,0
22,23,7,1,0
22,23,7,3,0
22,23,7,4,10
22,23,7,5,26
22,23,7,6,0
23,23,0,0,0
23,23,0,1,16
23,23,0,3,42
23,23,0,4,0
23,23,0,6,16
23,23,0,7,10
23,23,1,0,0
23,23,1,1,0
23,23,1,2,0
23,23,1,4,0
23,23,1,5,42
23,23,1,6,0
23,23,1,7,16
23,23,2,3,26
23,23,2,5,26
23,23,2,7,58
23,23,3,1,0
23,23,3,2,10
23,23,3,3,16
23,23,3,4,42
23,23,3,5,32
23,23,3,7,16
23,23,4,2,16
23,23,4,3,135
23,23,4,5,58
23,23,4,6,52
23,23,4,7,16
23,23,5,1,0
23,23,5,2,0
23,23,5,3,0
23,23,5,5,10
23,23,5,6,0
23,23,5,7,16
23,23,6,0,0
23,23,6,2,0
23,23,6,3,0
23,23,6,6,10
23,23,6,7,0
23,23,7,1,0
23,23,7,3,0
23,23,7,5,0
23,23,7,7,10
0,24,0,3,10
0,24,0,5,16
0,24,0,6,0
0,24,1,0,0
0,24,1,1,0
0,24,1,3,10
0,24,1,6,0
0,24,2,0,0
0,24,2,3,16
0,24,2,6,26
0,24,3,0,0
0,24,3,4,10
0,24,3,7,16
0,24,4,1,0
0,24,4,2,116
0,24,4,3,142
0,24,4,5,16
0,24,4,6,16
0,24,5,0,0
0,24,5,2,0
0,24,5,4,32
0,24,5,5,26
0,24,5,7,10
0,24,6,1,0
0,24,6,3,0
0,24,6,4,0
0,24,7,1,0
0,24,7,2,0
0,24,7,4,0
0,24,7,5,0
0,24,7,7,0
1,24,0,0,0
1,24,0,1,0
1,24,0,2,16
1,24,0,3,10
1,24,0,5,0
1,24,0,6,10
1,24,0,7,0
1,24,1,1,0
1,24,1,2,0
1,24,1,3,10
1,24,1,5,0
1,24,1,6,10
1,24,1,7,0
1,24,2,2,0
1,24,2,3,0
1,24,2,4,0
1,24,2,5,0
1,24,2,6,0
1,24,3,2,0
1,24,3,3,10
1,24,3,4,10
1,24,3,5,0
1,24,3,6,16
1,24,3,7,0
1,24,4,0,0
1,24,4,1,0
1,24,4,3,42
1,24,4,6,0
1,24,4,7,52
1,24,5,2,0
1,24,5,3,0
1,24,5,4,0
1,24,5,5,10
1,24,5,6,10
1,24,5,7,0
1,24,6,0,0
1,24,6,1,0
1,24,6,3,16
1,24,6,6,0
1,24,6,7,0
1,24,7,1,0
1,24,7,2,0
1,24,7,5,0
1,24,7,6,0
2,24,0,3,0
2,24,0,4,0
2,24,1,2,0
2,24,1,3,0
2,24,1,4,0
2,24,1,7,0
2,24,2,2,0
2,24,2,3,10
2,24,2,5,10
2,24,2,6,0
2,24,3,0,0
2,24,3,2,0
2,24,3,4,10
2,24,3,5,16
2,24,3,6,10
2,24,3,7,0
2,24,4,0,0
2,24,4,2,0
2,24,4,3,0
2,24,4,4,10
2,24,4,7,0
2,24,5,1,0
2,24,5,3,0
2,24,5,4,10
2,24,5,6,0
2,24,6,4,0
2,24,6,5,0
2,24,6,6,0
2,24,6,7,0
2,24,7,0,0
2,24,7,1,0
2,24,7,3,0
2,24,7,4,0
2,24,7,5,0
2,24,7,7,0
3,24,0,0,0
3,24,0,2,0
3,24,0,3,0
3,24,0,4,0
3,24,0,5,0
3,24,0,7,10
3,24,1,1,0
3,24,1,2,0
3,24,1,3,0
3,24,1,5,0
3,24,1,6,0
3,24,1,7,0
3,24,2,2,0
3,24,2,3,10
3,24,2,6,10
3,24,2,7,0
3,24,3,0,0
3,24,3,1,0
3,24,3,2,0
3,24,3,3,0
3,24,3,4,0
3,24,3,6,0
3,24,4,0,0
3,24,4,1,0
3,24,4,2,0
3,24,4,3,0
3,24,4,4,0
3,24,5,0,0
3,24,5,4,0
3,24,5,6,0
3,24,5,7,16
3,24,6,1,26
3,24,6,2,0
3,24,6,3,16
3,24,6,5,10
3,24,7,1,0
3,24,7,3,0
3,24,7,5,0
3,24,7,7,0
4,24,0,1,0
4,24,0,3,0
4,24,0,6,0
4,24,1,0,0
4,24,1,2,10
4,24,1,6,42
4,24,2,1,0
4,24,2,2,0
4,24,2,3,0
4,24,2,5,10
4,24,2,6,0
4,24,3,0,0
4,24,3,2,0
4,24,3,5,26
4,24,3,6,52
4,24,3,7,16
4,24,4,0,0
4,24,4,2,0
4,24,4,4,16
4,24,4,5,10
4,24,4,6,0
4,24,4,7,0
4,24,5,2,0
4,24,5,3,0
4,24,5,7,0
4,24,6,2,0
4,24,6,4,0
4,24,6,5,0
4,24,6,6,0
4,24,6,7,0
4,24,7,3,0
4,24,7,4,0
4,24,7,5,0
4,24,7,6,10
5,24,0,1,0
5,24,0,3,74
5,24,0,4,10
5,24,0,5,0
5,24,1,0,0
5,24,1,3,100
5,24,1,5,32
5,24,1,7,68
5,24,2,1,0
5,24,2,2,58
5,24,2,3,16
5,24,2,4,52
5,24,2,5,52
5,24,3,1,0
5,24,3,3,42
5,24,3,4,26
5,24,3,5,32
5,24,3,6,32
5,24,3,7,10
5,24,4,0,0
5,24,4,1,26
5,24,4,2,0
5,24,4,5,16
5,24,4,7,16
5,24,5,1,0
5,24,5,3,16
5,24,5,4,0
5,24,5,5,16
5,24,5,6,58
5,24,5,7,26
5,24,6,0,0
5,24,6,1,0
5,24,6,2,0
5,24,6,4,0
5,24,6,5,0
5,24,6,7,16
5,24,7,0,0
5,24,7,2,0
5,24,7,3,0
5,24,7,5,0
5,24,7,7,16
6,24,0,3,58
6,24,0,7,152
6,24,1,3,310
6,24,1,4,68
6,24,1,5,68
6,24,1,7,194
6,24,2,0,0
6,24,2,1,0
6,24,2,2,126
6,24,2,3,74
6,24,2,7,126
6,24,3,0,0
6,24,3,3,100
6,24,3,4,74
6,24,3,6,32
6,24,3,7,16
6,24,4,0,10
6,24,4,2,0
6,24,4,4,142
6,24,4,5,84
6,24,4,7,26
6,24,5,0,0
6,24,5,1,16
6,24,5,2,0
6,24,5,4,16
6,24,5,7,58
6,24,6,2,0
6,24,6,5,16
6,24,6,6,10
6,24,7,0,0
6,24,7,1,0
6,24,7,3,0
6,24,7,7,26
7,24,0,0,26
7,24,0,1,0
7,24,0,2,58
7,24,0,3,94
7,24,0,4,58
7,24,0,6,32
7,24,0,7,126
7,24,1,3,126
7,24,1,4,94
7,24,1,5,219
7,24,2,2,26
7,24,2,7,100
7,24,3,1,0
7,24,3,2,16
7,24,3,4,116
7,24,3,5,84
7,24,3,6,177
7,24,4,0,0
7,24,4,1,0
7,24,4,2,0
7,24,4,3,32
7,24,4,4,152
7,24,4,5,100
7,24,5,2,0
7,24,5,3,52
7,24,5,5,26
7,24,5,6,52
7,24,6,0,0
7,24,6,1,0
7,24,6,2,0
7,24,6,5,32
7,24,6,6,16
7,24,7,0,0
7,24,7,1,0
7,24,7,2,0
7,24,7,3,0
7,24,7,4,0
7,24,7,7,10
8,24,0,1,26
8,24,0,3,184
8,24,0,6,226
8,24,1,0,10
8,24,1,1,16
8,24,1,4,116
8,24,1,5,184
8,24,2,0,0
8,24,2,2,110
8,24,2,3,84
8,24,2,7,74
8,24,3,0,0
8,24,3,1,16
8,24,3,2,52
8,24,3,5,100
8,24,3,6,200
8,24,4,2,0
8,24,4,4,135
8,24,4,5,100
8,24,4,6,168
8,24,5,0,0
8,24,5,1,0
8,24,5,3,16
8,24,5,6,32
8,24,5,7,158
8,24,6,2,0
8,24,6,4,10
8,24,6,7,0
8,24,7,0,0
8,24,7,2,0
8,24,7,3,0
8,24,7,4,0
8,24,7,6,0
8,24,7,7,16
9,24,0,0,10
9,24,0,2,110
9,24,0,4,100
9,24,0,5,142
9,24,0,6,210
9,24,0,7,84
9,24,1,0,0
9,24,1,1,0
9,24,1,5,184
9,24,2,0,0
9,24,2,1,0
9,24,2,2,52
9,24,2,4,142
9,24,2,7,252
9,24,3,0,0
9,24,3,2,32
9,24,3,3,52
9,24,3,4,58
9,24,4,0,0
9,24,4,2,0
9,24,4,3,16
9,24,4,5,100
9,24,4,6,84
9,24,5,0,32
9,24,5,2,0
9,24,5,3,10
9,24,5,5,32
9,24,6,0,0
9,24,6,3,10
9,24,6,4,32
9,24,6,5,32
9,24,6,7,110
9,24,7,0,0
9,24,7,1,0
9,24,7,2,0
9,24,7,4,52
9,24,7,5,10
9,24,7,7,26
10,24,0,0,10
10,24,0,3,84
10,24,0,5,94
10,24,0,7,135
10,24,1,1,16
10,24,1,3,74
10,24,1,4,68
10,24,1,7,135
10,24,2,0,26
10,24,2,1,10
10,24,2,2,184
10,24,2,3,135
10,24,2,4,110
10,24,2,6,268
10,24,3,0,10
10,24,3,1,10
10,24,3,2,42
10,24,3,3,84
10,24,3,4,168
10,24,3,6,158
10,24,3,7,126
10,24,4,0,0
10,24,4,1,26
10,24,4,3,94
10,24,4,5,135
10,24,4,6,126
10,24,4,7,32
10,24,5,4,10
10,24,5,5,94
10,24,5,6,32
10,24,5,7,58
10,24,6,0,0
10,24,6,1,0
10,24,6,2,0
10,24,7,1,0
10,24,7,3,0
10,24,7,5,16
10,24,7,7,0
11,24,0,0,26
11,24,0,2,42
11,24,0,3,158
11,24,0,6,219
11,24,0,7,261
11,24,1,1,58
11,24,1,2,58
11,24,1,3,293
11,24,1,4,126
11,24,2,1,26
11,24,2,2,74
11,24,2,4,126
11,24,2,6,177
11,24,2,7,58
11,24,3,0,0
11,24,3,1,0
11,24,3,3,68
11,24,3,4,277
11,24,3,6,293
11,24,4,0,0
11,24,4,2,0
11,24,4,3,68
11,24,4,4,68
11,24,4,6,184
11,24,4,7,26
11,24,5,1,84
11,24,5,2,10
11,24,5,3,32
11,24,5,7,110
11,24,6,0,0
11,24,6,4,10
11,24,6,5,32
11,24,6,6,16
11,24,7,1,0
11,24,7,4,26
11,24,7,5,0
11,24,7,6,10
11,24,7,7,0
12,24,0,0,0
12,24,0,5,177
12,24,0,6,194
12,24,1,2,94
12,24,1,3,268
12,24,1,4,52
12,24,1,5,177
12,24,1,7,110
12,24,2,1,0
12,24,2,2,52
12,24,2,3,152
12,24,2,5,252
12,24,2,6,368
12,24,2,7,110
12,24,3,0,16
12,24,3,1,10
12,24,3,3,94
12,24,3,4,194
12,24,3,6,242
12,24,3,7,68
12,24,4,2,0
12,24,4,3,168
12,24,4,5,242
12,24,4,7,94
12,24,5,0,0
12,24,5,1,0
12,24,5,3,135
12,24,5,5,261
12,24,5,6,135
12,24,6,0,0
12,24,6,2,0
12,24,6,3,32
12,24,6,5,32
12,24,6,6,10
12,24,7,0,0
12,24,7,1,0
12,24,7,2,0
12,24,7,4,10
12,24,7,6,0
13,24,0,1,32
13,24,0,3,219
13,24,0,4,100
13,24,0,7,226
13,24,1,0,0
13,24,1,2,142
13,24,1,3,168
13,24,1,4,52
13,24,1,5,158
13,24,1,6,252
13,24,1,7,345
13,24,2,0,0
13,24,2,3,94
13,24,2,4,184
13,24,2,5,242
13,24,2,6,410
13,24,2,7,177
13,24,3,0,0
13,24,3,3,177
13,24,3,6,377
13,24,3,7,100
13,24,4,0,0
13,24,4,1,10
13,24,4,4,116
13,24,4,5,142
13,24,4,7,52
13,24,5,1,10
13,24,5,2,58
13,24,5,3,26
13,24,5,4,10
13,24,5,6,152
13,24,5,7,168
13,24,6,1,0
13,24,6,3,10
13,24,6,4,16
13,24,6,7,42
13,24,7,0,0
13,24,7,3,16
13,24,7,5,16
13,24,7,7,10
14,24,0,0,0
14,24,0,2,94
14,24,0,6,587
14,24,0,7,219
14,24,1,0,0
14,24,1,2,116
14,24,1,3,184
14,24,1,4,58
14,24,1,6,435
14,24,1,7,184
14,24,2,2,26
14,24,2,3,194
14,24,2,4,126
14,24,2,5,200
14,24,2,6,561
14,24,3,2,10
14,24,3,4,184
14,24,3,7,74
14,24,4,0,0
14,24,4,1,16
14,24,4,2,0
14,24,4,3,100
14,24,4,6,619
14,24,5,1,74
14,24,5,3,52
14,24,5,4,16
14,24,5,6,419
14,24,5,7,58
14,24,6,0,0
14,24,6,2,10
14,24,6,3,26
14,24,7,1,0
14,24,7,4,32
14,24,7,5,10
15,24,0,0,16
15,24,0,1,0
15,24,0,7,352
15,24,1,2,126
15,24,1,3,177
15,24,1,4,100
15,24,1,7,184
15,24,2,1,10
15,24,2,2,94
15,24,2,3,252
15,24,2,4,303
15,24,3,0,0
15,24,3,2,32
15,24,3,3,100
15,24,3,7,116
15,24,4,0,0
15,24,4,1,26
15,24,4,2,0
15,24,4,4,68
15,24,4,5,487
15,24,4,7,110
15,24,5,0,0
15,24,5,4,10
15,24,5,7,32
15,24,6,1,0
15,24,6,3,10
15,24,6,4,10
15,24,6,5,26
15,24,7,0,0
15,24,7,1,0
15,24,7,4,0
15,24,7,6,0
16,24,0,2,94
16,24,0,4,158
16,24,1,0,0
16,24,1,1,0
16,24,1,3,393
16,24,1,4,152
16,24,1,6,864
16,24,1,7,368
16,24,2,0,10
16,24,2,3,303
16,24,2,4,242
16,24,2,5,703
16,24,2,7,142
16,24,3,0,0
16,24,3,1,16
16,24,3,3,152
16,24,3,5,1216
16,24,4,0,0
16,24,4,1,10
16,24,4,2,0
16,24,4,3,100
16,24,4,5,697
16,24,4,7,235
16,24,5,1,0
16,24,5,2,58
16,24,5,4,52
16,24,5,6,419
16,24,5,7,152
16,24,6,0,0
16,24,6,3,0
16,24,6,6,42
16,24,7,7,0
17,24,0,0,17
17,24,0,2,71
17,24,0,4,318
17,24,0,5,450
17,24,0,6,616
17,24,0,7,298
17,24,1,0,0
17,24,1,2,115
17,24,1,4,88
17,24,1,5,650
17,24,1,7,176
17,24,2,0,0
17,24,2,2,44
17,24,2,3,115
17,24,2,4,230
17,24,2,5,677
17,24,3,0,10
17,24,3,1,44
17,24,3,3,105
17,24,3,4,159
17,24,4,1,34
17,24,4,2,0
17,24,4,6,650
17,24,5,0,0
17,24,5,2,0
17,24,5,3,17
17,24,5,5,308
17,24,5,7,166
17,24,6,0,0
17,24,6,2,0
17,24,6,3,27
17,24,6,4,54
17,24,6,5,27
17,24,7,0,0
17,24,7,2,0
17,24,7,3,0
17,24,7,6,0
17,24,7,7,10
18,24,0,0,61
18,24,0,3,122
18,24,0,4,61
18,24,0,6,254
18,24,0,7,362
18,24,1,3,142
18,24,1,5,247
18,24,1,7,115
18,24,2,0,27
18,24,2,3,166
18,24,2,5,450
18,24,3,0,0
18,24,3,4,142
18,24,3,6,914
18,24,4,2,0
18,24,4,3,132
18,24,5,2,54
18,24,5,3,0
18,24,5,4,17
18,24,5,5,54
18,24,5,6,176
18,24,6,0,0
18,24,6,2,0
18,24,6,6,10
18,24,7,0,0
18,24,7,1,0
18,24,7,2,0
18,24,7,3,0
18,24,7,4,0
18,24,7,7,0
19,24,0,3,149
19,24,0,4,115
19,24,0,5,149
19,24,0,6,237
19,24,1,1,17
19,24,1,2,54
19,24,1,6,186
19,24,1,7,105
19,24,2,3,166
19,24,2,6,369
19,24,3,1,34
19,24,3,2,44
19,24,3,4,132
19,24,3,5,440
19,24,4,0,0
19,24,4,1,34
19,24,4,2,0
19,24,4,3,88
19,24,4,6,254
19,24,5,0,0
19,24,5,1,0
19,24,5,2,0
19,24,5,3,0
19,24,5,4,44
19,24,5,5,115
19,24,5,7,54
19,24,6,2,0
19,24,6,3,10
19,24,6,5,27
19,24,6,6,98
19,24,7,4,78
20,24,0,0,0
20,24,0,1,10
20,24,0,2,71
20,24,0,3,78
20,24,0,4,61
20,24,0,5,132
20,24,0,6,176
20,24,1,2,44
20,24,1,4,71
20,24,1,5,98
20,24,1,6,54
20,24,2,0,0
20,24,2,2,54
20,24,2,3,115
20,24,2,4,142
20,24,2,5,210
20,24,2,6,264
20,24,2,7,88
20,24,3,0,0
20,24,3,2,10
20,24,3,3,61
20,24,3,4,54
20,24,4,0,0
20,24,4,1,10
20,24,4,3,71
20,24,4,4,115
20,24,4,5,149
20,24,4,6,78
20,24,5,1,0
20,24,5,2,0
20,24,5,3,10
20,24,5,4,0
20,24,5,6,54
20,24,5,7,27
20,24,6,1,0
20,24,6,3,10
20,24,6,5,34
20,24,6,7,17
20,24,7,1,0
20,24,7,2,0
20,24,7,3,0
20,24,7,5,27
20,24,7,6,10
20,24,7,7,10
21,24,0,1,0
21,24,0,2,61
21,24,0,3,115
21,24,0,5,27
21,24,0,7,98
21,24,1,0,10
21,24,1,1,0
21,24,1,3,105
21,24,1,4,17
21,24,1,6,54
21,24,2,2,105
21,24,2,5,105
21,24,2,6,264
21,24,3,0,0
21,24,3,1,27
21,24,3,2,17
21,24,3,3,27
21,24,3,7,34
21,24,4,0,0
21,24,4,2,0
21,24,4,3,203
21,24,4,4,122
21,24,4,5,71
21,24,4,7,186
21,24,5,1,0
21,24,5,2,10
21,24,5,4,78
21,24,5,5,54
21,24,5,6,27
21,24,5,7,54
21,24,6,0,0
21,24,6,1,0
21,24,6,2,0
21,24,6,4,17
21,24,6,6,0
21,24,6,7,34
21,24,7,1,0
21,24,7,4,0
21,24,7,5,17
21,24,7,6,10
21,24,7,7,17
22,24,0,4,27
22,24,0,7,34
22,24,1,1,10
22,24,1,2,44
22,24,1,6,71
22,24,1,7,17
22,24,2,0,0
22,24,2,2,27
22,24,2,5,115
22,24,2,7,98
22,24,3,0,0
22,24,3,3,34
22,24,3,4,17
22,24,3,5,105
22,24,3,6,98
22,24,3,7,54
22,24,4,0,0
22,24,4,1,10
22,24,4,4,115
22,24,4,6,54
22,24,4,7,54
22,24,5,0,0
22,24,5,3,10
22,24,5,4,27
22,24,5,6,17
22,24,5,7,34
22,24,6,1,0
22,24,6,2,0
22,24,6,3,0
22,24,6,4,0
22,24,6,5,10
22,24,6,6,10
22,24,6,7,0
22,24,7,0,0
22,24,7,1,0
22,24,7,3,0
22,24,7,4,10
22,24,7,5,27
22,24,7,7,0
23,24,0,0,0
23,24,0,2,17
23,24,0,3,0
23,24,0,4,10
23,24,0,5,10
23,24,0,7,71
23,24,1,0,0
23,24,1,3,34
23,24,1,4,10
23,24,1,5,88
23,24,2,0,0
23,24,2,1,0
23,24,2,2,17
23,24,2,5,34
23,24,2,6,78
23,24,2,7,17
23,24,3,0,0
23,24,3,1,0
23,24,3,3,61
23,24,3,4,34
23,24,3,5,71
23,24,3,7,44
23,24,4,0,0
23,24,4,3,281
23,24,4,6,10
23,24,4,7,17
23,24,5,1,0
23,24,5,4,17
23,24,5,5,27
23,24,6,2,0
23,24,6,5,17
23,24,7,1,0
23,24,7,2,0
23,24,7,7,0
0,25,0,0,17
0,25,0,2,17
0,25,0,4,0
0,25,1,1,0
0,25,1,2,17
0,25,1,5,10
0,25,1,7,27
0,25,2,0,0
0,25,2,1,0
0,25,2,2,0
0,25,2,3,10
0,25,2,4,0
0,25,2,5,44
0,25,2,7,0
0,25,3,0,0
0,25,3,1,0
0,25,3,2,0
0,25,3,6,34
0,25,3,7,10
0,25,4,0,0
0,25,4,1,0
0,25,4,2,0
0,25,4,7,27
0,25,5,0,0
0,25,5,1,0
0,25,5,3,0
0,25,5,4,17
0,25,6,0,0
0,25,6,3,10
0,25,6,4,0
0,25,6,5,17
0,25,6,7,17
0,25,7,5,0
0,25,7,6,54
0,25,7,7,0
1,25,0,0,0
1,25,0,1,0
1,25,0,2,17
1,25,0,5,0
1,25,0,6,0
1,25,0,7,0
1,25,1,2,10
1,25,1,3,10
1,25,1,5,0
1,25,1,7,17
1,25,2,0,0
1,25,2,3,17
1,25,3,0,0
1,25,3,1,0
1,25,3,4,0
1,25,3,5,0
1,25,3,6,17
1,25,3,7,0
1,25,4,0,0
1,25,4,2,0
1,25,4,4,44
1,25,4,5,17
1,25,4,6,17
1,25,4,7,0
1,25,5,0,0
1,25,5,1,0
1,25,5,2,0
1,25,5,3,0
1,25,5,4,10
1,25,5,7,0
1,25,6,0,0
1,25,6,1,0
1,25,6,4,10
1,25,6,5,0
1,25,6,6,0
1,25,6,7,0
1,25,7,0,0
1,25,7,1,0
1,25,7,3,17
1,25,7,4,0
1,25,7,5,0
1,25,7,6,0
1,25,7,7,10
2,25,0,1,0
2,25,0,2,0
2,25,0,3,34
2,25,0,4,0
2,25,0,7,17
2,25,1,0,0
2,25,1,2,17
2,25,1,3,10
2,25,1,5,0
2,25,1,6,0
2,25,2,0,0
2,25,2,1,0
2,25,2,2,0
2,25,2,4,34
2,25,2,5,0
2,25,2,7,0
2,25,3,1,17
2,25,3,3,0
2,25,3,5,10
2,25,3,6,10
2,25,3,7,0
2,25,4,1,0
2,25,4,4,0
2,25,4,5,27
2,25,4,6,0
2,25,4,7,17
2,25,5,0,0
2,25,5,3,0
2,25,5,4,17
2,25,6,1,0
2,25,6,2,27
2,25,6,3,0
2,25,6,4,0
2,25,6,5,17
2,25,6,6,0
2,25,6,7,0
2,25,7,1,0
2,25,7,3,0
2,25,7,4,0
2,25,7,5,0
2,25,7,6,0
3,25,0,4,10
3,25,1,0,0
3,25,1,2,44
3,25,1,3,10
3,25,1,6,10
3,25,2,1,0
3,25,2,2,0
3,25,2,3,27
3,25,2,4,10
3,25,2,5,17
3,25,2,6,0
3,25,3,0,0
3,25,3,1,0
3,25,3,2,0
3,25,3,4,0
3,25,3,5,0
3,25,3,6,10
3,25,3,7,10
3,25,4,0,0
3,25,4,1,0
3,25,4,2,0
3,25,4,3,0
3,25,4,4,10
3,25,5,1,0
3,25,5,2,0
3,25,5,3,0
3,25,5,4,0
3,25,5,5,17
3,25,5,6,0
3,25,6,0,0
3,25,6,2,0
3,25,6,3,0
3,25,6,4,0
3,25,6,6,0
3,25,7,0,0
3,25,7,2,0
3,25,7,3,0
3,25,7,5,0
3,25,7,6,0
3,25,7,7,0
4,25,0,4,10
4,25,0,5,0
4,25,0,7,17
4,25,1,2,0
4,25,1,3,0
4,25,1,5,10
4,25,2,0,0
4,25,2,1,0
4,25,2,2,10
4,25,2,4,10
4,25,2,5,27
4,25,3,1,0
4,25,3,5,10
4,25,3,6,0
4,25,4,2,0
4,25,4,3,10
4,25,4,4,10
4,25,4,5,0
4,25,4,6,0
4,25,5,1,0
4,25,5,3,0
4,25,5,6,17
4,25,5,7,17
4,25,6,0,0
4,25,6,1,0
4,25,6,3,0
4,25,6,6,0
4,25,7,0,0
4,25,7,1,0
4,25,7,3,0
4,25,7,5,0
4,25,7,6,10
4,25,7,7,0
5,25,0,2,27
5,25,0,3,54
5,25,0,4,34
5,25,0,5,34
5,25,0,6,17
5,25,1,5,17
5,25,1,6,0
5,25,1,7,27
5,25,2,0,0
5,25,2,1,0
5,25,2,2,0
5,25,2,3,44
5,25,2,4,17
5,25,2,5,54
5,25,2,7,27
5,25,3,1,0
5,25,3,4,54
5,25,3,5,71
5,25,4,1,0
5,25,4,4,34
5,25,4,5,17
5,25,4,6,27
5,25,5,0,0
5,25,5,1,0
5,25,5,2,0
5,25,5,3,10
5,25,5,4,10
5,25,5,7,61
5,25,6,0,0
5,25,6,1,0
5,25,6,3,10
5,25,6,6,0
5,25,6,7,0
5,25,7,1,0
5,25,7,2,0
5,25,7,3,0
5,25,7,4,0
5,25,7,5,0
5,25,7,7,10
6,25,0,4,254
6,25,0,6,71
6,25,0,7,54
6,25,1,1,0
6,25,1,4,44
6,25,1,5,166
6,25,1,6,17
6,25,1,7,78
6,25,2,1,0
6,25,2,2,159
6,25,2,3,44
6,25,2,4,122
6,25,2,5,61
6,25,2,7,71
6,25,4,0,0
6,25,4,2,0
6,25,4,5,78
6,25,4,6,132
6,25,5,2,0
6,25,5,4,54
6,25,5,5,149
6,25,5,6,34
6,25,6,2,0
6,25,6,4,0
6,25,6,7,10
6,25,7,0,0
6,25,7,1,0
6,25,7,2,0
6,25,7,3,0
6,25,7,4,10
6,25,7,6,34
6,25,7,7,0
7,25,0,1,10
7,25,0,2,54
7,25,0,3,176
7,25,0,5,98
7,25,0,6,54
7,25,0,7,88
7,25,1,0,0
7,25,1,1,0
7,25,1,6,71
7,25,2,2,159
7,25,2,3,115
7,25,2,6,193
7,25,2,7,247
7,25,3,1,10
7,25,3,4,660
7,25,3,7,166
7,25,4,0,0
7,25,4,1,10
7,25,4,2,0
7,25,4,3,34
7,25,4,4,122
7,25,4,5,122
7,25,4,6,88
7,25,5,0,0
7,25,5,1,0
7,25,5,3,0
7,25,5,5,254
7,25,5,6,10
7,25,6,0,0
7,25,6,1,0
7,25,6,2,0
7,25,6,3,27
7,25,6,5,44
7,25,6,7,10
7,25,7,0,0
7,25,7,1,0
7,25,7,3,0
7,25,7,4,17
7,25,7,7,10
8,25,0,1,27
8,25,0,2,61
8,25,0,3,149
8,25,0,5,166
8,25,0,6,105
8,25,1,1,0
8,25,1,2,98
8,25,1,3,186
8,25,1,4,88
8,25,1,7,230
8,25,2,0,10
8,25,2,2,78
8,25,2,4,98
8,25,2,5,166
8,25,2,6,274
8,25,2,7,88
8,25,3,2,34
8,25,3,4,298
8,25,3,5,122
8,25,3,6,159
8,25,3,7,115
8,25,4,5,88
8,25,4,6,115
8,25,5,1,0
8,25,5,2,0
8,25,5,3,17
8,25,5,4,17
8,25,5,5,54
8,25,6,1,0
8,25,6,2,0
8,25,6,3,0
8,25,6,4,0
8,25,6,7,27
8,25,7,0,0
8,25,7,7,0
9,25,0,2,88
9,25,0,3,210
9,25,0,5,98
9,25,0,6,88
9,25,0,7,247
9,25,1,0,27
9,25,1,1,34
9,25,1,2,98
9,25,1,3,203
9,25,1,4,105
9,25,1,5,193
9,25,1,6,166
9,25,2,0,142
9,25,2,3,203
9,25,2,5,210
9,25,3,1,0
9,25,3,2,27
9,25,3,4,186
9,25,3,6,247
9,25,3,7,230
9,25,4,5,132
9,25,4,6,88
9,25,5,0,0
9,25,5,1,17
9,25,5,2,0
9,25,5,3,0
9,25,5,4,54
9,25,5,5,71
9,25,5,6,71
9,25,5,7,88
9,25,6,0,0
9,25,6,1,0
9,25,6,3,17
9,25,6,4,0
9,25,6,5,44
9,25,6,7,54
9,25,7,0,0
9,25,7,2,0
9,25,7,3,10
9,25,7,6,44
10,25,0,3,159
10,25,0,4,78
10,25,1,1,0
10,25,1,2,88
10,25,1,3,186
10,25,1,4,78
10,25,1,6,132
10,25,2,0,0
10,25,2,2,105
10,25,2,5,122
10,25,2,6,210
10,25,3,0,0
10,25,3,3,193
10,25,3,7,88
10,25,4,0,17
10,25,4,1,34
10,25,4,2,0
10,25,4,5,105
10,25,4,7,122
10,25,5,1,34
10,25,5,2,0
10,25,5,3,17
10,25,5,4,17
10,25,5,5,159
10,25,6,1,0
10,25,6,2,17
10,25,6,3,0
10,25,6,4,44
10,25,6,6,10
10,25,7,1,0
10,25,7,2,0
10,25,7,5,17
10,25,7,6,17
10,25,7,7,17
11,25,0,0,34
11,25,0,2,115
11,25,0,4,71
11,25,0,5,149
11,25,0,6,237
11,25,0,7,210
11,25,1,0,0
11,25,1,1,0
11,25,1,3,220
11,25,1,5,142
11,25,1,6,186
11,25,1,7,186
11,25,2,0,0
11,25,2,1,0
11,25,2,2,44
11,25,2,3,159
11,25,2,4,105
11,25,2,7,193
11,25,3,1,27
11,25,3,4,98
11,25,3,5,298
11,25,3,6,298
11,25,3,7,159
11,25,4,1,27
11,25,4,2,0
11,25,4,4,71
11,25,4,6,230
11,25,4,7,291
11,25,5,0,0
11,25,5,1,0
11,25,5,7,105
11,25,6,1,0
11,25,6,4,54
11,25,6,5,88
11,25,7,2,0
11,25,7,3,0
11,25,7,4,0
11,25,7,7,0
12,25,0,2,34
12,25,0,3,203
12,25,0,4,88
12,25,1,0,0
12,25,1,2,122
12,25,1,3,210
12,25,1,4,34
12,25,1,6,230
12,25,1,7,78
12,25,2,0,0
12,25,2,3,115
12,25,2,6,457
12,25,3,0,0
12,25,3,1,17
12,25,3,3,105
12,25,3,4,122
12,25,3,5,264
12,25,4,1,27
12,25,4,3,44
12,25,4,7,54
12,25,5,1,10
12,25,5,2,0
12,25,5,3,0
12,25,5,6,230
12,25,6,0,0
12,25,6,1,0
12,25,6,2,0
12,25,6,3,10
12,25,6,4,17
12,25,6,6,44
12,25,7,1,0
12,25,7,2,0
12,25,7,5,0
12,25,7,6,0
13,25,0,1,27
13,25,0,3,122
13,25,1,0,0
13,25,1,2,61
13,25,1,3,115
13,25,1,4,71
13,25,1,5,132
13,25,1,6,203
13,25,2,1,10
13,25,2,2,44
13,25,2,3,149
13,25,2,4,78
13,25,2,5,193
13,25,3,4,115
13,25,3,6,335
13,25,3,7,105
13,25,4,0,0
13,25,4,1,34
13,25,4,3,78
13,25,4,4,98
13,25,4,6,731
13,25,5,3,0
13,25,5,4,88
13,25,5,5,159
13,25,6,0,0
13,25,6,2,0
13,25,6,3,10
13,25,6,4,27
13,25,6,5,78
13,25,7,1,0
13,25,7,3,10
13,25,7,5,10
13,25,7,6,17
13,25,7,7,10
14,25,0,0,61
14,25,0,1,10
14,25,0,2,61
14,25,0,5,203
14,25,0,6,149
14,25,0,7,274
14,25,1,0,0
14,25,1,3,149
14,25,1,4,34
14,25,1,5,166
14,25,1,7,176
14,25,2,2,54
14,25,2,3,105
14,25,2,4,61
14,25,2,7,132
14,25,3,1,10
14,25,3,2,34
14,25,3,3,142
14,25,3,4,105
14,25,3,5,396
14,25,3,6,281
14,25,3,7,149
14,25,4,0,0
14,25,4,3,98
14,25,4,4,132
14,25,4,5,159
14,25,4,7,132
14,25,5,1,0
14,25,5,2,10
14,25,5,4,98
14,25,5,6,1365
14,25,6,1,0
14,25,6,3,10
14,25,6,4,17
14,25,6,5,54
14,25,6,6,71
14,25,6,7,78
14,25,7,3,17
14,25,7,4,17
14,25,7,6,17
14,25,7,7,10
15,25,0,0,27
15,25,0,4,98
15,25,0,7,203
15,25,1,0,0
15,25,1,1,44
15,25,1,2,98
15,25,1,5,186
15,25,1,7,203
15,25,2,0,0
15,25,2,1,34
15,25,2,2,88
15,25,2,7,159
15,25,3,3,54
15,25,3,6,247
15,25,3,7,115
15,25,4,0,27
15,25,4,1,0
15,25,5,0,10
15,25,5,1,10
15,25,5,2,10
15,25,5,3,17
15,25,6,5,115
15,25,6,6,17
15,25,6,7,17
15,25,7,2,0
15,25,7,3,0
15,25,7,5,10
15,25,7,6,27
16,25,0,0,17
16,25,0,2,142
16,25,0,3,210
16,25,0,4,115
16,25,0,6,220
16,25,1,0,10
16,25,1,5,159
16,25,1,6,149
16,25,1,7,149
16,25,2,3,149
16,25,2,5,193
16,25,2,6,318
16,25,2,7,159
16,25,3,0,0
16,25,3,2,71
16,25,3,5,264
16,25,3,6,281
16,25,3,7,88
16,25,4,1,17
16,25,4,2,0
16,25,4,4,203
16,25,4,5,203
16,25,4,6,210
16,25,5,1,0
16,25,5,3,61
16,25,5,4,44
16,25,5,5,105
16,25,5,7,115
16,25,6,3,10
16,25,6,4,0
16,25,6,5,17
16,25,6,6,17
16,25,6,7,71
16,25,7,0,0
16,25,7,1,0
16,25,7,2,0
16,25,7,6,34
17,25,0,0,0
17,25,0,3,185
17,25,0,4,128
17,25,0,5,128
17,25,0,6,185
17,25,0,7,128
17,25,1,1,11
17,25,1,3,231
17,25,1,4,203
17,25,1,7,128
17,25,2,0,11
17,25,2,2,64
17,25,2,3,156
17,25,2,5,167
17,25,2,6,306
17,25,2,7,149
17,25,3,0,0
17,25,3,1,0
17,25,3,3,121
17,25,3,4,149
17,25,3,5,185
17,25,3,6,267
17,25,3,7,196
17,25,4,1,28
17,25,4,2,0
17,25,4,4,295
17,25,4,5,260
17,25,5,1,18
17,25,5,2,11
17,25,5,3,36
17,25,5,4,103
17,25,5,5,82
17,25,5,6,156
17,25,6,3,0
17,25,6,4,46
17,25,6,5,46
17,25,6,6,46
17,25,6,7,92
17,25,7,0,0
17,25,7,1,0
17,25,7,6,64
17,25,7,7,64
18,25,0,3,103
18,25,0,4,110
18,25,0,5,167
18,25,0,6,149
18,25,0,7,196
18,25,1,1,11
18,25,1,2,110
18,25,1,3,167
18,25,1,4,110
18,25,2,2,110
18,25,2,7,220
18,25,3,2,28
18,25,3,4,82
18,25,3,5,370
18,25,3,7,295
18,25,4,1,11
18,25,4,4,139
18,25,4,5,185
18,25,5,1,0
18,25,5,2,11
18,25,5,3,11
18,25,5,4,28
18,25,6,1,28
18,25,6,2,28
18,25,6,3,0
18,25,6,7,110
18,25,7,1,0
18,25,7,2,0
18,25,7,3,0
18,25,7,5,18
18,25,7,7,18
19,25,0,0,0
19,25,0,1,11
19,25,0,2,64
19,25,0,4,92
19,25,0,5,64
19,25,1,2,75
19,25,1,6,196
19,25,2,1,0
19,25,2,2,36
19,25,2,5,139
19,25,2,6,260
19,25,2,7,139
19,25,3,0,0
19,25,3,1,0
19,25,3,2,18
19,25,3,3,82
19,25,3,4,121
19,25,3,5,295
19,25,3,6,139
19,25,4,1,18
19,25,4,2,28
19,25,4,7,185
19,25,5,3,18
19,25,5,4,103
19,25,5,7,57
19,25,6,1,0
19,25,6,4,36
19,25,6,5,110
19,25,6,6,0
19,25,6,7,36
19,25,7,0,0
19,25,7,1,0
19,25,7,4,28
19,25,7,5,28
19,25,7,6,18
19,25,7,7,0
20,25,0,1,11
20,25,0,2,46
20,25,0,3,121
20,25,0,4,75
20,25,0,5,46
20,25,0,6,121
20,25,0,7,128
20,25,1,1,0
20,25,1,5,92
20,25,1,6,64
20,25,2,0,0
20,25,2,1,0
20,25,2,2,92
20,25,2,3,121
20,25,2,4,64
20,25,2,5,196
20,25,2,6,149
20,25,2,7,121
20,25,3,1,0
20,25,3,2,75
20,25,3,5,167
20,25,3,6,139
20,25,4,3,75
20,25,4,4,46
20,25,4,5,128
20,25,5,0,11
20,25,5,1,0
20,25,5,4,64
20,25,5,5,75
20,25,5,6,28
20,25,5,7,36
20,25,6,0,0
20,25,6,1,11
20,25,6,3,11
20,25,6,4,36
20,25,6,5,11
20,25,6,7,0
20,25,7,0,0
20,25,7,3,11
20,25,7,6,36
20,25,7,7,18
21,25,0,0,18
21,25,0,2,18
21,25,0,3,103
21,25,0,4,57
21,25,0,5,75
21,25,0,7,103
21,25,1,0,11
21,25,1,1,0
21,25,1,2,82
21,25,1,4,110
21,25,1,5,110
21,25,1,6,82
21,25,1,7,57
21,25,2,1,28
21,25,2,2,103
21,25,2,3,128
21,25,2,6,103
21,25,2,7,128
21,25,3,1,28
21,25,3,5,324
21,25,4,7,64
21,25,5,2,0
21,25,5,3,0
21,25,5,4,18
21,25,5,5,82
21,25,5,6,28
21,25,5,7,75
21,25,6,1,0
21,25,6,2,0
21,25,6,4,0
21,25,6,7,46
21,25,7,1,0
21,25,7,2,0
21,25,7,3,0
21,25,7,4,36
21,25,7,5,18
21,25,7,7,28
22,25,0,0,11
22,25,0,1,0
22,25,0,4,82
22,25,0,5,28
22,25,1,0,11
22,25,1,2,46
22,25,1,3,121
22,25,1,4,64
22,25,1,5,103
22,25,1,7,92
22,25,2,3,103
22,25,2,7,92
22,25,3,0,0
22,25,3,1,0
22,25,3,3,36
22,25,3,4,167
22,25,3,5,75
22,25,3,6,92
22,25,4,0,0
22,25,4,2,11
22,25,4,3,75
22,25,4,6,57
22,25,5,0,0
22,25,5,2,0
22,25,5,4,0
22,25,5,5,18
22,25,5,6,28
22,25,5,7,46
22,25,6,0,0
22,25,6,1,0
22,25,6,3,0
22,25,6,4,11
22,25,6,5,28
22,25,6,7,75
22,25,7,2,0
22,25,7,5,11
22,25,7,6,28
22,25,7,7,0
23,25,0,0,11
23,25,0,1,0
23,25,0,3,57
23,25,0,4,11
23,25,0,5,75
23,25,0,7,46
23,25,1,1,11
23,25,1,2,57
23,25,1,4,28
23,25,1,7,36
23,25,2,1,0
23,25,2,2,11
23,25,2,4,57
23,25,3,1,18
23,25,3,3,11
23,25,3,6,139
23,25,4,2,0
23,25,4,3,103
23,25,4,5,46
23,25,4,6,18
23,25,4,7,46
23,25,5,1,0
23,25,5,4,57
23,25,5,5,28
23,25,6,5,11
23,25,6,7,0
23,25,7,0,0
23,25,7,4,0
23,25,7,5,0
23,25,7,6,0
23,25,7,7,36
0,26,0,0,0
0,26,0,3,0
0,26,0,4,11
0,26,0,6,46
0,26,0,7,28
0,26,1,0,0
0,26,1,2,64
0,26,1,4,18
0,26,1,6,11
0,26,2,4,28
0,26,2,6,11
0,26,2,7,18
0,26,3,2,0
0,26,3,4,0
0,26,3,6,57
0,26,3,7,18
0,26,4,6,0
0,26,4,7,18
0,26,5,1,0
0,26,5,4,11
0,26,5,6,0
0,26,5,7,11
0,26,6,0,0
0,26,6,2,0
0,26,6,3,0
0,26,6,4,36
0,26,6,5,18
0,26,6,6,11
0,26,7,0,0
0,26,7,1,0
0,26,7,3,0
0,26,7,4,0
0,26,7,5,0
1,26,0,0,0
1,26,0,1,0
1,26,0,2,0
1,26,0,4,18
1,26,0,5,11
1,26,0,6,57
1,26,1,0,0
1,26,1,1,0
1,26,1,5,18
1,26,1,6,11
1,26,1,7,0
1,26,2,1,0
1,26,2,2,18
1,26,2,3,28
1,26,2,4,0
1,26,2,5,11
1,26,2,7,0
1,26,3,0,0
1,26,3,2,0
1,26,3,7,0
1,26,4,0,0
1,26,4,2,0
1,26,4,3,64
1,26,4,6,0
1,26,5,1,0
1,26,5,3,11
1,26,5,4,0
1,26,5,5,0
1,26,6,0,0
1,26,6,2,0
1,26,6,6,0
1,26,6,7,11
1,26,7,1,0
1,26,7,2,0
1,26,7,5,0
2,26,0,1,0
2,26,0,2,11
2,26,0,5,18
2,26,1,1,0
2,26,1,2,0
2,26,1,3,0
2,26,1,4,11
2,26,1,5,0
2,26,2,1,0
2,26,2,2,11
2,26,2,5,0
2,26,3,0,0
2,26,3,5,0
2,26,3,6,11
2,26,4,0,0
2,26,4,1,0
2,26,4,2,0
2,26,4,4,11
2,26,4,5,0
2,26,5,0,0
2,26,5,2,0
2,26,5,3,0
2,26,5,4,0
2,26,6,0,0
2,26,6,3,0
2,26,6,4,0
2,26,6,5,0
2,26,6,7,0
2,26,7,0,0
2,26,7,2,0
2,26,7,4,0
2,26,7,7,0
3,26,0,0,0
3,26,0,5,0
3,26,0,7,0
3,26,1,0,0
3,26,1,3,11
3,26,1,6,18
3,26,2,1,0
3,26,2,2,11
3,26,2,3,18
3,26,2,4,11
3,26,2,5,11
3,26,2,6,18
3,26,2,7,0
3,26,3,2,0
3,26,3,4,0
3,26,3,7,0
3,26,4,1,0
3,26,4,2,0
3,26,4,4,11
3,26,4,6,0
3,26,5,2,0
3,26,5,3,0
3,26,5,4,18
3,26,5,6,0
3,26,5,7,0
3,26,6,1,0
3,26,6,2,0
3,26,6,4,0
3,26,6,6,0
3,26,7,1,0
3,26,7,3,0
3,26,7,4,0
3,26,7,5,0
3,26,7,7,0
4,26,0,1,0
4,26,0,3,18
4,26,0,4,11
4,26,0,5,0
4,26,0,6,18
4,26,1,0,11
4,26,1,2,0
4,26,1,3,0
4,26,1,4,11
4,26,1,5,11
4,26,2,0,0
4,26,2,3,11
4,26,2,4,11
4,26,2,5,36
4,26,2,6,28
4,26,2,7,46
4,26,3,0,0
4,26,3,2,0
4,26,3,3,0
4,26,3,5,0
4,26,4,0,0
4,26,4,1,0
4,26,4,3,0
4,26,4,4,36
4,26,4,6,0
4,26,4,7,0
4,26,5,0,0
4,26,5,1,0
4,26,5,3,0
4,26,5,4,0
4,26,5,5,0
4,26,5,6,0
4,26,5,7,0
4,26,6,1,0
4,26,6,2,0
4,26,6,5,11
4,26,6,7,0
4,26,7,1,0
4,26,7,2,0
4,26,7,3,0
4,26,7,7,0
5,26,0,0,0
5,26,0,1,11
5,26,0,2,0
5,26,0,3,46
5,26,0,4,0
5,26,0,5,11
5,26,0,6,18
5,26,0,7,11
5,26,1,0,0
5,26,1,3,28
5,26,1,5,18
5,26,1,6,46
5,26,1,7,18
5,26,2,2,18
5,26,2,3,28
5,26,2,4,11
5,26,2,7,0
5,26,3,1,0
5,26,3,7,11
5,26,4,1,0
5,26,4,2,0
5,26,4,7,0
5,26,5,0,0
5,26,5,1,0
5,26,5,2,0
5,26,5,4,0
5,26,5,5,18
5,26,5,6,0
5,26,5,7,28
5,26,6,0,0
5,26,6,1,0
5,26,6,2,0
5,26,6,3,0
5,26,6,4,0
5,26,6,6,0
5,26,6,7,18
5,26,7,1,0
5,26,7,2,0
5,26,7,4,0
5,26,7,5,11
5,26,7,6,28
6,26,0,0,0
6,26,0,2,36
6,26,0,4,11
6,26,0,6,0
6,26,0,7,36
6,26,1,0,0
6,26,1,1,0
6,26,1,2,46
6,26,1,3,46
6,26,1,4,18
6,26,1,5,46
6,26,1,7,57
6,26,2,2,11
6,26,2,7,18
6,26,3,0,0
6,26,3,1,0
6,26,3,2,0
6,26,3,3,0
6,26,3,5,36
6,26,3,7,18
6,26,4,3,11
6,26,5,0,0
6,26,5,1,0
6,26,5,3,0
6,26,5,4,11
6,26,5,5,28
6,26,6,1,0
6,26,6,2,0
6,26,6,4,0
6,26,6,5,36
6,26,6,6,0
6,26,7,0,0
6,26,7,1,0
6,26,7,2,0
6,26,7,3,0
6,26,7,5,0
7,26,0,3,64
7,26,0,7,11
7,26,1,1,0
7,26,1,2,36
7,26,1,3,46
7,26,1,6,36
7,26,2,1,11
7,26,2,2,28
7,26,2,3,36
7,26,2,5,82
7,26,2,6,18
7,26,2,7,64
7,26,3,1,11
7,26,3,5,75
7,26,3,6,82
7,26,3,7,18
7,26,4,2,0
7,26,4,6,28
7,26,4,7,46
7,26,5,1,0
7,26,5,2,0
7,26,5,3,0
7,26,5,4,18
7,26,5,5,36
7,26,5,6,36
7,26,5,7,11
7,26,6,7,11
7,26,7,0,0
7,26,7,2,0
7,26,7,3,0
7,26,7,5,18
7,26,7,7,0
8,26,0,0,11
8,26,0,2,36
8,26,0,3,28
8,26,0,5,28
8,26,0,7,46
8,26,1,0,0
8,26,1,2,28
8,26,1,3,82
8,26,1,4,28
8,26,1,5,64
8,26,1,6,46
8,26,2,0,0
8,26,2,1,0
8,26,2,3,57
8,26,2,5,64
8,26,2,6,64
8,26,3,1,36
8,26,3,2,28
8,26,3,3,75
8,26,3,4,57
8,26,3,6,92
8,26,3,7,57
8,26,4,0,0
8,26,4,1,57
8,26,4,2,0
8,26,4,3,18
8,26,4,4,11
8,26,4,5,64
8,26,4,7,75
8,26,5,0,0
8,26,5,1,0
8,26,5,2,0
8,26,5,3,11
8,26,5,4,11
8,26,5,5,18
8,26,5,7,57
8,26,6,1,0
8,26,6,2,11
8,26,6,3,0
8,26,6,4,11
8,26,6,5,36
8,26,7,3,0
8,26,7,4,0
8,26,7,6,0
8,26,7,7,11
9,26,0,0,11
9,26,0,1,11
9,26,0,2,64
9,26,0,3,64
9,26,0,4,36
9,26,0,7,75
9,26,1,0,0
9,26,1,1,0
9,26,1,3,82
9,26,1,4,64
9,26,1,5,75
9,26,1,6,28
9,26,2,2,46
9,26,2,4,75
9,26,2,5,28
9,26,2,6,82
9,26,2,7,121
9,26,3,0,0
9,26,3,2,0
9,26,3,3,75
9,26,3,4,18
9,26,3,5,167
9,26,3,6,46
9,26,3,7,36
9,26,4,2,0
9,26,4,3,18
9,26,4,4,46
9,26,4,6,18
9,26,5,1,0
9,26,5,2,0
9,26,5,3,0
9,26,5,5,64
9,26,5,7,46
9,26,6,1,0
9,26,6,2,11
9,26,6,4,18
9,26,6,5,11
9,26,6,7,11
9,26,7,0,0
9,26,7,1,0
9,26,7,2,0
9,26,7,4,0
9,26,7,5,11
10,26,0,1,11
10,26,0,2,18
10,26,0,3,46
10,26,0,5,28
10,26,0,7,57
10,26,1,2,0
10,26,1,3,46
10,26,1,4,36
10,26,1,7,46
10,26,2,0,11
10,26,2,3,92
10,26,2,5,139
10,26,2,7,139
10,26,3,0,0
10,26,3,4,92
10,26,3,6,64
10,26,3,7,64
10,26,4,0,0
10,26,4,2,0
10,26,4,4,121
10,26,4,6,18
10,26,5,0,18
10,26,5,3,0
10,26,5,4,11
10,26,5,5,36
10,26,5,6,36
10,26,6,0,0
10,26,6,1,0
10,26,6,2,0
10,26,6,3,11
10,26,6,6,0
10,26,7,0,0
10,26,7,1,0
10,26,7,2,0
10,26,7,4,0
10,26,7,5,28
10,26,7,6,18
11,26,0,0,0
11,26,0,1,11
11,26,0,5,92
11,26,1,2,57
11,26,1,3,57
11,26,1,4,18
11,26,1,5,110
11,26,1,6,11
11,26,2,0,11
11,26,2,2,36
11,26,2,3,57
11,26,2,4,110
11,26,2,6,57
11,26,2,7,92
11,26,3,0,0
11,26,3,1,28
11,26,3,3,82
11,26,3,7,36
11,26,4,2,0
11,26,4,6,28
11,26,4,7,92
11,26,5,0,0
11,26,5,5,46
11,26,6,1,0
11,26,6,2,11
11,26,6,4,36
11,26,6,5,0
11,26,6,6,11
11,26,7,0,0
11,26,7,3,0
11,26,7,5,11
11,26,7,6,0
11,26,7,7,18
12,26,0,0,28
12,26,0,2,18
12,26,0,3,46
12,26,0,5,28
12,26,0,7,82
12,26,1,2,64
12,26,1,3,64
12,26,1,4,28
12,26,1,5,57
12,26,1,6,36
12,26,2,1,64
12,26,2,2,28
12,26,2,4,149
12,26,2,5,46
12,26,2,6,121
12,26,3,0,0
12,26,3,2,0
12,26,3,3,121
12,26,3,5,139
12,26,4,1,28
12,26,4,2,0
12,26,4,3,110
12,26,4,4,82
12,26,4,5,149
12,26,5,1,0
12,26,5,2,0
12,26,5,3,28
12,26,5,4,103
12,26,5,5,110
12,26,5,7,103
12,26,6,0,0
12,26,6,1,0
12,26,6,3,0
12,26,6,4,57
12,26,6,5,103
12,26,6,7,18
12,26,7,0,0
12,26,7,1,0
12,26,7,4,28
12,26,7,5,0
12,26,7,6,0
13,26,0,0,11
13,26,0,5,28
13,26,0,6,64
13,26,1,0,0
13,26,1,1,0
13,26,1,3,92
13,26,2,1,18
13,26,2,3,36
13,26,2,4,75
13,26,2,5,92
13,26,2,7,57
13,26,3,1,18
13,26,3,2,28
13,26,3,6,121
13,26,3,7,46
13,26,4,0,0
13,26,4,2,0
13,26,4,7,64
13,26,5,0,0
13,26,5,1,0
13,26,5,2,11
13,26,5,5,139
13,26,5,6,36
13,26,6,2,0
13,26,6,5,0
13,26,6,6,46
13,26,6,7,36
13,26,7,1,0
13,26,7,3,0
14,26,0,2,36
14,26,0,5,92
14,26,0,6,64
14,26,0,7,75
14,26,1,0,0
14,26,1,4,75
14,26,1,5,64
14,26,1,6,46
14,26,2,0,0
14,26,2,1,0
14,26,2,3,75
14,26,2,4,36
14,26,2,5,139
14,26,2,6,64
14,26,3,1,18
14,26,3,3,139
14,26,3,4,82
14,26,3,6,110
14,26,4,0,0
14,26,4,4,103
14,26,4,7,28
14,26,5,0,0
14,26,5,2,0
14,26,5,3,18
14,26,5,4,18
14,26,5,5,46
14,26,6,0,0
14,26,6,4,18
14,26,7,2,11
14,26,7,4,11
14,26,7,5,18
14,26,7,6,0
14,26,7,7,0
15,26,0,1,18
15,26,0,2,92
15,26,0,3,64
15,26,0,4,57
15,26,0,5,28
15,26,0,6,82
15,26,1,0,0
15,26,1,2,57
15,26,1,3,156
15,26,1,5,92
15,26,1,6,57
15,26,2,0,0
15,26,2,1,28
15,26,2,3,82
15,26,2,4,92
15,26,2,5,57
15,26,2,6,121
15,26,3,2,0
15,26,3,3,149
15,26,3,4,36
15,26,3,6,110
15,26,4,0,0
15,26,4,2,0
15,26,4,4,92
15,26,4,5,167
15,26,4,6,121
15,26,4,7,57
15,26,5,2,0
15,26,5,4,57
15,26,5,5,149
15,26,5,6,11
15,26,5,7,149
15,26,6,0,0
15,26,6,2,11
15,26,6,4,57
15,26,6,6,28
15,26,7,0,0
15,26,7,1,0
15,26,7,3,11
15,26,7,6,18
15,26,7,7,75
16,26,0,0,0
16,26,0,1,0
16,26,0,2,46
16,26,0,7,82
16,26,1,1,11
16,26,1,3,149
16,26,1,4,64
16,26,1,5,167
16,26,2,0,0
16,26,2,3,110
16,26,2,5,185
16,26,2,7,64
16,26,3,2,0
16,26,3,4,82
16,26,3,5,156
16,26,4,0,0
16,26,4,5,103
16,26,4,6,36
16,26,5,4,82
16,26,5,5,249
16,26,5,7,57
16,26,6,0,0
16,26,6,1,0
16,26,6,4,28
16,26,6,6,28
16,26,6,7,18
16,26,7,2,11
16,26,7,3,0
16,26,7,5,0
16,26,7,6,46
17,26,0,2,108
17,26,0,5,97
17,26,0,6,127
17,26,0,7,116
17,26,1,1,19
17,26,1,2,97
17,26,1,5,194
17,26,1,6,67
17,26,1,7,86
17,26,2,1,0
17,26,2,3,134
17,26,2,5,146
17,26,2,6,194
17,26,2,7,108
17,26,3,0,11
17,26,3,1,11
17,26,3,6,291
17,26,3,7,164
17,26,4,0,0
17,26,4,1,11
17,26,4,2,19
17,26,4,3,78
17,26,4,4,164
17,26,4,5,243
17,26,4,6,97
17,26,5,0,0
17,26,5,1,11
17,26,5,2,11
17,26,5,3,0
17,26,5,5,127
17,26,5,7,67
17,26,6,0,0
17,26,6,3,0
17,26,6,4,67
17,26,7,3,11
17,26,7,4,11
17,26,7,5,11
18,26,0,0,0
18,26,0,2,67
18,26,0,3,146
18,26,0,4,60
18,26,0,6,86
18,26,0,7,134
18,26,1,0,0
18,26,1,1,0
18,26,1,4,97
18,26,1,6,60
18,26,2,0,0
18,26,2,1,0
18,26,2,2,157
18,26,2,4,97
18,26,2,5,205
18,26,3,2,97
18,26,3,5,261
18,26,4,0,0
18,26,4,1,11
18,26,4,2,0
18,26,4,3,86
18,26,4,4,213
18,26,4,5,116
18,26,5,0,0
18,26,5,4,49
18,26,5,5,116
18,26,5,6,78
18,26,5,7,19
18,26,6,0,0
18,26,6,1,0
18,26,6,4,127
18,26,6,5,97
18,26,7,0,0
18,26,7,1,0
18,26,7,5,49
18,26,7,7,19
19,26,0,0,0
19,26,0,1,11
19,26,0,2,78
19,26,0,3,97
19,26,0,5,67
19,26,0,6,49
19,26,1,0,19
19,26,1,4,146
19,26,1,5,146
19,26,2,0,0
19,26,2,2,116
19,26,2,3,127
19,26,2,4,116
19,26,2,7,127
19,26,3,1,19
19,26,3,2,0
19,26,3,3,60
19,26,3,4,175
19,26,3,5,273
19,26,3,7,37
19,26,4,1,11
19,26,4,5,134
19,26,4,6,108
19,26,5,0,0
19,26,5,1,0
19,26,5,2,49
19,26,5,4,67
19,26,5,6,19
19,26,6,0,0
19,26,6,1,0
19,26,6,3,0
19,26,6,4,49
19,26,6,5,49
19,26,6,6,11
19,26,7,0,0
19,26,7,4,0
19,26,7,6,19
20,26,0,0,11
20,26,0,1,11
20,26,0,2,11
20,26,0,4,60
20,26,0,6,60
20,26,1,0,11
20,26,1,1,37
20,26,1,2,97
20,26,1,4,30
20,26,1,5,86
20,26,2,0,0
20,26,2,2,67
20,26,2,3,60
20,26,2,4,86
20,26,2,5,231
20,26,2,6,224
20,26,3,0,0
20,26,3,1,0
20,26,3,2,19
20,26,3,3,30
20,26,3,7,67
20,26,4,0,11
20,26,4,2,0
20,26,4,3,37
20,26,4,5,194
20,26,4,6,67
20,26,5,0,0
20,26,5,1,0
20,26,5,3,11
20,26,5,4,30
20,26,5,5,37
20,26,5,6,37
20,26,6,2,0
20,26,6,3,11
20,26,6,4,67
20,26,6,5,37
20,26,6,6,37
20,26,6,7,37
20,26,7,1,0
20,26,7,4,30
20,26,7,6,37
21,26,0,1,19
21,26,0,3,116
21,26,0,4,175
21,26,0,5,49
21,26,0,7,78
21,26,1,1,0
21,26,1,3,86
21,26,1,5,97
21,26,1,6,37
21,26,2,0,0
21,26,2,1,19
21,26,2,2,86
21,26,2,3,86
21,26,2,4,60
21,26,2,5,97
21,26,2,6,175
21,26,2,7,49
21,26,3,1,19
21,26,3,2,30
21,26,3,3,30
21,26,3,4,37
21,26,3,5,108
21,26,3,7,67
21,26,4,3,164
21,26,4,4,86
21,26,4,5,86
21,26,4,7,37
21,26,5,2,0
21,26,5,6,19
21,26,5,7,78
21,26,6,0,0
21,26,6,1,0
21,26,6,2,0
21,26,6,3,19
21,26,6,5,11
21,26,6,6,11
21,26,6,7,11
21,26,7,0,0
21,26,7,1,0
21,26,7,2,11
21,26,7,3,0
22,26,0,1,11
22,26,0,3,86
22,26,0,6,49
22,26,1,1,19
22,26,1,2,11
22,26,1,5,60
22,26,1,6,127
22,26,1,7,30
22,26,2,0,0
22,26,2,1,0
22,26,2,3,97
22,26,2,5,116
22,26,2,6,49
22,26,3,0,0
22,26,3,2,11
22,26,3,3,78
22,26,3,5,86
22,26,3,6,78
22,26,4,1,0
22,26,4,3,175
22,26,4,4,30
22,26,5,1,0
22,26,5,3,30
22,26,5,4,37
22,26,5,7,127
22,26,6,0,0
22,26,6,1,0
22,26,6,2,0
22,26,6,3,0
22,26,6,4,30
22,26,6,5,11
22,26,7,0,0
22,26,7,5,11
22,26,7,6,11
22,26,7,7,0
23,26,0,0,11
23,26,0,3,19
23,26,0,6,49
23,26,1,0,0
23,26,1,1,19
23,26,1,3,78
23,26,1,5,19
23,26,1,6,60
23,26,2,2,0
23,26,2,3,60
23,26,2,4,49
23,26,2,6,86
23,26,3,0,0
23,26,3,1,0
23,26,3,3,49
23,26,3,4,19
23,26,3,5,60
23,26,3,6,116
23,26,3,7,30
23,26,4,0,0
23,26,4,2,0
23,26,4,7,60
23,26,5,1,37
23,26,5,2,0
23,26,5,4,49
23,26,5,5,60
23,26,5,6,60
23,26,6,0,0
23,26,6,1,0
23,26,6,5,11
23,26,6,6,11
23,26,6,7,37
23,26,7,0,0
23,26,7,1,0
23,26,7,3,0
0,27,0,0,11
0,27,0,4,30
0,27,0,6,0
0,27,1,1,0
0,27,1,2,19
0,27,1,3,60
0,27,1,4,0
0,27,1,7,37
0,27,2,0,0
0,27,2,3,30
0,27,2,4,37
0,27,2,6,11
0,27,3,0,0
0,27,3,1,0
0,27,3,2,0
0,27,3,3,0
0,27,3,4,0
0,27,3,7,19
0,27,4,0,0
0,27,4,1,19
0,27,4,4,19
0,27,4,5,0
0,27,4,6,19
0,27,5,0,0
0,27,5,1,37
0,27,5,2,0
0,27,5,6,11
0,27,5,7,30
0,27,6,0,0
0,27,6,1,0
0,27,6,3,0
0,27,6,4,0
0,27,6,5,11
0,27,6,6,0
0,27,6,7,11
0,27,7,0,0
0,27,7,3,0
0,27,7,4,19
0,27,7,5,0
0,27,7,6,0
1,27,0,1,0
1,27,0,2,19
1,27,0,3,0
1,27,0,4,0
1,27,0,6,30
1,27,1,0,0
1,27,1,1,0
1,27,1,2,0
1,27,1,3,37
1,27,1,4,0
1,27,1,5,11
1,27,1,7,0
1,27,2,0,0
1,27,2,2,0
1,27,2,3,0
1,27,2,4,0
1,27,2,5,37
1,27,2,6,37
1,27,3,0,0
1,27,3,7,19
1,27,4,0,0
1,27,4,6,11
1,27,5,0,0
1,27,5,2,0
1,27,5,3,0
1,27,5,5,0
1,27,5,7,0
1,27,6,1,0
1,27,6,3,19
1,27,7,0,0
1,27,7,2,86
1,27,7,4,0
1,27,7,5,0
1,27,7,7,0
2,27,0,0,11
2,27,0,2,0
2,27,0,4,0
2,27,1,0,0
2,27,1,1,0
2,27,1,2,11
2,27,1,3,0
2,27,1,4,11
2,27,1,5,0
2,27,2,2,0
2,27,2,3,0
2,27,2,4,11
2,27,2,5,0
2,27,3,2,19
2,27,3,3,19
2,27,3,4,11
2,27,3,5,11
2,27,3,6,37
2,27,4,1,0
2,27,4,2,0
2,27,4,3,0
2,27,4,4,0
2,27,4,5,0
2,27,4,7,0
2,27,5,0,0
2,27,5,2,0
2,27,5,6,0
2,27,6,0,0
2,27,6,1,0
2,27,6,2,0
2,27,6,5,19
2,27,6,6,0
2,27,7,0,0
2,27,7,1,0
2,27,7,3,0
2,27,7,5,0
2,27,7,6,0
3,27,0,0,0
3,27,0,1,0
3,27,0,2,0
3,27,0,3,0
3,27,0,5,19
3,27,0,6,0
3,27,0,7,0
3,27,1,0,0
3,27,1,2,11
3,27,1,4,0
3,27,1,5,37
3,27,1,6,30
3,27,1,7,11
3,27,2,0,0
3,27,2,1,0
3,27,2,5,0
3,27,2,6,0
3,27,3,0,0
3,27,3,2,0
3,27,3,4,0
3,27,3,5,0
3,27,3,6,0
3,27,3,7,0
3,27,4,1,0
3,27,4,2,0
3,27,4,7,0
3,27,5,0,0
3,27,5,1,30
3,27,5,3,0
3,27,5,4,0
3,27,5,7,11
3,27,6,0,0
3,27,6,1,0
3,27,6,2,0
3,27,6,3,0
3,27,6,5,19
3,27,6,7,0
3,27,7,0,0
3,27,7,1,0
3,27,7,3,0
3,27,7,4,0
3,27,7,5,11
4,27,0,1,0
4,27,0,5,37
4,27,1,2,0
4,27,1,3,11
4,27,1,4,0
4,27,1,6,19
4,27,2,1,0
4,27,2,5,0
4,27,2,6,11
4,27,2,7,0
4,27,3,0,0
4,27,3,1,0
4,27,3,2,0
4,27,3,4,0
4,27,3,5,30
4,27,4,3,0
4,27,4,5,11
4,27,5,1,0
4,27,5,5,11
4,27,5,7,0
4,27,6,3,11
4,27,6,6,0
4,27,6,7,0
4,27,7,0,0
4,27,7,1,0
4,27,7,2,0
4,27,7,4,0
4,27,7,5,0
4,27,7,6,0
5,27,0,1,19
5,27,0,4,0
5,27,1,0,0
5,27,1,2,0
5,27,1,6,0
5,27,2,4,0
5,27,2,6,11
5,27,3,0,0
5,27,3,1,0
5,27,3,3,30
5,27,3,5,11
5,27,4,1,11
5,27,4,3,11
5,27,4,4,11
5,27,4,6,37
5,27,5,1,0
5,27,5,3,0
5,27,5,5,11
5,27,5,6,0
5,27,5,7,11
5,27,6,2,0
5,27,6,3,0
5,27,6,5,37
5,27,6,7,11
5,27,7,0,0
5,27,7,1,0
5,27,7,2,0
5,27,7,4,0
5,27,7,5,0
6,27,0,0,0
6,27,0,1,0
6,27,0,4,11
6,27,0,6,11
6,27,0,7,0
6,27,1,2,30
6,27,1,3,19
6,27,1,4,11
6,27,2,0,0
6,27,2,1,0
6,27,2,4,19
6,27,3,0,0
6,27,3,1,30
6,27,3,2,0
6,27,3,3,0
6,27,3,5,30
6,27,3,6,19
6,27,3,7,19
6,27,4,1,19
6,27,4,3,19
6,27,4,6,11
6,27,5,0,0
6,27,5,1,0
6,27,5,2,11
6,27,5,3,0
6,27,5,4,0
6,27,5,5,37
6,27,5,7,19
6,27,6,1,0
6,27,6,2,0
6,27,6,4,0
6,27,6,7,0
6,27,7,0,0
6,27,7,3,0
6,27,7,4,0
7,27,0,0,0
7,27,0,2,30
7,27,0,3,60
7,27,0,4,11
7,27,0,5,37
7,27,0,6,30
7,27,0,7,37
7,27,1,2,37
7,27,1,4,11
7,27,1,5,67
7,27,1,7,60
7,27,2,2,37
7,27,2,3,30
7,27,2,4,97
7,27,2,5,60
7,27,2,7,60
7,27,3,0,0
7,27,3,5,97
7,27,4,0,0
7,27,4,3,134
7,27,4,5,67
7,27,4,6,60
7,27,4,7,49
7,27,5,0,0
7,27,5,2,0
7,27,5,4,19
7,27,5,5,19
7,27,5,6,19
7,27,5,7,30
7,27,6,0,0
7,27,6,3,11
7,27,6,4,0
7,27,7,0,0
7,27,7,1,0
7,27,7,2,0
7,27,7,3,0
7,27,7,6,0
8,27,0,0,0
8,27,0,5,11
8,27,0,7,37
8,27,1,1,0
8,27,1,2,19
8,27,1,4,0
8,27,2,0,0
8,27,2,1,0
8,27,2,4,108
8,27,2,5,78
8,27,2,6,37
8,27,3,0,0
8,27,3,1,0
8,27,3,2,11
8,27,3,3,30
8,27,3,4,67
8,27,3,5,49
8,27,3,6,49
8,27,4,5,60
8,27,4,6,11
8,27,5,2,0
8,27,5,3,11
8,27,5,5,49
8,27,5,7,60
8,27,6,0,0
8,27,6,2,0
8,27,6,3,0
8,27,7,0,0
8,27,7,1,0
8,27,7,3,0
8,27,7,5,19
8,27,7,6,11
8,27,7,7,11
9,27,0,0,60
9,27,0,4,0
9,27,0,5,19
9,27,1,2,60
9,27,1,3,11
9,27,1,4,67
9,27,2,0,0
9,27,2,3,60
9,27,2,4,86
9,27,2,6,116
9,27,3,1,0
9,27,3,2,0
9,27,3,4,60
9,27,3,5,67
9,27,3,6,49
9,27,3,7,49
9,27,4,1,11
9,27,4,2,0
9,27,4,3,60
9,27,5,0,0
9,27,5,1,0
9,27,5,4,30
9,27,5,5,19
9,27,5,6,19
9,27,6,0,0
9,27,6,2,0
9,27,6,3,0
9,27,6,5,60
9,27,6,7,11
9,27,7,0,0
9,27,7,1,0
9,27,7,2,0
9,27,7,3,0
9,27,7,4,0
9,27,7,7,11
10,27,0,0,0
10,27,0,1,0
10,27,0,2,78
10,27,0,4,30
10,27,0,5,37
10,27,0,6,60
10,27,1,1,0
10,27,1,4,37
10,27,1,5,78
10,27,2,0,0
10,27,2,1,0
10,27,2,6,116
10,27,2,7,49
10,27,3,0,0
10,27,3,2,19
10,27,3,3,78
10,27,3,4,37
10,27,3,6,67
10,27,3,7,30
10,27,4,0,0
10,27,4,2,0
10,27,4,3,30
10,27,4,4,108
10,27,4,5,86
10,27,4,6,60
10,27,4,7,67
10,27,5,1,0
10,27,5,7,37
10,27,6,0,0
10,27,6,3,11
10,27,6,4,19
10,27,6,6,30
10,27,6,7,0
10,27,7,3,0
10,27,7,4,0
11,27,0,1,11
11,27,0,6,49
11,27,1,0,0
11,27,1,4,60
11,27,1,7,49
11,27,2,2,78
11,27,2,5,116
11,27,2,6,175
11,27,3,1,0
11,27,3,2,30
11,27,3,5,67
11,27,3,7,86
11,27,4,5,60
11,27,4,6,67
11,27,4,7,67
11,27,5,1,0
11,27,5,2,0
11,27,5,4,30
11,27,5,5,127
11,27,5,6,30
11,27,5,7,19
11,27,6,2,11
11,27,6,6,11
11,27,6,7,19
11,27,7,0,0
11,27,7,2,11
11,27,7,3,0
11,27,7,5,11
11,27,7,6,11
12,27,0,1,11
12,27,0,2,11
12,27,0,3,60
12,27,0,5,37
12,27,0,6,116
12,27,1,4,67
12,27,1,5,116
12,27,2,0,0
12,27,2,4,37
12,27,2,6,86
12,27,2,7,116
12,27,3,0,0
12,27,3,1,0
12,27,3,2,19
12,27,3,4,116
12,27,3,6,78
12,27,3,7,37
12,27,4,1,11
12,27,4,3,205
12,27,4,4,49
12,27,4,7,127
12,27,5,2,108
12,27,5,3,0
12,27,5,4,37
12,27,5,6,86
12,27,5,7,86
12,27,6,0,0
12,27,6,1,0
12,27,6,4,0
12,27,6,6,0
12,27,6,7,11
12,27,7,0,0
12,27,7,1,0
12,27,7,5,19
12,27,7,6,11
12,27,7,7,19
13,27,0,1,0
13,27,0,2,97
13,27,0,3,86
13,27,0,5,30
13,27,0,6,49
13,27,0,7,30
13,27,1,3,127
13,27,1,5,78
13,27,1,6,37
13,27,2,1,0
13,27,2,3,37
13,27,2,4,67
13,27,2,5,78
13,27,3,0,19
13,27,3,3,78
13,27,3,4,37
13,27,3,5,205
13,27,3,7,60
13,27,4,0,0
13,27,4,1,30
13,27,4,4,37
13,27,4,6,108
13,27,5,0,0
13,27,5,1,0
13,27,5,2,0
13,27,5,3,19
13,27,5,7,67
13,27,6,2,0
13,27,6,3,19
13,27,6,4,11
13,27,6,6,11
13,27,7,2,0
13,27,7,6,19
13,27,7,7,0
14,27,0,1,11
14,27,0,4,49
14,27,1,0,0
14,27,1,6,67
14,27,2,0,0
14,27,2,3,49
14,27,2,4,146
14,27,2,7,116
14,27,3,0,0
14,27,3,1,19
14,27,3,2,30
14,27,3,3,60
14,27,3,7,78
14,27,4,0,0
14,27,4,1,19
14,27,4,2,0
14,27,4,4,127
14,27,4,5,157
14,27,4,7,49
14,27,5,1,0
14,27,5,5,67
14,27,6,0,0
14,27,6,1,0
14,27,6,2,0
14,27,6,7,30
14,27,7,0,0
14,27,7,1,0
14,27,7,3,0
14,27,7,4,0
14,27,7,5,19
14,27,7,6,30
14,27,7,7,0
15,27,0,1,0
15,27,0,2,78
15,27,0,3,146
15,27,0,4,127
15,27,0,6,164
15,27,1,2,97
15,27,1,3,194
15,27,1,4,37
15,27,1,6,49
15,27,2,0,0
15,27,2,1,0
15,27,2,3,157
15,27,2,6,164
15,27,2,7,116
15,27,3,0,0
15,27,3,5,134
15,27,3,7,116
15,27,4,0,11
15,27,4,2,0
15,27,4,3,146
15,27,4,4,213
15,27,4,7,86
15,27,5,4,30
15,27,5,5,49
15,27,5,6,86
15,27,6,0,0
15,27,6,2,0
15,27,6,3,0
15,27,6,5,49
15,27,6,6,37
15,27,6,7,30
15,27,7,2,0
15,27,7,4,0
15,27,7,5,11
16,27,0,0,67
16,27,0,2,157
16,27,0,3,97
16,27,0,4,127
16,27,0,5,86
16,27,0,6,146
16,27,0,7,134
16,27,1,2,205
16,27,1,4,108
16,27,1,5,134
16,27,1,6,127
16,27,1,7,97
16,27,2,1,0
16,27,2,2,108
16,27,2,3,49
16,27,2,4,194
16,27,2,6,213
16,27,3,0,0
16,27,3,1,11
16,27,3,3,97
16,27,3,5,157
16,27,3,6,157
16,27,3,7,134
16,27,4,0,11
16,27,4,3,116
16,27,4,4,134
16,27,4,5,164
16,27,4,6,213
16,27,5,0,0
16,27,5,2,0
16,27,5,3,0
16,27,5,5,116
16,27,5,7,108
16,27,6,5,86
16,27,6,6,11
16,27,7,0,0
16,27,7,2,0
16,27,7,4,30
16,27,7,5,30
16,27,7,7,37
17,27,0,0,20
17,27,0,1,20
17,27,0,2,12
17,27,0,3,153
17,27,0,4,63
17,27,0,7,114
17,27,1,0,0
17,27,1,1,12
17,27,1,2,71
17,27,1,5,153
17,27,1,6,82
17,27,2,1,0
17,27,2,2,102
17,27,2,4,122
17,27,2,6,133
17,27,3,0,0
17,27,3,1,82
17,27,3,2,39
17,27,3,3,90
17,27,3,6,133
17,27,4,0,12
17,27,4,2,12
17,27,4,3,192
17,27,4,6,102
17,27,5,1,12
17,27,5,3,31
17,27,5,5,122
17,27,5,7,141
17,27,6,1,0
17,27,6,3,0
17,27,6,5,39
17,27,6,7,63
17,27,7,1,0
17,27,7,2,114
17,27,7,3,0
17,27,7,6,39
18,27,0,1,20
18,27,0,2,31
18,27,0,3,122
18,27,0,4,114
18,27,1,3,204
18,27,1,5,114
18,27,1,6,63
18,27,2,0,0
18,27,2,1,0
18,27,2,2,71
18,27,2,6,204
18,27,3,0,12
18,27,3,1,0
18,27,3,3,172
18,27,3,5,184
18,27,3,6,184
18,27,3,7,63
18,27,4,1,0
18,27,4,2,0
18,27,4,3,153
18,27,4,7,192
18,27,5,2,0
18,27,5,3,0
18,27,5,5,184
18,27,5,6,71
18,27,6,1,0
18,27,6,2,0
18,27,6,3,20
18,27,6,5,12
18,27,6,6,39
18,27,7,0,0
18,27,7,1,0
18,27,7,2,31
18,27,7,3,12
18,27,7,4,90
18,27,7,5,31
18,27,7,6,39
19,27,0,1,12
19,27,0,3,153
19,27,0,6,114
19,27,0,7,71
19,27,1,0,0
19,27,1,3,122
19,27,1,5,102
19,27,1,6,153
19,27,2,0,0
19,27,2,1,12
19,27,2,3,141
19,27,2,4,51
19,27,2,5,122
19,27,3,0,0
19,27,3,1,12
19,27,3,2,39
19,27,3,4,63
19,27,4,0,20
19,27,4,1,31
19,27,4,3,141
19,27,4,4,31
19,27,5,0,0
19,27,5,2,0
19,27,5,3,0
19,27,5,4,31
19,27,5,5,51
19,27,6,4,39
19,27,6,6,0
19,27,6,7,31
19,27,7,0,0
19,27,7,1,0
19,27,7,2,0
19,27,7,3,12
19,27,7,6,12
20,27,0,0,12
20,27,0,1,20
20,27,0,2,71
20,27,0,3,122
20,27,0,6,71
20,27,0,7,51
20,27,1,1,12
20,27,1,4,12
20,27,1,7,71
20,27,2,0,0
20,27,2,1,0
20,27,2,2,39
20,27,2,3,122
20,27,2,5,114
20,27,3,0,0
20,27,3,5,114
20,27,3,6,122
20,27,4,3,153
20,27,4,4,20
20,27,4,5,51
20,27,4,7,122
20,27,5,1,0
20,27,5,3,20
20,27,5,4,39
20,27,6,0,0
20,27,6,1,0
20,27,6,4,0
20,27,6,5,82
20,27,6,6,12
20,27,7,3,12
20,27,7,5,31
20,27,7,6,12
21,27,0,1,0
21,27,0,2,51
21,27,0,3,71
21,27,0,4,114
21,27,1,2,71
21,27,1,6,82
21,27,1,7,122
21,27,2,0,0
21,27,2,1,12
21,27,2,2,12
21,27,2,3,165
21,27,2,4,51
21,27,2,5,133
21,27,2,6,102
21,27,3,2,31
21,27,3,3,122
21,27,3,5,153
21,27,3,6,82
21,27,3,7,51
21,27,4,1,0
21,27,4,2,12
21,27,4,3,133
21,27,4,5,102
21,27,4,6,51
21,27,4,7,12
21,27,5,0,0
21,27,5,4,31
21,27,5,5,39
21,27,5,6,12
21,27,5,7,102
21,27,6,0,0
21,27,6,3,0
21,27,6,5,39
21,27,6,6,39
21,27,7,1,0
21,27,7,2,0
21,27,7,5,20
21,27,7,6,63
22,27,0,1,12
22,27,0,3,90
22,27,0,4,20
22,27,0,6,31
22,27,1,0,0
22,27,1,1,20
22,27,1,2,20
22,27,1,3,63
22,27,1,4,31
22,27,1,5,63
22,27,1,7,90
22,27,2,1,12
22,27,2,2,39
22,27,2,4,82
22,27,2,5,39
22,27,2,6,114
22,27,2,7,90
22,27,3,0,0
22,27,3,1,0
22,27,3,3,39
22,27,3,4,39
22,27,4,0,0
22,27,4,1,0
22,27,4,4,114
22,27,4,5,102
22,27,4,6,63
22,27,5,0,0
22,27,5,1,0
22,27,5,2,0
22,27,5,4,31
22,27,5,6,31
22,27,5,7,31
22,27,6,0,0
22,27,6,1,0
22,27,6,7,39
22,27,7,0,0
22,27,7,2,0
22,27,7,3,0
22,27,7,4,0
22,27,7,5,0
22,27,7,6,122
23,27,0,1,0
23,27,0,3,31
23,27,0,4,31
23,27,0,5,12
23,27,0,6,51
23,27,0,7,20
23,27,1,3,39
23,27,1,5,71
23,27,1,6,71
23,27,2,1,12
23,27,2,5,20
23,27,3,0,0
23,27,3,2,12
23,27,3,3,71
23,27,3,4,31
23,27,3,5,31
23,27,3,7,51
23,27,4,2,0
23,27,4,4,31
23,27,4,5,63
23,27,4,6,31
23,27,5,0,0
23,27,5,1,0
23,27,5,2,0
23,27,5,4,12
23,27,5,5,20
23,27,5,6,0
23,27,6,0,0
23,27,6,2,0
23,27,6,4,39
23,27,6,6,0
23,27,7,1,0
23,27,7,2,0
23,27,7,3,20
23,27,7,4,0
23,27,7,5,0
23,27,7,6,0
0,28,0,0,0
0,28,0,1,0
0,28,0,2,31
0,28,0,4,12
0,28,0,5,12
0,28,0,6,20
0,28,0,7,20
0,28,1,0,0
0,28,1,1,0
0,28,1,2,12
0,28,1,5,20
0,28,1,6,31
0,28,2,0,0
0,28,2,1,0
0,28,2,2,0
0,28,2,3,63
0,28,2,4,12
0,28,2,6,12
0,28,3,1,0
0,28,3,4,39
0,28,3,6,20
0,28,4,0,20
0,28,4,3,63
0,28,4,5,39
0,28,4,6,0
0,28,4,7,12
0,28,5,0,0
0,28,5,1,0
0,28,5,4,0
0,28,5,7,0
0,28,6,2,0
0,28,6,3,0
0,28,6,5,12
0,28,6,7,0
0,28,7,6,12
0,28,7,7,0
1,28,0,0,0
1,28,0,1,0
1,28,0,2,0
1,28,0,3,12
1,28,0,4,0
1,28,0,6,0
1,28,0,7,12
1,28,1,4,0
1,28,1,6,20
1,28,2,0,0
1,28,2,1,0
1,28,2,2,20
1,28,2,3,12
1,28,2,4,0
1,28,2,6,12
1,28,2,7,0
1,28,3,0,0
1,28,3,7,0
1,28,4,0,20
1,28,4,2,0
1,28,4,3,20
1,28,4,4,12
1,28,4,5,12
1,28,4,6,0
1,28,5,2,0
1,28,5,3,0
1,28,5,6,0
1,28,5,7,0
1,28,6,0,0
1,28,6,2,0
1,28,6,4,0
1,28,6,5,31
1,28,6,6,0
1,28,6,7,0
1,28,7,0,0
1,28,7,2,0
1,28,7,3,0
1,28,7,6,0
2,28,0,0,0
2,28,0,1,0
2,28,0,4,0
2,28,0,5,0
2,28,0,7,20
2,28,1,0,0
2,28,1,2,0
2,28,1,3,0
2,28,1,5,0
2,28,2,3,20
2,28,2,4,0
2,28,2,5,0
2,28,2,6,31
2,28,3,0,0
2,28,3,1,0
2,28,3,2,0
2,28,3,3,31
2,28,3,4,0
2,28,3,6,0
2,28,3,7,0
2,28,4,0,0
2,28,4,1,0
2,28,4,3,12
2,28,4,4,0
2,28,4,6,0
2,28,4,7,0
2,28,5,1,0
2,28,5,5,0
2,28,5,6,0
2,28,5,7,0
2,28,6,2,0
2,28,6,3,0
2,28,6,4,12
2,28,6,5,20
2,28,6,6,0
2,28,7,2,0
2,28,7,6,82
3,28,0,0,0
3,28,0,1,0
3,28,1,3,0
3,28,1,4,0
3,28,1,6,20
3,28,2,1,0
3,28,2,3,0
3,28,2,4,12
3,28,2,5,0
3,28,2,6,12
3,28,2,7,20
3,28,3,1,12
3,28,3,2,0
3,28,3,3,20
3,28,3,4,20
3,28,3,7,12
3,28,4,0,0
3,28,4,1,0
3,28,4,5,0
3,28,5,1,0
3,28,5,2,0
3,28,5,4,12
3,28,5,5,0
3,28,5,6,12
3,28,5,7,0
3,28,6,1,0
3,28,6,2,0
3,28,6,3,0
3,28,6,4,12
3,28,6,5,12
3,28,6,7,0
3,28,7,0,0
3,28,7,1,0
3,28,7,4,0
3,28,7,6,90
4,28,0,1,0
4,28,0,2,12
4,28,0,3,12
4,28,0,4,0
4,28,0,5,12
4,28,0,6,0
4,28,0,7,0
4,28,1,5,0
4,28,1,6,388
4,28,1,7,0
4,28,2,2,0
4,28,2,3,12
4,28,2,6,0
4,28,3,0,0
4,28,3,3,82
4,28,3,4,0
4,28,3,6,20
4,28,4,0,0
4,28,4,4,20
4,28,4,5,51
4,28,4,6,31
4,28,5,0,0
4,28,5,2,0
4,28,5,6,0
4,28,6,0,0
4,28,6,2,0
4,28,6,5,90
4,28,6,6,39
4,28,6,7,0
4,28,7,3,0
4,28,7,5,63
4,28,7,7,0
5,28,0,2,82
5,28,0,4,12
5,28,0,6,12
5,28,1,3,71
5,28,1,4,31
5,28,1,5,63
5,28,1,7,12
5,28,2,1,0
5,28,2,2,51
5,28,2,3,141
5,28,2,4,71
5,28,2,5,133
5,28,2,6,31
5,28,3,1,0
5,28,3,3,82
5,28,3,4,20
5,28,3,5,31
5,28,3,7,12
5,28,4,2,0
5,28,4,4,90
5,28,4,7,39
5,28,5,0,0
5,28,5,1,0
5,28,5,2,0
5,28,5,3,0
5,28,5,5,71
5,28,5,7,0
5,28,6,0,0
5,28,6,1,0
5,28,6,3,0
5,28,6,4,31
5,28,6,7,51
5,28,7,0,0
5,28,7,2,0
5,28,7,3,0
5,28,7,4,0
5,28,7,5,12
5,28,7,7,0
6,28,0,4,20
6,28,0,6,63
6,28,0,7,82
6,28,1,0,31
6,28,1,1,12
6,28,1,3,172
6,28,1,5,325
6,28,1,6,141
6,28,1,7,133
6,28,2,0,0
6,28,2,2,286
6,28,2,4,368
6,28,2,5,255
6,28,2,6,447
6,28,3,2,20
6,28,3,3,192
6,28,3,4,102
6,28,3,6,165
6,28,3,7,82
6,28,4,1,39
6,28,4,2,0
6,28,4,5,71
6,28,4,6,39
6,28,4,7,141
6,28,5,0,0
6,28,5,2,0
6,28,5,3,12
6,28,5,4,31
6,28,5,5,39
6,28,5,6,0
6,28,5,7,12
6,28,6,0,0
6,28,6,2,0
6,28,6,6,20
6,28,7,0,0
6,28,7,1,0
6,28,7,3,0
6,28,7,7,31
7,28,0,3,133
7,28,0,4,102
7,28,0,7,294
7,28,1,1,0
7,28,1,2,133
7,28,1,3,82
7,28,1,5,376
7,28,1,6,133
7,28,2,0,0
7,28,2,2,82
7,28,2,3,419
7,28,2,6,216
7,28,3,2,20
7,28,3,4,102
7,28,3,6,204
7,28,3,7,114
7,28,4,0,0
7,28,4,1,20
7,28,4,2,0
7,28,4,4,165
7,28,4,6,71
7,28,4,7,184
7,28,5,1,82
7,28,5,2,12
7,28,5,3,0
7,28,5,4,20
7,28,5,5,153
7,28,5,6,20
7,28,5,7,12
7,28,6,1,0
7,28,6,3,0
7,28,6,7,20
7,28,7,2,0
7,28,7,4,0
7,28,7,5,31
7,28,7,7,0
8,28,0,4,223
8,28,0,7,866
8,28,1,2,243
8,28,1,3,388
8,28,1,4,141
8,28,2,4,337
8,28,2,6,388
8,28,2,7,470
8,28,3,0,0
8,28,3,1,20
8,28,3,6,114
8,28,4,2,0
8,28,4,3,204
8,28,4,5,337
8,28,4,6,216
8,28,4,7,204
8,28,5,2,0
8,28,5,3,0
8,28,5,4,82
8,28,5,6,165
8,28,5,7,31
8,28,6,2,0
8,28,6,5,31
8,28,6,6,12
8,28,7,0,0
8,28,7,1,12
8,28,7,2,0
8,28,7,3,12
8,28,7,6,63
9,28,0,0,133
9,28,0,1,51
9,28,0,5,141
9,28,0,6,204
9,28,1,0,0
9,28,1,1,0
9,28,1,2,153
9,28,1,7,267
9,28,2,2,82
9,28,2,3,267
9,28,2,4,172
9,28,3,0,0
9,28,3,1,20
9,28,3,2,102
9,28,3,4,71
9,28,3,5,216
9,28,3,6,267
9,28,4,0,12
9,28,4,1,12
9,28,4,2,0
9,28,4,3,31
9,28,4,5,153
9,28,4,7,20
9,28,5,1,153
9,28,5,4,51
9,28,5,5,153
9,28,6,0,0
9,28,6,1,20
9,28,6,2,0
9,28,6,3,12
9,28,6,5,31
9,28,6,6,20
9,28,7,0,0
9,28,7,2,0
9,28,7,4,0
9,28,7,5,0
9,28,7,7,0
10,28,0,4,90
10,28,0,5,82
10,28,0,7,141
10,28,1,1,0
10,28,1,2,318
10,28,1,4,82
10,28,1,5,192
10,28,1,7,204
10,28,2,1,0
10,28,2,2,82
10,28,2,3,325
10,28,2,5,204
10,28,2,7,192
10,28,3,2,12
10,28,3,3,223
10,28,3,4,71
10,28,3,6,172
10,28,4,2,0
10,28,4,6,141
10,28,4,7,12
10,28,5,1,0
10,28,5,4,82
10,28,5,5,71
10,28,5,6,51
10,28,5,7,12
10,28,6,1,0
10,28,6,2,0
10,28,6,3,31
10,28,6,4,20
10,28,6,5,63
10,28,6,6,12
10,28,6,7,39
10,28,7,1,0
10,28,7,2,39
10,28,7,5,39
10,28,7,7,20
11,28,0,0,39
11,28,0,3,286
11,28,0,4,102
11,28,0,5,165
11,28,0,6,318
11,28,1,1,12
11,28,1,6,368
11,28,1,7,204
11,28,2,1,12
11,28,2,2,133
11,28,2,7,192
11,28,3,0,0
11,28,3,1,20
11,28,3,2,20
11,28,3,3,39
11,28,3,4,184
11,28,3,5,470
11,28,3,6,470
11,28,3,7,102
11,28,4,0,0
11,28,4,3,184
11,28,4,6,184
11,28,4,7,337
11,28,5,1,0
11,28,5,2,0
11,28,5,6,51
11,28,5,7,63
11,28,6,2,0
11,28,6,3,521
11,28,6,5,51
11,28,6,6,12
11,28,7,4,12
11,28,7,5,122
12,28,0,0,31
12,28,0,3,165
12,28,0,6,267
12,28,0,7,184
12,28,1,0,12
12,28,1,2,63
12,28,1,4,82
12,28,1,5,223
12,28,1,6,294
12,28,1,7,216
12,28,2,1,12
12,28,2,2,294
12,28,2,3,408
12,28,2,7,133
12,28,3,0,0
12,28,3,1,0
12,28,3,3,114
12,28,3,4,243
12,28,3,5,153
12,28,4,1,51
12,28,4,2,0
12,28,4,4,82
12,28,4,5,141
12,28,4,6,122
12,28,4,7,153
12,28,5,1,20
12,28,5,6,102
12,28,5,7,694
12,28,6,1,12
12,28,6,2,0
12,28,6,3,0
12,28,6,4,0
12,28,6,5,114
12,28,6,6,133
12,28,7,0,0
12,28,7,2,0
12,28,7,3,0
12,28,7,5,0
12,28,7,6,12
12,28,7,7,12
13,28,0,0,12
13,28,0,1,12
13,28,0,3,122
13,28,0,4,165
13,28,0,5,192
13,28,0,6,318
13,28,1,0,0
13,28,1,2,133
13,28,1,3,141
13,28,1,5,286
13,28,2,0,0
13,28,2,2,71
13,28,2,3,192
13,28,2,4,286
13,28,2,5,204
13,28,2,6,427
13,28,3,0,31
13,28,3,3,133
13,28,3,4,122
13,28,3,5,204
13,28,3,6,561
13,28,3,7,153
13,28,4,0,0
13,28,4,1,20
13,28,4,2,12
13,28,4,3,172
13,28,4,4,39
13,28,4,7,71
13,28,5,2,12
13,28,5,3,12
13,28,5,4,71
13,28,5,7,216
13,28,6,0,0
13,28,6,1,31
13,28,6,2,0
13,28,6,6,51
13,28,7,0,0
13,28,7,3,71
13,28,7,5,31
13,28,7,7,0
14,28,0,2,51
14,28,0,5,274
14,28,0,7,223
14,28,1,1,0
14,28,1,2,90
14,28,1,4,165
14,28,1,5,235
14,28,1,6,286
14,28,1,7,306
14,28,2,0,31
14,28,2,1,0
14,28,2,2,63
14,28,2,4,255
14,28,3,2,0
14,28,3,3,71
14,28,3,4,102
14,28,3,5,937
14,28,3,7,63
14,28,4,0,0
14,28,4,4,90
14,28,5,3,20
14,28,5,7,141
14,28,6,0,0
14,28,6,3,31
14,28,6,4,165
14,28,6,5,0
14,28,6,7,63
14,28,7,0,0
14,28,7,1,0
14,28,7,4,0
14,28,7,7,39
15,28,0,1,12
15,28,0,4,172
15,28,0,5,459
15,28,1,1,0
15,28,1,6,510
15,28,1,7,165
15,28,2,0,0
15,28,2,3,204
15,28,2,7,172
15,28,3,0,0
15,28,3,2,20
15,28,3,3,51
15,28,3,5,1376
15,28,4,1,20
15,28,4,2,0
15,28,4,3,223
15,28,4,5,318
15,28,4,6,1082
15,28,4,7,192
15,28,5,0,0
15,28,5,1,0
15,28,5,3,31
15,28,5,5,235
15,28,5,6,470
15,28,5,7,376
15,28,6,1,0
15,28,6,3,63
15,28,6,4,20
15,28,6,5,20
15,28,6,6,204
15,28,6,7,51
15,28,7,0,0
15,28,7,3,0
15,28,7,4,12
15,28,7,5,51
15,28,7,6,12
15,28,7,7,20
16,28,0,0,51
16,28,0,1,39
16,28,0,2,12
16,28,0,3,216
16,28,0,4,122
16,28,0,5,988
16,28,0,7,396
16,28,1,1,0
16,28,1,4,31
16,28,1,5,623
16,28,1,6,1325
16,28,2,0,0
16,28,2,3,133
16,28,2,4,133
16,28,2,7,133
16,28,3,1,71
16,28,3,3,102
16,28,3,5,1051
16,28,3,7,102
16,28,4,1,20
16,28,4,2,0
16,28,4,3,90
16,28,4,5,274
16,28,4,6,713
16,28,4,7,122
16,28,5,1,0
16,28,5,2,31
16,28,5,4,82
16,28,5,5,133
16,28,5,6,122
16,28,5,7,165
16,28,6,0,0
16,28,6,1,0
16,28,6,2,20
16,28,6,5,31
16,28,6,6,39
16,28,6,7,39
16,28,7,0,0
16,28,7,1,0
16,28,7,2,0
16,28,7,7,20
17,28,0,1,12
17,28,0,2,95
17,28,0,4,119
17,28,1,0,0
17,28,1,2,54
17,28,1,3,161
17,28,1,4,107
17,28,1,5,654
17,28,1,6,897
17,28,1,7,128
17,28,2,0,0
17,28,2,1,12
17,28,2,2,33
17,28,2,4,86
17,28,2,5,630
17,28,2,6,1058
17,28,2,7,181
17,28,3,0,0
17,28,3,1,12
17,28,3,3,140
17,28,3,5,683
17,28,3,6,642
17,28,3,7,161
17,28,4,0,0
17,28,4,2,0
17,28,4,3,416
17,28,4,4,140
17,28,4,6,469
17,28,4,7,148
17,28,5,1,0
17,28,5,2,41
17,28,5,5,74
17,28,5,6,494
17,28,5,7,12
17,28,6,0,0
17,28,6,1,0
17,28,6,2,0
17,28,6,3,41
17,28,6,4,33
17,28,6,6,0
17,28,7,2,0
17,28,7,3,41
17,28,7,5,12
17,28,7,6,0
18,28,0,0,21
18,28,0,1,12
18,28,0,3,74
18,28,0,6,469
18,28,1,0,0
18,28,1,1,0
18,28,1,2,41
18,28,1,4,21
18,28,1,5,173
18,28,2,0,0
18,28,2,2,54
18,28,2,6,428
18,28,3,0,0
18,28,3,3,54
18,28,3,5,333
18,28,3,7,41
18,28,4,3,173
18,28,4,4,86
18,28,4,7,54
18,28,5,1,0
18,28,5,3,0
18,28,5,4,12
18,28,5,5,41
18,28,5,6,119
18,28,5,7,41
18,28,6,2,0
18,28,6,6,12
18,28,6,7,21
18,28,7,0,0
18,28,7,3,21
18,28,7,4,12
18,28,7,6,41
19,28,0,0,12
19,28,0,1,0
19,28,0,4,128
19,28,0,6,300
19,28,0,7,173
19,28,1,0,0
19,28,1,1,0
19,28,1,4,66
19,28,1,5,107
19,28,1,6,214
19,28,1,7,161
19,28,2,0,0
19,28,2,3,247
19,28,2,4,119
19,28,2,5,288
19,28,2,6,354
19,28,2,7,173
19,28,3,3,161
19,28,3,4,86
19,28,3,6,247
19,28,4,2,0
19,28,4,3,173
19,28,4,6,148
19,28,5,6,107
19,28,5,7,41
19,28,6,0,0
19,28,6,1,0
19,28,6,2,12
19,28,6,3,21
19,28,6,5,21
19,28,6,7,86
19,28,7,0,0
19,28,7,2,0
19,28,7,4,12
19,28,7,6,12
20,28,0,2,21
20,28,0,3,74
20,28,0,4,21
20,28,1,0,0
20,28,1,1,0
20,28,1,2,41
20,28,1,4,0
20,28,1,5,86
20,28,1,6,140
20,28,2,0,21
20,28,2,1,0
20,28,2,2,119
20,28,2,3,161
20,28,2,4,95
20,28,2,5,119
20,28,3,0,21
20,28,3,1,12
20,28,3,2,54
20,28,3,6,395
20,28,3,7,33
20,28,4,0,21
20,28,4,2,12
20,28,4,3,107
20,28,4,4,119
20,28,4,5,202
20,28,4,6,107
20,28,4,7,86
20,28,5,1,0
20,28,5,2,12
20,28,5,3,33
20,28,5,4,41
20,28,5,6,41
20,28,5,7,41
20,28,6,0,0
20,28,6,1,0
20,28,6,4,74
20,28,6,5,21
20,28,6,6,12
20,28,6,7,41
20,28,7,3,21
20,28,7,4,12
20,28,7,5,12
20,28,7,6,12
21,28,0,0,0
21,28,0,1,12
21,28,0,3,107
21,28,0,4,74
21,28,0,5,86
21,28,1,0,0
21,28,1,2,41
21,28,1,4,66
21,28,1,5,86
21,28,1,6,66
21,28,1,7,128
21,28,2,0,0
21,28,2,3,41
21,28,2,5,161
21,28,3,1,0
21,28,3,2,41
21,28,3,4,74
21,28,3,5,173
21,28,3,6,202
21,28,4,1,12
21,28,4,3,66
21,28,4,4,66
21,28,4,5,107
21,28,4,6,66
21,28,4,7,86
21,28,5,0,0
21,28,5,1,21
21,28,5,2,0
21,28,5,3,0
21,28,5,4,12
21,28,5,5,74
21,28,6,0,0
21,28,6,1,0
21,28,6,5,0
21,28,6,7,33
21,28,7,0,0
21,28,7,3,21
21,28,7,4,12
21,28,7,5,12
21,28,7,6,0
21,28,7,7,0
22,28,0,0,21
22,28,0,2,33
22,28,0,3,33
22,28,0,4,33
22,28,0,5,41
22,28,1,0,0
22,28,1,1,21
22,28,1,2,33
22,28,1,3,119
22,28,1,7,86
22,28,2,2,21
22,28,2,4,33
22,28,2,5,54
22,28,2,7,66
22,28,3,0,0
22,28,3,2,0
22,28,3,4,128
22,28,3,7,21
22,28,4,2,0
22,28,4,4,86
22,28,4,6,21
22,28,5,0,0
22,28,5,1,0
22,28,5,2,66
22,28,6,0,0
22,28,6,1,0
22,28,6,2,0
22,28,6,4,0
22,28,6,5,21
22,28,6,7,0
22,28,7,2,0
22,28,7,3,0
22,28,7,4,0
22,28,7,6,33
22,28,7,7,0
23,28,0,0,0
23,28,0,1,0
23,28,0,2,12
23,28,0,3,66
23,28,0,4,12
23,28,0,5,12
23,28,0,6,33
23,28,1,1,0
23,28,1,4,33
23,28,1,6,12
23,28,1,7,12
23,28,2,0,0
23,28,2,1,0
23,28,2,2,12
23,28,2,4,21
23,28,2,5,12
23,28,2,6,21
23,28,3,0,0
23,28,3,1,0
23,28,3,4,0
23,28,3,5,66
23,28,3,6,148
23,28,4,2,21
23,28,4,3,193
23,28,4,4,74
23,28,4,6,12
23,28,4,7,12
23,28,5,1,0
23,28,5,5,41
23,28,5,6,12
23,28,5,7,0
23,28,6,0,21
23,28,6,1,0
23,28,6,2,0
23,28,6,3,0
23,28,6,6,0
23,28,7,0,0
23,28,7,1,0
23,28,7,2,0
23,28,7,3,0
0,29,0,0,0
0,29,0,1,21
0,29,0,2,0
0,29,0,3,41
0,29,0,6,12
0,29,1,0,0
0,29,1,2,12
0,29,1,3,12
0,29,1,5,21
0,29,1,6,12
0,29,1,7,0
0,29,2,0,0
0,29,2,5,12
0,29,2,6,12
0,29,2,7,0
0,29,3,0,0
0,29,3,1,0
0,29,3,4,0
0,29,3,5,21
0,29,3,6,12
0,29,4,2,12
0,29,4,6,12
0,29,5,0,0
0,29,5,2,0
0,29,5,3,0
0,29,5,4,0
0,29,5,5,0
0,29,5,7,0
0,29,6,2,0
0,29,6,5,0
0,29,7,1,0
0,29,7,2,0
0,29,7,5,0
1,29,0,3,21
1,29,0,5,0
1,29,0,6,0
1,29,0,7,12
1,29,1,2,12
1,29,1,3,12
1,29,1,4,0
1,29,1,5,0
1,29,1,6,12
1,29,1,7,12
1,29,2,0,0
1,29,2,2,0
1,29,2,3,0
1,29,2,4,33
1,29,2,5,0
1,29,3,0,0
1,29,3,1,0
1,29,3,3,0
1,29,3,5,12
1,29,3,7,0
1,29,4,1,0
1,29,4,5,0
1,29,4,6,0
1,29,5,0,0
1,29,5,1,0
1,29,5,5,0
1,29,5,6,0
1,29,5,7,0
1,29,6,0,0
1,29,6,1,0
1,29,6,2,0
1,29,6,7,0
1,29,7,1,0
1,29,7,3,0
1,29,7,4,0
1,29,7,5,0
2,29,0,0,0
2,29,0,3,0
2,29,0,4,0
2,29,0,7,0
2,29,1,1,0
2,29,1,2,12
2,29,1,4,0
2,29,1,6,0
2,29,1,7,0
2,29,2,0,0
2,29,2,1,0
2,29,2,2,0
2,29,2,5,12
2,29,2,6,0
2,29,2,7,0
2,29,3,0,0
2,29,3,1,0
2,29,3,3,21
2,29,3,4,12
2,29,3,6,12
2,29,3,7,0
2,29,4,1,0
2,29,4,2,0
2,29,4,3,41
2,29,4,4,41
2,29,4,5,12
2,29,4,6,0
2,29,5,0,0
2,29,5,1,0
2,29,5,2,0
2,29,5,3,0
2,29,5,5,0
2,29,5,6,0
2,29,5,7,0
2,29,6,0,0
2,29,6,1,0
2,29,6,2,0
2,29,6,3,33
2,29,6,4,0
2,29,7,0,0
2,29,7,4,0
2,29,7,5,0
2,29,7,6,0
2,29,7,7,0
3,29,0,1,0
3,29,0,2,0
3,29,0,3,12
3,29,0,5,0
3,29,0,6,0
3,29,1,4,12
3,29,1,7,12
3,29,2,1,12
3,29,2,4,21
3,29,2,5,21
3,29,2,6,0
3,29,2,7,0
3,29,3,1,0
3,29,3,3,12
3,29,3,7,12
3,29,4,0,0
3,29,4,2,0
3,29,4,6,0
3,29,5,0,0
3,29,5,1,0
3,29,5,4,0
3,29,5,6,0
3,29,6,0,0
3,29,6,2,0
3,29,6,5,66
3,29,6,6,0
3,29,6,7,0
3,29,7,0,0
3,29,7,1,0
3,29,7,2,0
3,29,7,3,0
3,29,7,4,0
3,29,7,5,0
3,29,7,6,12
3,29,7,7,0
4,29,0,1,0
4,29,0,6,12
4,29,0,7,0
4,29,1,0,0
4,29,1,1,0
4,29,1,2,12
4,29,1,3,0
4,29,1,5,12
4,29,1,6,33
4,29,2,1,0
4,29,2,2,0
4,29,2,3,12
4,29,2,6,21
4,29,3,0,0
4,29,3,1,33
4,29,3,2,12
4,29,3,3,0
4,29,3,4,0
4,29,3,6,0
4,29,3,7,0
4,29,4,1,0
4,29,4,2,0
4,29,4,3,12
4,29,4,7,0
4,29,5,2,0
4,29,5,3,0
4,29,5,4,0
4,29,5,7,12
4,29,6,0,0
4,29,6,1,0
4,29,6,3,0
4,29,6,4,21
4,29,6,7,0
4,29,7,2,0
4,29,7,5,0
5,29,0,2,128
5,29,0,3,54
5,29,0,6,12
5,29,0,7,66
5,29,1,0,0
5,29,1,2,41
5,29,1,3,86
5,29,1,4,33
5,29,2,4,21
5,29,2,5,66
5,29,2,6,12
5,29,2,7,54
5,29,3,1,0
5,29,3,6,33
5,29,4,0,0
5,29,4,1,0
5,29,4,3,12
5,29,4,5,33
5,29,5,0,0
5,29,5,1,0
5,29,5,2,0
5,29,5,3,0
5,29,5,4,54
5,29,5,5,54
5,29,5,6,0
5,29,6,1,0
5,29,6,2,0
5,29,6,3,0
5,29,6,5,21
5,29,6,6,41
5,29,7,0,0
5,29,7,2,0
5,29,7,3,0
5,29,7,5,0
5,29,7,7,0
6,29,0,1,21
6,29,0,2,309
6,29,0,6,128
6,29,0,7,181
6,29,1,2,280
6,29,1,7,375
6,29,2,0,0
6,29,2,3,214
6,29,2,4,214
6,29,2,7,161
6,29,3,1,21
6,29,3,2,21
6,29,3,3,309
6,29,3,5,86
6,29,3,7,41
6,29,4,0,0
6,29,4,1,0
6,29,4,2,0
6,29,4,3,128
6,29,4,5,95
6,29,5,1,0
6,29,5,2,0
6,29,5,3,0
6,29,5,4,66
6,29,6,0,0
6,29,6,1,0
6,29,6,2,0
6,29,6,6,33
6,29,6,7,0
6,29,7,0,0
6,29,7,1,0
6,29,7,2,0
6,29,7,3,0
6,29,7,4,0
6,29,7,5,0
6,29,7,7,33
7,29,0,2,0
7,29,0,4,0
7,29,0,6,0
7,29,0,7,0
7,29,1,1,0
7,29,1,3,0
7,29,1,4,0
7,29,1,5,0
7,29,1,6,0
7,29,2,3,0
7,29,3,1,0
7,29,3,2,0
7,29,3,3,0
7,29,3,4,0
7,29,4,0,0
7,29,4,1,0
7,29,4,2,0
7,29,4,4,0
7,29,5,1,0
7,29,5,2,0
7,29,5,4,0
7,29,5,7,0
7,29,6,2,0
7,29,6,3,0
7,29,6,4,0
7,29,6,5,0
7,29,6,6,0
7,29,6,7,0
7,29,7,0,0
7,29,7,1,0
7,29,7,2,0
7,29,7,5,0
8,29,0,1,0
8,29,0,3,0
8,29,0,4,0
8,29,0,7,0
8,29,1,0,0
8,29,1,1,0
8,29,1,2,0
8,29,1,3,12
8,29,1,5,0
8,29,1,6,0
8,29,1,7,0
8,29,2,0,0
8,29,2,1,0
8,29,2,4,0
8,29,2,5,0
8,29,2,7,0
8,29,3,1,0
8,29,3,3,0
8,29,3,4,0
8,29,3,6,0
8,29,4,0,0
8,29,4,2,0
8,29,4,7,0
8,29,5,1,0
8,29,5,3,0
8,29,5,6,0
8,29,5,7,0
8,29,6,1,0
8,29,6,3,0
8,29,6,4,0
8,29,6,6,0
8,29,6,7,0
8,29,7,1,0
8,29,7,5,0
8,29,7,6,0
8,29,7,7,0
9,29,0,0,12
9,29,0,1,0
9,29,0,5,235
9,29,0,6,54
9,29,1,0,0
9,29,1,2,342
9,29,1,3,119
9,29,1,5,268
9,29,1,6,66
9,29,2,0,0
9,29,2,2,74
9,29,2,3,181
9,29,2,4,342
9,29,2,7,181
9,29,3,1,33
9,29,3,3,74
9,29,3,4,140
9,29,3,5,128
9,29,4,0,0
9,29,4,1,0
9,29,4,2,0
9,29,4,3,41
9,29,4,4,74
9,29,4,5,107
9,29,4,6,41
9,29,4,7,86
9,29,5,0,0
9,29,5,2,0
9,29,5,4,12
9,29,5,5,41
9,29,5,6,33
9,29,6,2,0
9,29,6,4,0
9,29,6,7,0
9,29,7,1,0
9,29,7,3,0
9,29,7,4,21
9,29,7,5,0
10,29,0,0,0
10,29,0,4,0
10,29,1,1,0
10,29,1,5,0
10,29,1,7,0
10,29,2,0,0
10,29,2,1,0
10,29,2,2,0
10,29,2,7,0
10,29,3,2,0
10,29,3,5,0
10,29,3,6,0
10,29,3,7,0
10,29,4,1,0
10,29,4,2,0
10,29,4,3,0
10,29,4,6,0
10,29,4,7,0
10,29,5,0,0
10,29,5,5,0
10,29,5,7,0
10,29,6,1,0
10,29,6,3,0
10,29,6,4,0
10,29,6,5,0
10,29,6,6,0
10,29,6,7,0
10,29,7,0,0
10,29,7,1,0
10,29,7,2,0
10,29,7,6,0
10,29,7,7,0
11,29,0,0,0
11,29,0,1,0
11,29,0,4,0
11,29,0,6,0
11,29,0,7,0
11,29,1,0,0
11,29,1,2,0
11,29,1,3,0
11,29,1,4,0
11,29,1,7,0
11,29,2,1,0
11,29,2,2,0
11,29,2,3,12
11,29,3,2,0
11,29,3,3,0
11,29,3,7,0
11,29,4,0,0
11,29,4,1,0
11,29,4,3,0
11,29,4,5,0
11,29,4,7,0
11,29,5,0,0
11,29,5,1,0
11,29,5,2,0
11,29,5,3,0
11,29,5,5,0
11,29,5,6,0
11,29,6,0,0
11,29,6,1,0
11,29,6,3,0
11,29,6,4,0
11,29,6,5,0
11,29,6,6,0
11,29,6,7,0
11,29,7,0,0
11,29,7,1,0
11,29,7,3,0
11,29,7,4,0
11,29,7,5,0
11,29,7,6,0
12,29,0,0,0
12,29,0,3,0
12,29,0,5,0
12,29,0,7,0
12,29,1,1,0
12,29,1,3,12
12,29,1,4,0
12,29,2,0,0
12,29,2,4,0
12,29,2,6,0
12,29,2,7,12
12,29,3,2,0
12,29,3,3,0
12,29,3,4,12
12,29,3,5,0
12,29,4,0,0
12,29,4,1,0
12,29,4,2,0
12,29,4,3,0
12,29,4,6,0
12,29,4,7,0
12,29,5,0,0
12,29,5,1,0
12,29,5,2,0
12,29,5,5,0
12,29,6,0,0
12,29,6,1,0
12,29,6,2,0
12,29,6,3,0
12,29,6,4,0
12,29,7,0,0
12,29,7,6,0
12,29,7,7,0
13,29,0,0,0
13,29,0,1,0
13,29,0,2,0
13,29,0,3,0
13,29,0,4,0
13,29,0,5,0
13,29,0,6,0
13,29,1,2,0
13,29,1,3,0
13,29,1,5,0
13,29,1,7,0
13,29,2,0,0
13,29,2,4,0
13,29,2,7,0
13,29,3,0,0
13,29,3,1,0
13,29,3,2,0
13,29,3,4,0
13,29,3,6,0
13,29,3,7,0
13,29,4,0,0
13,29,4,1,0
13,29,4,2,0
13,29,4,3,0
13,29,4,4,0
13,29,5,3,0
13,29,5,5,0
13,29,5,6,0
13,29,6,0,0
13,29,6,2,0
13,29,6,5,0
13,29,6,6,0
13,29,7,0,0
13,29,7,3,0
13,29,7,4,0
13,29,7,5,0
13,29,7,6,0
13,29,7,7,0
14,29,0,0,41
14,29,0,2,321
14,29,0,3,523
14,29,0,7,247
14,29,1,0,0
14,29,1,4,95
14,29,1,5,288
14,29,1,6,214
14,29,1,7,342
14,29,2,2,107
14,29,2,3,375
14,29,2,4,300
14,29,2,5,235
14,29,2,6,247
14,29,3,0,0
14,29,3,1,140
14,29,3,2,107
14,29,3,3,202
14,29,3,5,214
14,29,3,6,247
14,29,3,7,107
14,29,4,0,0
14,29,4,1,12
14,29,4,3,95
14,29,4,4,140
14,29,4,5,255
14,29,4,6,41
14,29,4,7,41
14,29,5,3,21
14,29,5,4,33
14,29,5,6,54
14,29,6,0,0
14,29,6,1,0
14,29,6,2,0
14,29,6,3,0
14,29,6,6,33
14,29,7,0,0
14,29,7,2,0
14,29,7,6,12
14,29,7,7,21
15,29,0,0,21
15,29,0,1,12
15,29,0,3,247
15,29,0,4,119
15,29,0,5,181
15,29,0,6,214
15,29,1,0,0
15,29,1,5,214
15,29,2,0,0
15,29,2,2,74
15,29,2,3,66
15,29,2,4,226
15,29,3,0,0
15,29,3,1,12
15,29,3,5,255
15,29,3,7,86
15,29,4,5,95
15,29,4,6,107
15,29,4,7,54
15,29,5,0,0
15,29,5,2,54
15,29,5,7,54
15,29,6,0,0
15,29,6,1,0
15,29,6,2,0
15,29,6,3,202
15,29,6,4,12
15,29,6,5,95
15,29,7,1,0
15,29,7,3,12
15,29,7,4,21
15,29,7,5,21
15,29,7,6,21
16,29,0,2,86
16,29,0,3,202
16,29,0,7,235
16,29,1,0,12
16,29,1,1,21
16,29,1,2,66
16,29,1,3,193
16,29,1,4,128
16,29,1,5,202
16,29,1,6,226
16,29,1,7,148
16,29,2,1,0
16,29,2,3,148
16,29,2,4,140
16,29,2,5,193
16,29,2,6,309
16,29,3,0,0
16,29,3,3,128
16,29,3,4,119
16,29,4,3,33
16,29,4,4,173
16,29,4,6,148
16,29,4,7,66
16,29,5,0,0
16,29,5,1,0
16,29,5,3,12
16,29,5,4,21
16,29,5,5,21
16,29,5,6,41
16,29,5,7,41
16,29,6,1,0
16,29,6,2,12
16,29,6,7,74
16,29,7,0,0
16,29,7,4,12
16,29,7,5,0
16,29,7,6,21
16,29,7,7,0
17,29,0,0,0
17,29,0,3,134
17,29,0,4,69
17,29,0,5,203
17,29,0,6,350
17,29,0,7,380
17,29,1,0,0
17,29,1,2,125
17,29,1,4,22
17,29,2,0,22
17,29,2,2,43
17,29,2,3,182
17,29,2,4,303
17,29,2,7,147
17,29,3,0,0
17,29,3,1,69
17,29,3,2,0
17,29,3,3,78
17,29,3,4,350
17,29,3,5,182
17,29,3,6,350
17,29,3,7,134
17,29,4,0,0
17,29,4,1,56
17,29,4,3,22
17,29,4,5,69
17,29,4,6,99
17,29,5,1,0
17,29,5,5,99
17,29,5,6,125
17,29,6,1,0
17,29,6,2,0
17,29,6,3,0
17,29,6,4,69
17,29,6,5,22
17,29,7,1,0
17,29,7,2,0
17,29,7,4,22
17,29,7,5,22
17,29,7,6,43
17,29,7,7,13
18,29,0,0,35
18,29,0,2,78
18,29,1,0,0
18,29,1,1,13
18,29,1,7,125
18,29,2,0,0
18,29,2,1,0
18,29,2,2,125
18,29,2,5,259
18,29,2,6,428
18,29,3,3,78
18,29,3,4,112
18,29,3,6,372
18,29,3,7,471
18,29,4,2,0
18,29,4,3,99
18,29,4,4,43
18,29,4,5,112
18,29,4,6,316
18,29,4,7,99
18,29,5,1,69
18,29,5,3,69
18,29,5,5,125
18,29,5,7,99
18,29,6,0,0
18,29,6,1,0
18,29,6,2,13
18,29,6,4,0
18,29,7,0,0
18,29,7,2,0
18,29,7,4,0
18,29,7,7,35
19,29,0,3,91
19,29,1,0,22
19,29,1,1,0
19,29,1,2,112
19,29,1,4,69
19,29,1,5,169
19,29,1,7,337
19,29,2,0,0
19,29,2,1,0
19,29,2,2,147
19,29,2,5,246
19,29,2,6,596
19,29,2,7,99
19,29,3,1,22
19,29,3,2,0
19,29,3,5,415
19,29,3,7,112
19,29,4,0,0
19,29,4,4,43
19,29,4,6,246
19,29,4,7,212
19,29,5,2,35
19,29,5,4,56
19,29,5,6,78
19,29,6,4,69
19,29,6,5,43
19,29,6,6,112
19,29,6,7,99
19,29,7,0,0
19,29,7,2,0
19,29,7,3,0
19,29,7,4,35
19,29,7,6,35
20,29,0,0,43
20,29,0,1,0
20,29,0,3,246
20,29,0,4,203
20,29,0,5,540
20,29,0,7,281
20,29,1,0,0
20,29,1,2,246
20,29,1,3,182
20,29,1,4,35
20,29,1,6,324
20,29,1,7,212
20,29,2,0,0
20,29,2,2,91
20,29,2,4,169
20,29,2,6,687
20,29,3,0,0
20,29,3,2,13
20,29,3,3,99
20,29,3,4,99
20,29,3,5,462
20,29,4,2,0
20,29,4,3,156
20,29,4,4,78
20,29,4,6,808
20,29,5,1,0
20,29,5,2,43
20,29,5,3,22
20,29,5,4,69
20,29,5,5,112
20,29,5,6,294
20,29,5,7,35
20,29,6,1,0
20,29,6,2,0
20,29,6,3,22
20,29,6,4,13
20,29,6,5,35
20,29,6,6,147
20,29,7,0,0
20,29,7,2,0
20,29,7,3,0
20,29,7,5,22
20,29,7,6,43
20,29,7,7,13
21,29,0,0,56
21,29,0,1,0
21,29,0,5,864
21,29,0,7,238
21,29,1,1,22
21,29,1,2,156
21,29,1,3,203
21,29,1,4,125
21,29,1,6,640
21,29,2,0,0
21,29,2,1,0
21,29,2,2,78
21,29,2,4,337
21,29,2,5,1137
21,29,2,6,2036
21,29,2,7,134
21,29,3,0,0
21,29,3,1,35
21,29,3,7,99
21,29,4,2,0
21,29,4,3,56
21,29,4,4,56
21,29,4,6,899
21,29,4,7,147
21,29,5,3,22
21,29,5,5,618
21,29,5,7,147
21,29,6,0,0
21,29,6,1,0
21,29,6,3,22
21,29,6,7,43
21,29,7,0,0
21,29,7,1,0
21,29,7,3,0
21,29,7,6,13
22,29,0,0,35
22,29,0,2,99
22,29,0,4,294
22,29,0,5,990
22,29,0,6,1474
22,29,0,7,787
22,29,1,0,0
22,29,1,2,56
22,29,1,5,1102
22,29,1,7,268
22,29,2,0,0
22,29,2,4,238
22,29,2,5,1370
22,29,2,6,3216
22,29,2,7,169
22,29,3,1,22
22,29,3,2,13
22,29,3,3,190
22,29,3,4,238
22,29,3,5,1664
22,29,3,6,2092
22,29,3,7,134
22,29,4,0,0
22,29,4,2,0
22,29,4,4,99
22,29,4,5,540
22,29,4,6,1370
22,29,5,0,0
22,29,5,2,35
22,29,5,4,35
22,29,5,6,212
22,29,6,1,0
22,29,6,3,13
22,29,6,6,134
22,29,7,0,0
22,29,7,1,0
22,29,7,4,0
22,29,7,5,35
22,29,7,7,0
23,29,0,0,22
23,29,0,4,268
23,29,0,5,506
23,29,1,1,22
23,29,1,2,259
23,29,1,3,169
23,29,1,4,182
23,29,1,5,575
23,29,1,6,1854
23,29,2,0,0
23,29,2,3,303
23,29,2,4,69
23,29,2,5,618
23,29,2,6,2036
23,29,3,0,0
23,29,3,2,22
23,29,3,4,169
23,29,3,6,1068
23,29,3,7,112
23,29,4,1,13
23,29,4,2,0
23,29,4,5,730
23,29,4,7,169
23,29,5,0,0
23,29,5,1,0
23,29,5,2,0
23,29,5,3,22
23,29,5,6,471
23,29,5,7,22
23,29,6,1,0
23,29,6,2,0
23,29,6,3,22
23,29,6,4,13
23,29,6,7,22
23,29,7,3,0
23,29,7,4,0
0,30,0,0,35
0,30,0,1,35
0,30,0,2,56
0,30,0,3,69
0,30,0,7,359
0,30,1,0,0
0,30,1,3,112
0,30,1,4,225
0,30,1,6,653
0,30,1,7,225
0,30,2,1,13
0,30,2,3,56
0,30,2,4,112
0,30,2,5,527
0,30,2,7,134
0,30,3,0,0
0,30,3,2,43
0,30,3,4,212
0,30,4,3,203
0,30,4,4,56
0,30,4,5,246
0,30,4,6,225
0,30,4,7,35
0,30,5,0,0
0,30,5,2,0
0,30,5,3,13
0,30,5,4,78
0,30,6,1,0
0,30,6,4,56
0,30,6,5,35
0,30,6,7,22
0,30,7,0,0
0,30,7,4,13
0,30,7,5,22
0,30,7,6,22
1,30,0,0,22
1,30,0,1,22
1,30,0,3,169
1,30,1,0,13
1,30,1,1,0
1,30,1,5,190
1,30,1,7,203
1,30,2,1,13
1,30,2,3,125
1,30,2,5,212
1,30,3,1,0
1,30,3,3,22
1,30,3,4,91
1,30,4,1,0
1,30,4,3,225
1,30,4,7,56
1,30,5,0,0
1,30,5,1,0
1,30,5,2,0
1,30,5,3,35
1,30,5,5,112
1,30,5,6,91
1,30,6,2,13
1,30,6,4,0
1,30,7,0,0
1,30,7,3,0
1,30,7,5,22
1,30,7,6,0
2,30,1,1,13
2,30,1,3,212
2,30,1,4,78
2,30,1,5,99
2,30,1,6,78
2,30,1,7,156
2,30,2,1,0
2,30,2,2,69
2,30,2,3,246
2,30,2,4,112
2,30,2,5,259
2,30,3,1,35
2,30,3,2,0
2,30,3,3,112
2,30,3,4,134
2,30,3,5,259
2,30,3,6,281
2,30,3,7,22
2,30,4,0,0
2,30,4,1,13
2,30,4,2,0
2,30,4,3,35
2,30,4,4,56
2,30,4,5,134
2,30,4,6,112
2,30,4,7,35
2,30,5,0,0
2,30,5,1,0
2,30,5,3,0
2,30,5,6,99
2,30,5,7,43
2,30,6,0,0
2,30,6,1,0
2,30,6,3,0
2,30,6,5,13
2,30,6,6,22
2,30,7,0,0
2,30,7,1,0
2,30,7,4,0
2,30,7,7,35
3,30,0,0,13
3,30,0,3,134
3,30,0,6,134
3,30,0,7,99
3,30,1,0,0
3,30,1,2,69
3,30,1,5,56
3,30,1,6,69
3,30,1,7,156
3,30,2,1,13
3,30,2,2,0
3,30,2,3,78
3,30,2,4,147
3,30,2,6,91
3,30,2,7,69
3,30,3,1,0
3,30,3,5,212
3,30,3,6,303
3,30,4,0,0
3,30,4,1,22
3,30,4,3,156
3,30,4,4,69
3,30,4,5,91
3,30,4,6,56
3,30,5,0,0
3,30,5,1,0
3,30,5,3,0
3,30,5,4,22
3,30,5,5,43
3,30,5,6,43
3,30,6,2,0
3,30,6,4,35
3,30,6,6,0
3,30,6,7,22
3,30,7,2,0
3,30,7,7,0
4,30,0,0,35
4,30,0,1,0
4,30,0,2,91
4,30,0,4,35
4,30,0,5,35
4,30,0,6,56
4,30,0,7,125
4,30,1,0,0
4,30,1,1,0
4,30,1,2,56
4,30,1,3,99
4,30,1,4,56
4,30,1,6,43
4,30,2,5,91
4,30,2,6,203
4,30,2,7,69
4,30,3,0,0
4,30,3,2,13
4,30,3,4,78
4,30,3,7,56
4,30,4,0,0
4,30,4,1,0
4,30,4,2,13
4,30,4,4,22
4,30,4,6,13
4,30,4,7,22
4,30,5,1,13
4,30,5,2,0
4,30,5,4,13
4,30,5,6,112
4,30,5,7,35
4,30,6,3,0
4,30,6,4,0
4,30,6,5,78
4,30,6,6,13
4,30,7,4,13
4,30,7,6,13
4,30,7,7,13
5,30,0,0,0
5,30,0,1,13
5,30,0,2,22
5,30,0,5,35
5,30,1,0,0
5,30,1,1,13
5,30,1,2,13
5,30,1,4,13
5,30,1,5,56
5,30,1,6,43
5,30,2,1,0
5,30,2,3,0
5,30,2,5,56
5,30,2,6,91
5,30,3,3,22
5,30,3,6,78
5,30,4,2,0
5,30,4,5,99
5,30,4,6,22
5,30,4,7,43
5,30,5,3,0
5,30,5,4,0
5,30,5,7,22
5,30,6,0,0
5,30,6,1,0
5,30,6,2,0
5,30,6,4,22
5,30,6,7,13
5,30,7,0,0
5,30,7,2,0
5,30,7,4,0
5,30,7,5,0
5,30,7,6,0
6,30,0,2,13
6,30,0,3,22
6,30,0,4,13
6,30,0,5,13
6,30,0,6,13
6,30,1,0,0
6,30,1,2,0
6,30,1,4,22
6,30,1,5,0
6,30,2,2,0
6,30,2,6,35
6,30,3,0,0
6,30,3,1,0
6,30,3,4,0
6,30,3,6,22
6,30,4,6,35
6,30,4,7,0
6,30,5,0,0
6,30,5,2,0
6,30,5,3,0
6,30,5,4,13
6,30,5,5,43
6,30,5,6,0
6,30,6,0,0
6,30,6,1,0
6,30,6,2,0
6,30,6,3,13
6,30,6,4,0
6,30,7,0,0
6,30,7,1,0
6,30,7,2,0
6,30,7,3,0
6,30,7,4,0
6,30,7,7,0
7,30,0,1,0
7,30,0,2,13
7,30,0,4,0
7,30,0,5,0
7,30,0,7,99
7,30,1,2,0
7,30,1,5,22
7,30,1,6,13
7,30,1,7,22
7,30,2,1,0
7,30,2,2,0
7,30,2,3,13
7,30,2,6,13
7,30,3,0,0
7,30,3,1,0
7,30,3,3,13
7,30,3,4,0
7,30,3,6,13
7,30,3,7,43
7,30,4,0,0
7,30,4,2,0
7,30,4,3,22
7,30,4,4,22
7,30,4,5,0
7,30,4,7,0
7,30,5,0,0
7,30,5,1,0
7,30,5,2,0
7,30,5,3,0
7,30,5,5,13
7,30,6,0,0
7,30,6,1,0
7,30,6,2,0
7,30,6,3,0
7,30,6,4,13
7,30,6,5,13
7,30,6,6,0
7,30,7,1,0
7,30,7,2,0
7,30,7,3,22
7,30,7,5,0
8,30,0,3,0
8,30,0,4,13
8,30,0,7,13
8,30,1,0,0
8,30,1,1,0
8,30,1,3,0
8,30,1,4,0
8,30,1,6,0
8,30,1,7,13
8,30,2,0,0
8,30,2,2,0
8,30,2,5,0
8,30,2,6,22
8,30,2,7,13
8,30,3,2,0
8,30,3,3,0
8,30,3,5,0
8,30,3,6,0
8,30,3,7,13
8,30,4,0,0
8,30,4,1,0
8,30,4,3,0
8,30,4,4,0
8,30,4,5,0
8,30,4,6,0
8,30,4,7,0
8,30,5,0,0
8,30,5,4,0
8,30,5,5,22
8,30,5,6,0
8,30,5,7,0
8,30,6,0,0
8,30,6,1,0
8,30,6,3,0
8,30,6,4,0
8,30,6,5,13
8,30,7,0,0
8,30,7,1,0
8,30,7,2,0
8,30,7,3,0
8,30,7,4,0
8,30,7,5,0
8,30,7,6,13
8,30,7,7,0
9,30,0,0,0
9,30,0,1,13
9,30,0,2,0
9,30,0,4,43
9,30,0,5,13
9,30,1,0,0
9,30,1,4,0
9,30,2,3,13
9,30,2,4,0
9,30,3,2,0
9,30,3,4,0
9,30,3,5,0
9,30,3,6,0
9,30,4,0,0
9,30,4,1,0
9,30,4,2,0
9,30,4,3,13
9,30,4,4,13
9,30,5,1,0
9,30,5,2,0
9,30,5,4,0
9,30,5,5,0
9,30,5,7,0
9,30,6,2,0
9,30,6,3,0
9,30,6,4,0
9,30,6,5,56
9,30,7,1,0
9,30,7,2,0
9,30,7,3,0
9,30,7,4,0
9,30,7,5,0
9,30,7,7,0
10,30,0,0,0
10,30,0,1,0
10,30,0,3,13
10,30,0,5,22
10,30,0,6,0
10,30,0,7,22
10,30,1,0,0
10,30,1,1,0
10,30,1,2,0
10,30,1,3,13
10,30,1,5,22
10,30,2,0,0
10,30,2,1,0
10,30,2,2,0
10,30,2,3,22
10,30,2,4,0
10,30,2,6,13
10,30,2,7,13
10,30,3,0,0
10,30,3,5,13
10,30,3,6,22
10,30,4,1,0
10,30,4,2,0
10,30,4,3,0
10,30,4,5,22
10,30,4,6,0
10,30,4,7,0
10,30,5,4,0
10,30,5,5,22
10,30,5,7,0
10,30,6,0,0
10,30,6,2,0
10,30,7,0,0
10,30,7,1,0
10,30,7,3,0
10,30,7,4,0
10,30,7,5,13
11,30,0,0,22
11,30,0,1,0
11,30,0,4,22
11,30,0,5,0
11,30,0,6,22
11,30,0,7,35
11,30,1,0,0
11,30,1,1,0
11,30,1,3,0
11,30,1,5,56
11,30,1,7,0
11,30,2,1,0
11,30,2,3,91
11,30,2,4,69
11,30,2,6,91
11,30,3,1,22
11,30,3,2,22
11,30,3,4,56
11,30,3,5,43
11,30,4,1,22
11,30,4,2,0
11,30,4,4,69
11,30,4,5,78
11,30,4,6,69
11,30,4,7,112
11,30,5,2,0
11,30,5,4,35
11,30,5,6,0
11,30,6,0,0
11,30,6,6,13
11,30,7,0,0
11,30,7,4,0
11,30,7,5,0
11,30,7,6,0
11,30,7,7,13
12,30,0,0,43
12,30,0,3,99
12,30,0,4,156
12,30,0,5,134
12,30,1,1,13
12,30,1,3,303
12,30,1,4,238
12,30,1,6,583
12,30,1,7,324
12,30,2,0,0
12,30,2,2,134
12,30,2,3,169
12,30,2,5,156
12,30,2,6,203
12,30,3,0,0
12,30,3,2,35
12,30,3,6,56
12,30,4,0,0
12,30,4,3,91
12,30,4,5,393
12,30,4,6,35
12,30,5,0,0
12,30,5,1,0
12,30,5,2,13
12,30,5,4,69
12,30,5,5,35
12,30,5,6,22
12,30,6,0,0
12,30,6,1,0
12,30,6,2,0
12,30,6,3,0
12,30,6,4,22
12,30,6,5,22
12,30,6,7,22
12,30,7,1,0
12,30,7,2,0
12,30,7,3,0
12,30,7,5,13
12,30,7,6,0
13,30,0,0,43
13,30,0,2,69
13,30,0,4,112
13,30,0,7,190
13,30,1,0,0
13,30,1,1,0
13,30,1,2,69
13,30,1,4,182
13,30,1,5,428
13,30,1,6,56
13,30,1,7,203
13,30,2,0,0
13,30,2,1,0
13,30,2,3,281
13,30,2,4,406
13,30,2,5,294
13,30,3,1,0
13,30,3,2,13
13,30,3,3,78
13,30,3,4,268
13,30,3,5,156
13,30,3,6,147
13,30,3,7,190
13,30,4,2,0
13,30,4,3,0
13,30,4,4,78
13,30,4,5,156
13,30,4,7,78
13,30,5,1,0
13,30,5,5,78
13,30,5,7,35
13,30,6,0,0
13,30,6,1,0
13,30,6,3,35
13,30,6,5,125
13,30,6,6,13
13,30,6,7,22
13,30,7,0,0
13,30,7,2,13
13,30,7,3,56
13,30,7,4,22
13,30,7,5,13
14,30,0,1,0
14,30,0,3,203
14,30,0,4,190
14,30,0,5,190
14,30,1,1,0
14,30,1,3,212
14,30,1,4,35
14,30,2,3,91
14,30,2,5,268
14,30,2,7,156
14,30,3,0,0
14,30,3,2,22
14,30,3,3,156
14,30,3,5,324
14,30,3,6,190
14,30,4,2,0
14,30,4,6,99
14,30,4,7,35
14,30,5,0,0
14,30,5,1,0
14,30,5,2,0
14,30,5,4,13
14,30,5,5,134
14,30,5,6,182
14,30,5,7,43
14,30,6,0,0
14,30,6,1,0
14,30,6,2,0
14,30,6,4,22
14,30,6,5,43
14,30,7,1,0
14,30,7,2,0
14,30,7,3,0
14,30,7,4,22
15,30,0,2,69
15,30,0,5,134
15,30,0,7,246
15,30,1,2,69
15,30,1,3,212
15,30,1,4,91
15,30,1,5,372
15,30,1,6,225
15,30,2,1,22
15,30,2,2,78
15,30,2,5,203
15,30,3,0,13
15,30,3,1,22
15,30,3,4,350
15,30,4,0,0
15,30,4,1,43
15,30,4,4,134
15,30,4,5,134
15,30,5,1,0
15,30,5,2,0
15,30,5,3,43
15,30,5,6,43
15,30,6,0,0
15,30,6,1,13
15,30,6,3,22
15,30,6,5,13
15,30,6,6,35
15,30,6,7,35
15,30,7,1,0
15,30,7,3,0
15,30,7,4,0
15,30,7,5,0
15,30,7,6,0
15,30,7,7,13
16,30,0,0,69
16,30,0,1,35
16,30,0,3,350
16,30,0,4,182
16,30,0,5,225
16,30,1,4,22
16,30,1,5,225
16,30,1,6,125
16,30,1,7,212
16,30,2,0,0
16,30,2,1,0
16,30,2,2,147
16,30,2,3,303
16,30,2,7,125
16,30,3,0,0
16,30,3,2,56
16,30,3,3,156
16,30,3,5,268
16,30,3,6,268
16,30,3,7,91
16,30,4,0,0
16,30,4,2,0
16,30,4,6,259
16,30,4,7,112
16,30,5,1,0
16,30,5,3,22
16,30,5,5,112
16,30,5,7,169
16,30,6,0,0
16,30,6,1,0
16,30,6,2,0
16,30,6,3,0
16,30,6,4,13
16,30,6,5,0
16,30,6,7,35
16,30,7,0,0
16,30,7,1,0
16,30,7,2,0
16,30,7,3,0
16,30,7,6,35
17,30,0,0,23
17,30,0,1,45
17,30,0,2,45
17,30,0,3,281
17,30,0,4,413
17,30,0,5,281
17,30,0,6,295
17,30,1,1,0
17,30,1,3,200
17,30,1,6,200
17,30,1,7,132
17,30,2,1,23
17,30,2,2,259
17,30,2,3,95
17,30,2,5,340
17,30,2,6,472
17,30,2,7,95
17,30,3,0,14
17,30,3,4,200
17,30,3,5,354
17,30,3,7,73
17,30,4,0,0
17,30,4,1,36
17,30,4,2,0
17,30,4,3,177
17,30,4,4,73
17,30,4,5,141
17,30,4,7,222
17,30,5,1,0
17,30,5,2,0
17,30,5,3,14
17,30,5,4,95
17,30,5,5,118
17,30,5,6,104
17,30,5,7,163
17,30,6,0,0
17,30,6,1,0
17,30,6,2,36
17,30,6,3,23
17,30,6,6,104
17,30,7,0,0
17,30,7,2,0
17,30,7,6,23
18,30,0,0,14
18,30,0,1,73
18,30,0,2,59
18,30,0,3,222
18,30,0,4,118
18,30,1,1,0
18,30,1,2,82
18,30,1,3,141
18,30,1,6,340
18,30,1,7,141
18,30,2,2,82
18,30,2,3,200
18,30,2,4,259
18,30,2,5,309
18,30,2,7,82
18,30,3,2,14
18,30,3,6,427
18,30,4,0,23
18,30,4,1,236
18,30,4,3,236
18,30,4,4,45
18,30,4,5,222
18,30,4,6,472
18,30,5,0,0
18,30,5,1,0
18,30,5,4,14
18,30,5,6,104
18,30,6,0,0
18,30,6,1,0
18,30,6,2,0
18,30,6,5,104
18,30,6,6,132
18,30,7,0,0
18,30,7,2,0
18,30,7,3,59
18,30,7,4,14
18,30,7,6,14
18,30,7,7,23
19,30,0,2,118
19,30,0,3,213
19,30,0,4,390
19,30,0,7,390
19,30,1,0,0
19,30,1,2,309
19,30,1,3,368
19,30,1,4,59
19,30,1,6,390
19,30,2,0,36
19,30,2,1,0
19,30,2,2,82
19,30,2,3,213
19,30,2,5,613
19,30,2,7,191
19,30,3,0,0
19,30,3,1,36
19,30,3,2,82
19,30,3,4,200
19,30,3,5,1311
19,30,4,1,14
19,30,4,3,45
19,30,4,6,849
19,30,5,1,23
19,30,5,2,281
19,30,5,3,14
19,30,5,4,59
19,30,5,5,517
19,30,5,6,921
19,30,5,7,222
19,30,6,1,0
19,30,6,3,0
19,30,6,6,45
19,30,7,1,0
19,30,7,3,0
19,30,7,4,73
19,30,7,7,36
20,30,0,2,132
20,30,0,3,309
20,30,0,4,309
20,30,0,5,812
20,30,0,6,1688
20,30,0,7,790
20,30,1,1,0
20,30,1,2,163
20,30,1,4,104
20,30,1,5,731
20,30,1,6,1983
20,30,2,0,0
20,30,2,1,0
20,30,2,2,82
20,30,2,3,250
20,30,2,4,250
20,30,2,5,1711
20,30,2,6,3208
20,30,2,7,141
20,30,3,1,0
20,30,3,2,36
20,30,3,3,191
20,30,3,4,281
20,30,3,6,3812
20,30,3,7,354
20,30,4,1,82
20,30,4,5,1076
20,30,4,7,531
20,30,5,0,0
20,30,5,2,14
20,30,5,4,59
20,30,5,7,132
20,30,6,0,0
20,30,6,2,0
20,30,6,3,59
20,30,6,4,0
20,30,6,5,59
20,30,6,6,141
20,30,6,7,23
20,30,7,2,0
20,30,7,3,14
20,30,7,4,14
20,30,7,5,309
20,30,7,6,0
21,30,0,1,23
21,30,0,2,236
21,30,0,3,272
21,30,0,4,272
21,30,0,7,590
21,30,1,3,200
21,30,1,5,1017
21,30,1,6,2573
21,30,1,7,436
21,30,2,0,14
21,30,2,1,14
21,30,2,3,309
21,30,2,5,930
21,30,2,6,3717
21,30,2,7,354
21,30,3,1,36
21,30,3,2,36
21,30,3,4,368
21,30,3,5,2773
21,30,3,6,2618
21,30,4,0,0
21,30,4,1,95
21,30,4,4,213
21,30,4,5,708
21,30,4,7,567
21,30,5,1,0
21,30,5,2,0
21,30,5,3,45
21,30,5,4,36
21,30,5,5,508
21,30,5,6,309
21,30,6,0,0
21,30,6,3,73
21,30,6,4,45
21,30,6,6,0
21,30,6,7,36
21,30,7,0,0
21,30,7,3,14
21,30,7,5,23
21,30,7,6,163
21,30,7,7,14
22,30,0,0,95
22,30,0,5,1461
22,30,0,6,3031
22,30,0,7,731
22,30,1,4,259
22,30,2,0,0
22,30,2,1,23
22,30,2,4,272
22,30,2,6,4175
22,30,2,7,613
22,30,3,0,0
22,30,3,2,59
22,30,3,5,2051
22,30,3,6,2795
22,30,3,7,590
22,30,4,0,0
22,30,4,2,0
22,30,4,6,1039
22,30,4,7,200
22,30,5,0,0
22,30,5,1,14
22,30,5,2,14
22,30,5,3,23
22,30,5,6,458
22,30,5,7,250
22,30,6,0,0
22,30,6,1,0
22,30,6,5,213
22,30,7,3,36
22,30,7,4,23
22,30,7,6,45
22,30,7,7,14
23,30,0,1,59
23,30,0,2,368
23,30,0,3,826
23,30,0,4,1194
23,30,0,5,1992
23,30,0,7,2137
23,30,1,0,0
23,30,1,1,36
23,30,1,2,250
23,30,1,3,930
23,30,1,4,486
23,30,1,5,1606
23,30,1,7,2500
23,30,2,0,0
23,30,2,1,23
23,30,2,2,635
23,30,2,5,3503
23,30,2,6,7374
23,30,2,7,1402
23,30,3,0,0
23,30,3,1,95
23,30,3,4,399
23,30,3,5,5332
23,30,3,7,1194
23,30,4,1,141
23,30,4,2,0
23,30,4,5,2146
23,30,4,6,2441
23,30,4,7,554
23,30,5,0,0
23,30,5,1,0
23,30,5,5,849
23,30,5,6,554
23,30,6,0,0
23,30,6,1,0
23,30,6,2,0
23,30,6,4,163
23,30,6,5,281
23,30,6,6,259
23,30,6,7,213
23,30,7,0,0
23,30,7,1,0
23,30,7,5,23
23,30,7,6,23
23,30,7,7,45
0,31,0,0,250
0,31,0,1,45
0,31,0,2,458
0,31,1,1,14
0,31,1,3,1216
0,31,1,5,1629
0,31,1,6,2346
0,31,2,0,0
0,31,2,2,1298
0,31,2,5,2360
0,31,2,6,3540
0,31,3,1,36
0,31,3,2,132
0,31,3,4,1107
0,31,3,5,5205
0,31,3,7,626
0,31,4,3,1402
0,31,4,5,2382
0,31,4,6,2242
0,31,5,5,826
0,31,5,6,767
0,31,6,2,14
0,31,6,3,82
0,31,6,6,0
0,31,6,7,413
0,31,7,0,0
0,31,7,1,0
0,31,7,2,0
0,31,7,4,95
0,31,7,6,95
1,31,0,0,59
1,31,0,2,331
1,31,0,3,899
1,31,0,5,1062
1,31,1,0,45
1,31,1,1,0
1,31,1,2,259
1,31,1,3,781
1,31,1,6,1675
1,31,1,7,1711
1,31,2,0,0
1,31,2,2,731
1,31,2,3,744
1,31,2,4,1048
1,31,2,5,1688
1,31,2,6,3208
1,31,2,7,2550
1,31,3,0,0
1,31,3,1,73
1,31,3,2,200
1,31,3,5,3717
1,31,4,0,0
1,31,4,1,132
1,31,4,2,0
1,31,4,3,472
1,31,4,4,663
1,31,4,5,2019
1,31,4,6,1003
1,31,4,7,576
1,31,5,1,163
1,31,5,4,191
1,31,5,5,1003
1,31,5,6,368
1,31,6,0,0
1,31,6,1,0
1,31,6,3,23
1,31,6,5,177
1,31,6,6,200
1,31,6,7,449
1,31,7,0,0
2,31,0,1,0
2,31,0,2,82
2,31,0,3,104
2,31,0,4,191
2,31,0,5,259
2,31,0,6,531
2,31,1,0,0
2,31,1,4,236
2,31,1,6,340
2,31,1,7,318
2,31,2,0,0
2,31,2,1,14
2,31,2,6,1262
2,31,3,2,59
2,31,3,3,141
2,31,3,6,1144
2,31,3,7,236
2,31,4,0,0
2,31,4,2,0
2,31,4,4,132
2,31,4,6,177
2,31,4,7,118
2,31,5,0,0
2,31,5,3,59
2,31,5,4,45
2,31,5,5,250
2,31,6,1,14
2,31,6,6,45
2,31,7,0,0
2,31,7,1,0
2,31,7,2,0
2,31,7,4,118
2,31,7,7,23
3,31,0,0,36
3,31,0,6,132
3,31,1,0,14
3,31,1,1,0
3,31,1,3,295
3,31,1,4,154
3,31,1,6,82
3,31,2,0,0
3,31,2,1,23
3,31,2,2,14
3,31,2,3,104
3,31,3,1,45
3,31,3,2,95
3,31,3,3,59
3,31,3,5,399
3,31,3,6,399
3,31,4,0,0
3,31,4,1,36
3,31,4,3,213
3,31,4,4,141
3,31,4,7,82
3,31,5,0,0
3,31,5,1,0
3,31,5,3,36
3,31,5,5,45
3,31,6,1,0
3,31,6,2,0
3,31,6,3,73
3,31,6,5,14
3,31,7,1,0
3,31,7,2,0
3,31,7,3,14
3,31,7,4,36
3,31,7,5,45
3,31,7,7,23
4,31,0,6,191
4,31,1,0,14
4,31,1,3,141
4,31,1,5,154
4,31,1,6,82
4,31,1,7,200
4,31,2,2,154
4,31,2,3,222
4,31,2,5,250
4,31,2,6,222
4,31,2,7,154
4,31,3,0,0
4,31,3,1,82
4,31,3,2,82
4,31,3,5,590
4,31,3,7,132
4,31,4,5,340
4,31,4,6,82
4,31,5,1,23
4,31,5,2,14
4,31,5,3,82
4,31,5,4,118
4,31,5,5,368
4,31,5,6,95
4,31,5,7,236
4,31,6,1,0
4,31,6,2,0
4,31,6,6,177
4,31,7,1,0
4,31,7,4,59
4,31,7,5,118
4,31,7,6,73
4,31,7,7,14
