time,row,col,demand
680,2,0,0
374,2,6,46
505,4,2,0
544,7,1,0
195,7,1,0
358,6,0,0
692,2,3,0
645,1,7,67
701,0,4,294
535,7,2,0
355,3,7,48
201,5,6,0
528,0,2,55
426,2,2,24
405,5,2,7
80,0,5,6
194,6,5,12
405,1,1,18
131,0,6,80
601,7,0,0
377,1,1,0
466,7,7,0
586,2,5,17
530,7,1,0
644,1,5,78
705,5,6,99
296,0,0,6
173,3,0,0
116,2,3,66
99,1,2,10
719,2,7,125
466,1,7,0
651,2,2,39
78,3,3,6
615,6,4,11
579,4,5,149
731,5,6,95
613,3,2,0
149,4,4,0
511,2,1,0
357,5,5,54
293,6,1,0
147,6,1,0
634,3,2,0
334,5,1,6
58,3,3,132
681,2,6,0
269,4,6,9
438,1,5,40
448,1,2,40
412,4,5,39
495,1,5,195
336,4,5,179
158,4,4,25
546,5,1,9
265,6,2,5
641,4,4,108
92,4,2,0
328,5,0,0
274,7,4,0
623,2,0,0
413,0,5,12
195,4,3,53
179,7,3,0
730,3,3,59
161,4,4,37
698,5,2,35
242,5,7,5
648,1,1,12
333,4,3,109
270,2,3,5
671,6,1,0
530,3,2,55
294,1,2,19
4,3,1,0
412,0,4,43
636,4,6,37
403,7,4,37
312,1,3,119
295,3,0,0
218,1,3,42
167,7,4,11
35,5,7,75
637,7,4,0
248,3,4,0
454,0,0,0
235,3,1,16
223,7,4,0
483,3,4,36
280,3,1,0
205,1,3,61
201,1,7,0
161,1,0,0
177,3,7,4
605,7,5,11
251,3,7,17
725,2,0,0
706,7,5,22
423,7,4,0
231,3,2,21
541,1,2,89
490,0,1,0
42,3,7,52
378,5,7,28
73,6,3,6
617,0,5,28
231,1,4,16
493,6,0,0
608,1,0,0
290,5,6,0
98,3,4,27
414,1,7,31
405,5,1,0
161,6,2,0
440,1,7,0
200,0,3,0
293,0,3,25
67,7,0,0
137,2,6,934
414,4,0,0
617,2,7,139
187,0,6,27
730,3,6,399
708,4,2,0
401,4,4,71
662,5,6,20
205,6,2,0
176,3,2,0
55,5,0,0
449,1,0,0
137,5,4,11
146,4,7,18
378,3,4,63
387,5,1,0
492,7,6,0
153,3,2,37
675,4,6,107
598,2,7,159
489,2,4,0
145,3,1,7
631,6,3,0
69,1,2,36
189,4,4,15
496,5,6,45
459,0,7,138
251,6,1,0
72,3,3,22
548,2,4,240
102,3,3,0
53,7,0,0
93,2,4,89
129,5,7,150
307,7,2,0
496,3,5,173
243,1,5,9
82,0,0,12
605,4,3,75
23,0,5,44
647,2,2,108
565,3,2,10
89,3,4,44
648,0,7,114
481,5,1,0
545,3,3,135
621,5,6,18
290,1,1,0
659,0,5,12
105,3,5,27
180,2,5,31
442,0,3,8
47,0,5,18
390,4,4,66
428,2,2,55
516,5,6,0
382,3,4,92
577,3,6,914
491,1,3,8
622,1,2,57
69,5,4,27
102,5,7,4
557,6,7,16
294,6,5,15
222,7,0,0
234,5,5,21
233,7,2,0
513,1,5,0
697,4,4,43
26,3,2,0
470,2,7,241
157,7,3,398
712,2,3,13
697,1,7,125
63,1,6,463
723,4,5,1076
27,6,2,0
656,5,2,0
452,5,7,20
23,2,5,33
659,2,7,20
507,0,7,143
385,2,4,78
195,1,1,0
394,4,2,0
567,4,4,135
211,2,6,379
510,4,7,0
173,1,0,0
118,4,4,27
628,2,6,175
611,1,4,11
567,3,1,16
9,1,4,137
537,6,4,9
74,4,2,28
324,2,1,0
95,6,4,4
329,4,2,10
115,6,7,13
26,1,6,3
302,0,5,40
268,1,6,14
178,1,2,0
172,3,4,24
132,6,3,0
674,4,3,173
326,4,3,32
134,2,4,170
130,3,1,7
293,1,5,6
707,3,7,56
379,1,6,199
254,6,5,62
57,1,2,250
555,5,2,10
215,0,4,56
346,6,7,0
231,4,0,0
508,4,6,38
552,5,4,32
396,2,3,11
247,0,7,17
114,3,7,10
326,3,0,0
696,6,4,69
513,7,0,0
548,0,0,65
649,5,3,0
547,5,0,0
368,5,2,0
663,6,2,0
287,3,4,29
569,3,7,126
4,1,7,0
489,3,4,0
298,2,6,0
439,6,3,0
566,6,5,32
214,5,3,5
680,5,1,0
394,6,3,0
462,7,0,0
505,4,6,214
591,5,7,88
467,3,0,0
640,5,4,30
43,4,7,347
664,7,2,0
473,5,0,0
670,3,0,0
675,3,6,395
640,4,2,0
62,6,4,6
166,2,6,1376
213,2,2,25
300,0,1,9
664,1,2,153
215,6,3,5
317,7,7,6
94,1,4,28
410,6,4,24
115,3,7,40
320,1,1,16
556,0,6,110
228,0,2,8
206,3,3,48
161,6,5,18
685,2,7,161
284,2,7,56
368,7,2,0
570,1,4,126
664,7,5,0
601,7,2,0
209,1,0,0
471,4,3,0
613,5,3,0
435,2,7,53
562,0,2,0
345,1,6,10
113,0,0,4
407,2,1,30
524,6,1,15
166,7,5,4
567,3,0,0
681,2,2,0
386,1,2,41
469,6,2,0
362,6,1,0
582,0,4,10
231,3,3,8
487,0,6,8
149,4,3,7
439,7,6,0
347,0,1,0
437,2,1,0
156,1,2,362
463,1,6,13
720,0,2,45
455,5,2,0
681,7,0,0
624,7,5,11
648,1,2,71
108,2,2,10
40,5,2,0
217,1,3,64
146,5,6,0
629,1,2,11
586,5,4,0
255,6,7,9
48,7,2,0
382,1,1,28
254,0,3,39
64,3,3,42
279,2,6,75
81,0,1,4
482,2,2,22
262,1,2,186
331,7,3,6
677,1,0,0
470,3,5,130
389,1,7,48
203,5,3,0
117,1,3,183
107,2,5,40
502,5,0,64
197,4,7,8
31,1,4,0
64,2,7,169
147,7,2,0
313,1,1,0
164,4,7,270
674,5,6,107
616,7,5,11
711,2,7,13
572,7,7,10
0,5,7,3
617,4,0,0
321,0,2,0
100,0,0,0
674,0,0,12
456,3,5,151
181,1,3,34
175,7,1,0
247,2,6,0
357,5,0,10
111,7,0,0
602,6,4,36
665,7,2,39
273,7,5,0
18,4,7,33
130,5,0,0
85,5,4,73
286,0,3,47
689,2,2,0
325,3,1,42
202,3,0,0
603,2,3,121
602,7,4,28
463,6,5,0
647,5,5,116
132,1,4,126
484,5,2,14
219,3,3,55
559,5,4,32
638,1,5,67
230,2,0,0
310,7,0,0
124,6,1,0
518,5,3,0
181,0,4,19
508,3,7,47
131,1,3,505
552,1,6,613
259,0,6,27
521,4,4,47
111,4,3,13
92,7,7,41
106,3,4,17
240,3,4,39
530,4,2,0
207,6,2,0
87,5,0,10
93,7,7,6
602,6,1,0
242,5,3,17
583,0,4,0
452,0,7,73
509,2,1,0
359,1,1,0
480,4,4,100
603,5,0,11
162,1,7,84
213,6,0,0
237,1,0,0
346,7,7,0
443,0,7,0
322,3,7,6
713,3,4,0
436,5,2,25
628,5,7,78
293,0,7,0
385,3,6,291
245,0,0,0
611,0,6,18
217,4,0,0
502,2,3,117
305,1,5,68
188,1,5,24
512,4,0,0
574,3,0,0
719,1,3,212
589,6,2,0
720,1,6,200
132,0,4,63
668,5,4,71
430,2,4,94
728,0,2,331
523,6,1,0
630,1,5,19
488,4,7,0
519,3,3,105
176,5,5,0
260,1,5,72
448,5,2,0
279,3,5,23
376,0,0,28
601,0,5,167
132,7,3,0
607,5,4,11
556,4,5,68
298,6,0,0
182,4,5,46
79,7,7,0
729,7,1,0
264,0,6,56
325,1,1,0
126,0,0,0
234,1,6,8
343,4,4,0
615,0,7,46
472,7,3,0
103,6,6,4
217,4,2,0
403,6,1,0
500,0,6,231
48,0,6,21
274,2,5,5
261,6,0,0
562,1,3,0
329,0,4,61
114,4,1,0
478,4,1,8
332,1,1,0
304,0,1,6
180,0,4,7
130,4,4,87
430,2,1,7
564,6,2,0
239,5,7,21
373,3,3,142
535,6,0,0
105,7,1,0
83,7,6,4
630,0,3,19
437,5,3,0
606,0,3,57
557,0,1,0
290,3,1,0
517,4,5,137
663,6,6,12
123,0,3,0
207,1,3,149
275,1,2,14
167,2,1,30
458,3,5,103
493,1,4,117
320,0,2,0
563,4,4,16
545,0,5,71
57,4,6,66
135,6,3,4
158,5,7,14
119,5,5,6
59,2,4,147
105,4,3,0
289,2,7,43
170,2,4,4
179,7,4,0
31,3,2,0
221,3,5,8
126,4,7,0
28,5,3,0
153,6,4,142
663,4,6,216
483,7,3,0
497,4,3,14
573,3,7,74
95,5,4,19
36,7,0,0
638,4,0,0
458,5,6,27
458,7,3,0
78,3,2,0
423,4,3,19
290,7,7,0
43,3,7,229
186,5,1,0
650,5,4,31
145,0,3,23
705,4,5,134
373,2,5,273
252,0,1,0
151,5,4,0
124,6,7,0
464,2,3,0
539,6,4,0
695,6,7,74
122,4,7,24
517,4,0,0
609,6,3,0
508,3,2,0
246,0,6,0
623,1,7,103
395,6,3,0
619,7,0,0
89,2,6,177
225,7,0,0
488,2,1,0
627,0,0,11
42,1,6,1955
55,4,4,3
120,7,7,11
361,0,1,0
313,2,1,0
489,0,3,0
196,4,7,16
464,7,4,0
335,2,2,42
339,0,1,17
256,1,5,89
188,1,3,19
654,6,2,0
453,2,0,0
0,7,6,5
206,5,2,0
148,4,2,0
610,3,4,0
187,3,3,24
208,6,0,0
51,5,0,0
577,2,0,27
266,6,1,0
359,3,7,60
316,5,6,42
488,7,0,0
521,7,0,0
678,6,3,0
168,1,1,4
76,7,7,4
524,7,6,9
150,4,3,4
470,4,5,61
461,2,6,56
201,5,7,8
24,2,6,34
213,1,0,0
281,5,7,18
217,1,0,5
181,7,4,12
259,3,7,44
18,1,4,150
20,3,5,604
44,5,7,315
272,0,2,9
682,0,5,0
344,7,6,0
254,3,6,50
326,1,0,0
550,5,1,0
151,3,1,0
358,0,4,141
590,7,3,0
662,7,4,0
242,0,0,0
377,7,6,17
464,1,1,0
457,7,0,0
338,2,6,183
302,5,7,30
453,4,1,8
213,6,4,28
123,1,7,0
39,7,6,46
558,7,7,10
441,5,7,0
700,0,7,238
439,7,1,0
518,6,2,0
640,7,3,0
97,1,0,0
432,1,5,164
32,3,1,9
306,3,3,79
472,4,6,96
266,7,0,0
727,4,3,1402
370,5,3,0
92,2,6,227
247,6,7,5
231,4,3,26
263,3,7,80
1,2,1,0
222,0,1,0
670,7,7,20
387,0,4,53
477,5,2,0
81,5,7,57
182,4,6,15
42,4,5,599
297,0,1,0
688,2,4,342
272,5,3,0
336,6,7,48
551,0,1,15
653,7,7,0
538,4,6,0
656,2,7,0
98,1,3,33
573,6,2,10
352,7,4,6
174,7,0,0
9,2,4,347
380,0,6,244
418,0,7,0
648,4,4,82
345,7,6,0
253,2,5,72
324,0,1,0
181,5,1,0
225,2,7,5
399,2,4,138
28,1,3,3
563,3,0,0
248,3,6,0
714,2,2,91
526,5,0,0
437,1,4,20
576,5,5,308
329,0,5,61
522,7,1,0
30,5,3,0
114,5,2,0
528,5,4,40
611,5,7,0
558,0,0,0
135,7,6,39
681,5,2,0
385,0,0,7
638,4,3,134
165,2,3,139
355,6,4,6
226,6,7,0
9,3,0,0
28,6,0,0
470,7,0,0
487,1,3,0
532,5,3,9
428,3,0,0
627,5,3,11
474,2,5,138
560,5,2,0
124,7,3,0
2,5,0,0
115,1,7,54
220,2,0,0
32,3,6,40
584,6,7,0
532,6,4,15
639,7,5,19
724,6,0,0
360,5,5,50
212,6,5,16
22,6,0,0
273,4,6,0
447,1,1,0
459,3,0,0
655,1,0,0
277,7,7,5
68,0,5,1035
605,5,2,0
631,3,1,0
202,2,0,0
260,1,6,22
332,2,7,109
522,2,2,99
616,0,1,11
422,3,5,75
464,1,7,8
436,7,5,0
514,5,1,0
372,5,0,0
218,1,6,26
274,1,2,5
102,0,3,4
107,6,3,4
367,6,4,0
54,3,2,0
9,2,6,172
117,2,4,20
250,6,5,17
600,3,7,196
270,6,1,0
341,4,6,17
74,0,3,16
94,2,7,164
112,3,3,17
714,4,3,13
440,5,3,8
112,1,3,20
618,5,3,11
326,3,6,71
139,3,4,56
424,6,7,12
336,7,2,0
444,7,2,0
684,1,2,41
562,1,7,0
214,3,1,33
300,6,7,0
15,4,7,51
493,7,2,0
614,4,6,28
658,1,1,0
248,0,4,5
525,1,6,228
680,2,5,0
728,4,6,1003
657,5,5,0
300,0,3,79
279,5,2,0
231,7,5,0
7,5,6,17
581,0,4,27
528,0,7,209
296,2,5,6
26,5,4,0
141,6,7,13
301,5,3,34
33,3,2,89
397,1,6,83
392,7,3,0
136,1,7,46
703,7,0,0
350,2,2,37
78,6,3,0
224,3,3,0
650,3,4,63
614,7,5,18
331,1,2,20
409,5,2,39
12,6,3,0
316,7,1,0
93,6,6,16
421,5,2,7
572,4,5,142
414,6,0,0
432,0,2,73
481,1,0,0
124,7,0,0
615,0,5,28
54,0,1,0
102,3,5,0
365,6,6,28
275,3,2,0
731,0,6,191
292,4,6,92
310,3,4,40
499,5,7,72
118,1,5,40
170,7,6,0
57,1,3,397
555,6,6,52
678,5,5,41
596,5,7,78
27,0,5,3
456,4,5,146
205,1,6,61
681,1,1,0
384,1,6,692
307,1,2,83
226,6,3,0
354,6,5,27
346,5,4,0
95,1,3,98
689,1,5,0
417,5,1,0
723,6,4,0
191,2,3,53
17,0,3,41
348,0,1,0
247,2,5,9
247,7,2,0
244,1,3,17
626,1,5,146
353,4,6,75
454,7,7,25
674,2,0,0
365,0,7,35
480,0,0,14
310,3,0,0
123,4,7,0
415,7,7,0
511,3,1,0
728,2,6,3208
206,4,3,16
592,5,4,54
610,4,0,0
418,2,3,0
406,4,4,66
510,4,1,0
706,7,2,0
347,7,1,0
651,4,7,122
70,1,2,90
695,1,4,128
239,1,2,50
507,5,0,0
496,2,7,153
713,2,3,22
415,2,5,24
325,1,3,226
584,5,7,0
138,7,3,4
385,7,1,0
535,0,2,9
358,7,0,0
87,0,5,509
478,7,1,0
287,5,0,0
265,5,6,5
467,5,2,0
343,6,4,0
225,4,5,8
675,7,5,12
614,4,7,46
484,0,5,72
52,1,3,0
7,4,4,0
608,6,2,0
426,2,7,51
18,2,3,87
478,0,3,77
474,1,3,69
164,0,6,2213
696,3,5,182
728,7,1,0
545,2,7,129
493,5,7,8
21,6,1,0
364,7,5,7
269,0,2,0
354,0,6,141
42,2,3,263
458,7,0,0
506,4,3,53
205,6,7,5
557,6,6,10
279,0,6,9
653,5,2,0
612,7,2,0
44,5,6,424
583,6,5,17
398,0,0,0
194,5,0,0
488,1,4,0
257,3,0,0
699,7,7,13
602,5,5,75
635,7,0,0
519,3,5,219
54,6,1,0
261,2,1,0
209,0,0,28
109,4,1,13
10,6,6,147
395,3,2,0
409,5,1,0
528,5,0,0
56,6,5,6
45,2,3,89
24,2,1,3
483,2,2,0
139,3,6,1024
340,1,4,33
224,5,1,0
269,3,1,0
482,1,5,86
450,1,4,25
40,0,3,89
534,2,4,0
75,2,3,12
487,7,6,0
289,7,5,9
92,5,2,6
401,1,6,149
212,2,5,234
70,4,0,3
685,0,7,181
528,2,5,430
223,1,4,5
496,3,3,28
335,6,6,36
51,1,2,3
388,1,2,37
122,3,5,17
148,2,0,0
533,6,5,25
57,7,0,0
382,4,4,39
572,1,2,142
273,6,3,0
721,2,7,82
133,0,2,28
222,6,4,0
135,1,7,111
433,1,5,172
201,0,4,5
489,4,2,0
85,7,6,4
707,5,1,13
546,6,5,40
55,3,3,6
357,7,7,33
286,5,3,0
149,4,0,0
384,4,7,37
192,6,1,12
248,6,1,0
9,0,4,570
577,6,0,0
29,5,6,0
110,2,0,0
415,7,4,0
135,7,4,17
14,4,5,60
208,3,0,0
418,1,5,7
222,4,6,13
287,4,6,23
676,3,5,173
560,0,4,16
149,5,0,0
71,5,2,12
553,4,2,16
404,1,2,48
365,0,0,0
298,3,4,0
462,7,1,0
619,0,7,82
133,2,5,115
382,0,4,79
730,2,1,23
313,1,6,263
505,1,1,9
66,3,4,171
235,1,5,16
582,7,2,0
221,6,1,0
411,6,6,7
637,4,6,11
192,7,0,0
150,1,3,4
57,7,4,3
469,6,7,21
658,6,5,12
181,0,2,15
515,2,3,15
669,7,7,39
100,6,1,10
128,6,4,4
521,5,1,0
5,3,1,0
43,6,4,20
97,7,0,0
653,5,5,71
568,6,0,0
37,3,4,23
572,7,3,16
10,3,5,254
653,2,7,90
440,1,3,13
686,6,3,0
294,6,1,9
310,7,4,6
271,2,6,0
389,3,7,18
232,4,5,16
683,2,2,0
694,6,7,12
591,2,4,98
420,7,4,0
57,4,5,262
243,2,0,0
428,5,0,0
462,0,5,34
638,5,5,19
392,4,5,0
406,2,4,78
240,3,6,39
492,6,3,0
349,7,1,0
707,2,5,91
601,4,1,11
275,3,6,18
167,7,2,0
718,1,6,225
44,1,4,126
449,1,5,86
720,5,2,0
27,1,3,9
360,5,7,35
302,7,6,147
639,7,0,0
283,6,0,0
645,3,7,78
410,5,1,0
281,4,0,0
23,4,6,36
646,2,0,0
258,1,1,14
78,4,3,19
603,0,6,121
89,0,4,73
23,0,1,5
111,5,5,43
64,2,0,0
191,3,2,31
382,5,5,79
571,5,3,135
680,6,2,0
697,7,0,0
530,0,5,135
180,7,1,0
207,2,3,36
303,0,4,74
7,0,1,0
148,2,2,0
396,3,3,7
122,1,7,21
394,3,4,0
164,1,3,132
504,4,5,228
560,3,6,16
360,1,1,7
557,3,2,16
442,0,5,8
94,2,0,0
178,5,7,4
554,6,0,0
417,2,2,0
187,0,1,0
571,1,4,52
73,7,2,0
336,6,4,6
154,2,0,0
348,6,1,0
498,1,1,14
403,7,3,0
35,7,4,0
596,2,7,247
415,5,3,19
15,7,4,24
560,7,2,0
704,4,2,0
309,0,5,128
615,5,1,0
672,1,4,107
718,6,6,35
477,1,5,165
377,6,3,0
314,1,1,10
655,2,3,63
13,1,5,263
670,1,4,122
466,6,6,0
717,6,0,0
117,4,2,0
162,5,4,37
715,1,2,190
193,6,7,25
174,7,7,0
715,6,7,22
128,5,3,87
227,4,3,0
247,5,7,0
139,1,0,0
427,1,0,0
561,7,4,0
584,7,5,0
187,7,3,0
635,0,5,37
352,6,3,27
661,6,0,0
441,5,5,8
467,4,6,0
416,6,6,0
466,6,4,0
374,6,2,7
728,3,5,3717
243,0,5,14
224,2,3,5
463,0,2,0
602,7,1,0
140,6,1,0
124,1,2,0
729,0,5,259
171,1,1,0
25,3,2,3
485,6,2,0
413,1,3,31
478,1,1,8
320,0,7,6
682,5,6,0
379,3,2,7
375,1,1,0
126,7,0,0
81,2,0,0
630,1,3,78
175,4,4,0
154,4,5,110
335,0,6,859
11,0,5,306
142,0,3,42
720,7,6,23
497,3,2,0
639,2,1,0
46,5,4,18
395,3,6,7
279,4,5,41
1,4,0,0
252,2,3,44
628,3,5,108
328,5,6,32
69,4,6,548
39,2,7,143
558,7,1,0
266,4,6,52
527,7,5,9
206,7,3,5
581,6,5,10
40,5,4,14
191,1,1,12
26,6,1,0
182,3,5,31
5,4,5,0
363,6,3,0
493,5,2,14
624,5,3,0
253,7,7,22
496,2,4,153
369,0,0,0
432,3,4,86
114,7,1,4
447,6,0,0
535,5,7,0
494,1,4,72
306,1,1,0
246,2,1,0
726,1,5,1606
148,0,7,0
194,4,5,25
327,4,3,32
730,5,5,45
151,3,5,11
467,2,5,0
16,4,6,79
206,2,4,146
453,1,7,73
93,4,6,107
292,5,2,0
155,5,3,224
146,7,4,0
165,0,1,44
8,6,6,0
725,3,0,0
496,6,0,0
37,6,1,0
600,4,4,295
333,5,3,6
461,1,3,69
93,1,5,170
87,2,6,980
557,3,7,42
378,6,1,0
152,7,6,0
341,5,7,21
574,6,4,10
730,1,1,0
313,2,3,93
712,4,4,13
168,3,4,50
657,0,6,12
613,2,7,18
295,4,7,6
605,0,6,82
353,2,3,75
620,4,2,0
486,0,0,0
83,0,5,607
261,1,7,67
155,5,1,0
609,2,1,0
101,0,1,0
359,1,6,994
604,7,2,0
420,2,6,39
97,2,4,43
686,3,2,0
600,3,1,0
158,2,1,11
553,4,4,84
591,5,4,17
371,0,6,7
140,1,2,13
537,3,7,0
58,6,4,9
360,5,4,39
323,1,3,10
432,1,7,99
578,1,1,17
269,7,0,0
317,7,4,10
634,6,5,19
289,4,5,83
678,5,4,12
228,0,3,5
182,1,1,0
660,1,4,31
363,2,4,46
591,2,6,274
163,4,0,0
165,0,0,32
481,5,0,0
246,6,4,0
629,7,4,60
28,3,2,0
632,7,5,0
599,1,5,159
685,5,3,0
184,0,5,24
413,7,1,0
362,6,0,0
97,2,7,37
471,5,6,27
229,3,0,0
439,2,0,0
343,2,4,0
341,7,7,0
578,4,2,0
497,2,4,50
198,6,7,0
388,6,7,7
446,4,6,25
176,4,2,0
34,6,0,0
730,6,2,0
403,7,1,0
161,2,2,55
305,1,7,58
484,1,3,28
19,1,7,311
185,2,3,24
5,5,1,0
6,7,0,0
606,0,4,11
267,1,3,38
541,7,2,0
308,5,6,43
555,5,6,32
398,7,0,0
192,2,1,0
405,2,3,215
347,7,2,0
718,7,6,0
49,4,6,27
731,1,5,154
621,7,7,0
316,1,4,16
551,1,3,135
110,6,1,0
185,7,4,0
346,7,6,0
537,2,0,0
660,4,0,0
361,5,0,0
500,3,5,254
381,4,0,0
256,4,7,44
280,2,0,0
353,1,4,75
316,2,0,0
3,5,3,0
556,3,5,194
436,6,1,0
189,2,2,12
37,0,7,238
84,4,7,83
348,2,5,21
507,7,2,0
479,2,6,870
512,0,5,0
271,1,6,0
651,6,4,0
381,5,6,153
363,7,6,17
435,2,1,8
95,3,5,67
510,3,4,0
622,4,5,167
326,2,1,0
708,7,5,0
611,0,5,0
467,7,6,0
585,3,1,17
665,3,3,223
505,0,7,176
546,7,4,9
229,2,4,5
729,2,3,163
451,0,5,33
341,7,5,0
360,3,7,50
496,6,6,14
140,1,6,867
385,1,5,131
643,0,6,116
393,4,7,0
31,5,0,0
47,0,4,37
301,0,6,43
508,7,6,9
41,7,3,0
261,1,2,58
726,2,7,1402
405,2,7,41
415,4,3,39
547,2,3,111
609,6,4,0
97,0,1,4
310,3,3,83
285,3,7,29
599,6,7,71
391,7,4,0
731,7,6,73
482,6,0,0
48,1,6,19
622,5,4,57
434,1,2,53
344,0,7,0
432,5,0,0
687,3,4,0
688,5,4,12
58,2,6,241
180,1,7,7
43,7,7,0
266,7,4,23
300,2,4,9
487,5,5,14
297,2,3,0
371,7,5,0
358,4,2,17
582,6,5,17
629,5,4,37
613,7,5,0
488,3,6,0
230,0,5,34
417,3,0,0
455,0,4,66
14,1,3,109
374,4,4,92
682,3,2,0
532,1,1,15
168,0,6,207
559,4,1,0
178,2,7,0
541,0,1,25
315,6,3,0
711,7,7,0
121,5,1,4
131,1,0,0
18,3,6,974
302,6,2,0
29,3,1,37
104,1,6,4
459,6,4,13
476,7,4,13
223,5,6,0
389,3,1,0
515,5,3,0
570,6,2,0
671,2,7,133
451,6,1,0
104,4,2,0
724,5,6,309
154,6,2,0
252,2,6,31
254,3,4,169
99,1,4,10
299,5,7,6
659,5,2,0
294,1,1,0
258,2,2,17
142,7,2,0
284,1,4,32
400,0,1,11
278,2,4,14
56,7,1,0
346,0,6,0
682,7,2,0
463,2,2,8
81,5,6,53
660,2,5,133
594,2,0,0
518,2,0,0
608,0,5,11
48,3,1,6
676,4,6,66
4,3,5,0
469,4,7,117
144,1,2,11
683,1,5,12
157,4,5,160
525,2,1,0
238,2,0,0
497,7,5,14
348,4,6,10
144,3,3,18
208,3,4,68
452,4,6,25
414,6,5,7
451,4,1,8
387,7,0,0
533,1,1,0
52,7,5,3
283,0,2,29
289,7,6,49
5,2,4,0
54,1,4,0
629,2,0,0
142,3,0,0
429,1,7,94
638,4,7,49
656,0,4,0
470,7,1,0
249,2,1,0
602,0,1,11
608,6,6,0
650,1,3,122
72,6,0,0
530,6,5,25
402,0,3,78
234,4,3,29
607,2,7,18
720,4,3,177
375,4,1,0
43,4,6,412
63,5,2,3
272,5,4,0
635,6,7,0
495,7,3,0
422,2,7,55
313,2,0,0
378,0,4,68
188,2,7,27
662,1,5,376
60,6,6,6
666,5,7,63
511,6,4,0
533,1,2,15
221,2,6,0
38,0,1,18
503,2,1,8
627,1,5,86
367,7,2,0
61,4,0,0
459,4,6,21
186,4,0,0
332,6,0,0
110,1,6,29
248,7,6,9
386,1,4,108
30,3,4,3
402,5,3,11
70,6,7,27
340,7,2,0
39,3,0,3
78,1,4,10
709,3,5,69
17,0,0,3
456,1,7,77
466,1,0,0
135,6,4,13
487,7,7,0
575,1,0,0
351,6,2,0
516,3,0,0
449,4,3,91
299,3,6,15
696,3,2,0
576,7,2,0
574,4,7,110
319,0,4,0
124,6,5,11
232,1,5,26
65,2,0,0
458,4,3,111
456,7,4,13
365,7,5,7
203,3,2,12
229,7,0,0
601,1,4,110
327,4,2,0
730,6,5,14
487,7,1,0
150,6,1,0
693,6,2,0
73,2,6,41
420,1,7,7
211,7,5,5
423,3,0,0
66,7,6,370
553,6,1,0
120,0,2,21
276,3,0,0
575,2,4,242
727,3,3,1039
666,2,7,192
315,3,0,0
63,2,6,216
75,4,0,0
562,4,3,0
96,2,6,40
147,7,1,0
12,1,6,60
42,5,6,197
142,6,4,13
385,4,2,0
253,1,2,17
296,3,2,0
371,7,4,0
675,5,2,12
691,4,6,0
673,7,3,21
113,0,3,37
217,3,7,34
354,6,2,6
185,2,0,0
597,3,4,105
56,4,2,0
50,5,6,3
453,2,5,91
676,0,5,86
524,4,3,85
170,4,1,0
17,1,3,79
250,7,1,0
522,2,6,275
452,2,3,45
354,5,6,71
452,1,6,45
272,1,5,0
206,1,5,56
48,5,0,0
160,4,0,0
129,5,0,0
429,0,5,125
29,0,7,9
231,0,6,13
529,1,6,200
730,7,6,36
40,0,0,3
716,4,3,0
619,7,1,0
79,6,4,0
334,2,5,247
442,3,5,13
194,7,5,8
664,3,1,20
245,6,0,0
629,6,5,11
468,5,2,0
279,4,6,5
442,4,6,13
324,6,4,0
632,7,4,0
676,6,1,0
57,1,1,530
195,4,1,20
438,1,2,13
302,2,5,92
410,5,7,0
498,5,7,109
422,1,4,94
281,1,1,0
624,4,2,19
85,1,0,4
498,2,2,45
27,3,2,3
55,1,2,3
23,3,4,0
223,6,4,0
469,0,5,27
527,5,2,15
576,2,2,44
717,7,3,0
375,6,0,0
263,7,3,0
560,1,3,10
471,1,0,0
158,1,0,0
597,1,5,166
171,3,7,0
166,3,1,4
526,6,3,61
596,6,6,237
44,0,5,622
94,7,1,0
348,1,2,37
367,7,7,0
701,4,2,0
186,5,5,24
492,6,7,8
105,1,0,0
679,2,5,12
145,5,0,0
629,3,6,78
400,0,7,101
383,6,6,192
306,2,1,0
308,4,5,79
492,1,2,100
548,0,1,25
628,7,2,11
147,5,4,7
695,5,5,21
671,6,2,20
289,5,0,0
80,6,3,0
569,6,2,0
693,5,6,54
726,4,1,141
372,6,6,0
596,0,1,27
1,1,6,8
667,0,1,0
453,0,5,40
296,3,0,0
521,0,1,9
705,1,3,212
466,7,2,0
241,3,3,14
332,6,6,0
544,1,5,190
499,1,6,209
190,3,6,50
630,7,3,0
675,3,5,375
517,7,6,9
94,1,0,0
713,1,1,0
414,1,2,19
204,1,2,8
110,6,3,6
479,5,6,180
36,1,0,11
436,2,2,25
197,6,2,0
678,2,5,12
202,2,3,16
394,6,5,7
641,0,4,30
612,6,7,18
323,5,3,0
152,2,0,23
669,4,7,71
527,0,6,471
459,2,7,90
728,6,1,0
344,3,7,0
721,1,1,0
75,2,1,0
382,0,2,28
127,1,4,0
228,6,3,0
211,6,6,33
584,7,7,10
302,4,1,9
683,6,0,0
290,2,7,0
254,2,6,44
308,4,7,25
397,5,7,48
277,3,2,9
629,7,7,0
106,3,1,0
568,7,1,0
398,1,0,0
89,5,4,28
157,4,4,37
731,2,5,250
396,7,7,0
98,5,3,4
173,6,7,0
98,6,4,10
336,6,0,0
21,2,3,123
723,4,2,0
473,3,6,125
255,5,2,0
526,3,3,38
267,0,6,18
36,2,3,315
102,2,7,0
24,6,1,3
169,1,4,7
224,1,3,5
421,2,4,70
171,7,1,0
114,6,6,4
371,4,2,0
408,1,1,12
402,4,2,0
474,5,7,0
668,3,6,561
622,0,1,18
508,3,0,0
555,7,1,0
15,5,7,5
459,5,5,0
257,2,7,44
264,0,3,65
276,0,0,0
456,3,1,0
566,5,5,26
163,5,7,117
344,0,0,0
618,1,6,11
269,6,4,0
225,1,2,0
517,3,3,76
170,0,5,0
262,2,1,17
402,3,2,0
447,7,3,0
129,3,7,163
651,1,2,39
225,1,1,0
353,2,4,64
671,0,3,216
595,3,6,342
516,3,3,29
560,1,5,0
460,2,4,56
49,0,0,3
392,5,6,0
728,3,2,200
137,5,2,4
9,4,1,3
494,0,5,100
486,4,7,45
718,3,0,13
521,4,1,9
563,3,2,0
98,1,2,23
521,6,5,53
477,1,7,138
273,6,6,18
5,0,3,3
441,6,4,8
168,3,2,19
550,4,7,144
239,1,6,59
491,2,0,0
523,1,7,61
331,5,0,0
287,5,4,14
46,4,6,147
244,0,6,17
490,6,2,0
446,7,0,0
48,1,3,49
89,1,3,63
722,4,1,14
302,0,3,83
223,4,3,5
33,3,7,100
499,1,1,22
704,1,7,203
342,2,2,6
567,5,6,32
41,6,7,0
382,6,6,131
454,0,5,53
60,6,5,9
717,7,1,0
469,4,6,21
440,3,6,58
161,4,1,0
408,3,7,195
250,7,4,5
330,6,1,0
590,0,3,176
296,6,7,0
369,2,4,0
426,0,5,70
402,6,1,0
29,2,2,3
493,1,1,0
249,5,2,0
193,4,7,40
331,4,4,51
697,2,0,0
582,2,2,17
602,3,6,139
123,0,2,31
677,0,6,86
462,1,3,56
145,4,4,18
702,2,4,69
279,2,0,5
455,1,1,8
581,7,5,27
54,0,0,0
274,1,3,9
178,2,3,4
14,0,4,104
213,0,0,36
664,4,0,12
173,1,1,4
670,4,5,318
209,5,7,157
426,0,4,75
259,6,6,36
171,0,5,0
640,6,3,0
680,1,7,12
466,3,4,0
699,3,3,99
473,2,3,125
365,0,3,63
689,4,2,0
675,1,6,140
542,7,2,0
481,3,0,0
673,3,4,86
91,0,4,73
543,6,2,0
278,2,1,0
714,4,2,0
657,3,3,31
493,1,6,45
63,2,7,60
659,5,7,0
471,6,3,56
583,5,1,0
482,7,2,0
175,4,1,0
583,2,0,0
654,6,1,0
150,5,4,0
114,7,4,6
272,2,7,0
2,4,7,0
269,2,5,18
669,3,7,63
148,4,3,11
378,3,5,120
523,2,4,67
437,0,0,8
59,1,4,126
425,3,1,51
618,1,4,18
502,1,1,0
171,6,3,4
181,0,6,19
310,0,7,215
368,4,0,0
82,4,2,0
549,3,2,151
724,6,7,36
197,0,0,0
671,0,7,396
502,5,7,276
113,0,7,13
0,3,5,19
164,1,6,1470
60,7,6,6
372,4,5,17
178,6,0,0
122,4,0,0
130,2,2,17
292,7,6,19
550,7,3,0
196,5,3,8
61,7,3,0
547,2,5,175
663,5,1,0
138,5,6,470
682,6,7,0
131,3,7,74
555,3,6,158
510,4,3,76
434,2,6,124
255,7,3,5
283,3,7,18
536,1,1,0
113,6,6,6
490,7,7,0
246,5,1,0
266,1,4,5
565,5,2,0
634,3,0,0
613,7,3,0
111,3,3,23
478,7,4,21
350,5,1,0
533,0,1,9
134,6,1,0
332,7,6,6
227,0,5,0
136,1,3,170
702,1,4,182
452,2,1,13
269,4,4,23
297,1,5,6
296,2,4,6
65,4,7,205
287,1,4,18
233,0,3,29
67,5,7,385
416,1,1,0
229,7,2,0
272,6,6,18
666,5,6,51
177,4,2,0
433,5,4,66
593,7,1,0
219,3,6,16
151,1,0,0
4,2,0,0
470,4,4,130
557,1,1,0
267,5,1,0
679,1,0,0
27,5,1,0
689,7,6,0
544,1,1,0
464,5,2,0
316,4,5,46
365,6,3,7
711,7,1,0
141,3,7,28
693,7,2,0
699,1,4,35
461,3,3,42
580,3,3,27
617,0,7,57
697,3,6,372
248,1,2,0
401,0,7,108
723,6,0,0
161,1,3,55
354,1,1,6
409,3,0,0
250,3,2,0
350,0,5,81
688,3,1,33
126,5,3,0
51,6,0,0
616,3,6,46
632,3,0,0
342,7,5,6
342,7,4,6
389,6,0,0
704,7,0,0
662,7,7,0
246,2,0,0
294,0,3,19
432,0,1,13
24,0,5,25
527,2,3,161
353,3,3,71
337,1,4,71
95,2,0,0
703,0,7,359
401,6,2,0
641,6,5,30
308,3,3,68
227,0,4,0
469,7,5,0
375,6,7,85
18,6,4,17
559,5,0,0
400,6,2,0
412,6,4,12
474,7,6,27
212,7,4,0
670,0,7,267
240,0,5,39
661,5,2,0
251,0,7,0
190,3,3,19
710,0,1,0
630,3,7,30
55,5,7,6
335,3,6,422
199,0,6,0
318,4,7,20
454,1,7,53
189,2,7,24
446,5,1,0
434,5,3,20
381,5,0,0
416,1,5,19
547,2,1,0
189,3,4,7
56,1,4,9
195,2,3,16
64,4,4,105
32,2,1,6
600,6,5,46
216,6,4,8
389,4,5,53
476,0,0,21
205,0,0,16
424,7,6,7
684,1,3,86
410,4,1,0
195,4,4,16
230,4,1,29
386,2,5,156
250,2,0,0
649,6,5,12
318,3,2,10
491,1,0,0
699,5,4,69
680,1,5,0
20,2,3,123
195,1,5,25
720,0,4,413
730,3,2,95
273,0,1,0
446,1,0,0
416,1,4,7
460,1,4,8
285,3,1,0
506,2,6,295
704,3,4,91
311,2,7,64
366,0,1,39
723,5,4,59
122,7,2,0
444,1,0,0
116,0,1,17
586,5,3,0
216,5,5,80
497,2,7,95
287,7,4,0
727,0,0,250
41,7,0,0
578,4,6,254
709,6,2,0
65,1,4,66
349,6,5,54
665,6,6,12
410,1,2,55
169,3,6,62
103,6,5,0
301,3,1,6
454,5,3,25
547,6,6,25
75,2,6,6
247,0,0,0
22,7,4,5
183,1,6,15
120,1,0,0
305,2,2,15
594,1,6,186
163,2,0,7
344,3,6,17
463,7,0,0
697,1,6,259
287,7,0,0
371,1,5,0
102,2,5,4
60,2,6,115
421,1,1,0
134,0,5,83
516,6,4,0
218,4,7,16
606,1,1,11
534,7,0,0
699,0,0,43
411,4,0,7
458,4,6,42
400,4,0,0
399,6,2,0
452,6,7,0
439,0,1,0
50,3,0,0
679,5,0,0
346,4,6,0
648,1,6,82
292,2,2,64
209,4,5,105
326,4,5,51
644,5,3,19
506,5,6,9
490,2,7,0
14,2,1,0
496,5,2,0
356,1,4,87
425,0,3,113
304,0,7,64
89,4,6,470
616,2,2,46
51,0,2,0
478,2,6,642
67,1,4,96
38,0,0,3
424,3,5,200
677,3,7,21
472,5,7,77
476,4,4,48
437,7,0,0
457,2,3,103
699,0,3,246
585,1,5,0
19,1,1,0
481,3,1,0
411,2,7,75
225,7,5,0
485,6,5,22
599,3,5,264
58,1,6,87
333,6,1,0
347,6,0,0
564,2,5,52
226,2,6,0
52,4,4,3
124,0,4,11
632,0,2,19
75,1,2,4
641,1,5,78
381,7,4,17
60,2,5,166
50,7,5,3
725,3,5,2051
719,7,1,0
210,7,2,0
634,6,7,0
235,5,4,8
511,3,0,0
587,7,3,0
376,1,7,57
107,0,0,6
654,6,6,0
344,3,2,0
259,4,2,0
425,0,0,24
190,5,1,0
48,4,1,9
129,4,5,202
553,1,3,100
384,7,2,0
320,7,4,0
356,6,1,0
590,0,5,98
695,1,1,21
55,2,1,0
239,6,0,0
22,3,7,22
714,7,5,0
304,3,7,68
21,2,0,0
593,6,6,10
90,2,5,73
229,3,6,21
0,4,0,0
555,1,0,0
614,0,0,18
272,6,2,0
286,0,0,0
79,1,0,0
542,0,5,55
33,6,7,32
581,1,1,10
456,4,3,56
416,4,0,0
529,3,1,0
69,3,2,3
201,1,1,0
664,1,1,0
300,6,1,0
6,0,3,0
489,2,2,0
413,6,3,0
364,2,2,22
276,3,3,56
530,6,1,0
672,1,5,654
71,3,3,15
662,6,0,0
195,2,2,28
412,0,0,0
139,7,1,0
125,5,0,0
582,4,0,0
238,4,1,8
155,0,6,132
669,6,4,165
148,2,4,4
548,3,3,89
298,2,2,0
586,3,3,0
150,3,7,4
319,7,0,0
19,1,4,51
717,5,0,0
112,3,1,10
594,3,6,298
38,5,7,63
364,6,0,0
693,2,2,107
209,3,7,12
377,3,3,46
114,5,0,0
147,3,1,0
466,6,0,0
404,4,7,53
349,0,6,71
49,2,2,9
390,4,2,7
24,2,2,14
498,3,1,14
495,1,3,181
504,7,0,0
109,2,2,17
279,3,0,0
371,6,6,0
507,7,7,9
713,5,4,0
399,6,6,7
203,4,5,25
457,1,0,0
108,6,2,0
337,7,5,6
623,0,7,82
263,3,6,67
30,4,6,0
726,6,7,213
90,6,0,0
1,0,4,3
183,6,4,4
161,7,1,0
630,3,5,60
625,4,1,11
175,2,7,7
132,7,1,0
117,1,5,50
724,4,4,213
372,3,7,17
703,1,4,225
12,6,6,0
405,1,5,287
510,1,2,23
436,1,1,0
371,6,4,0
380,1,6,153
62,7,4,3
713,0,3,13
389,1,2,11
711,4,1,0
456,6,2,0
71,7,7,0
556,0,7,52
227,3,4,5
385,1,7,96
186,1,7,15
539,6,2,0
550,5,4,49
274,1,1,0
454,0,1,20
254,0,2,142
668,3,4,122
23,4,2,0
699,4,4,78
628,7,1,0
695,3,3,128
345,4,2,0
511,4,1,15
692,3,7,0
246,2,7,0
21,4,5,77
252,3,5,27
274,7,3,0
224,0,2,0
278,7,1,0
611,6,2,0
154,4,2,0
691,6,1,0
85,4,0,4
369,2,7,7
482,3,2,14
311,7,1,0
315,2,7,16
88,4,7,300
58,1,3,403
719,2,2,147
282,1,2,61
293,6,5,25
558,1,6,0
209,1,1,5
550,1,7,209
245,2,6,5
134,3,2,11
474,6,2,0
158,3,3,41
679,6,5,0
9,6,4,77
264,7,4,5
195,4,5,33
344,5,1,0
545,6,1,0
222,1,3,8
162,5,2,0
432,6,7,40
194,6,0,0
32,0,2,29
353,2,1,6
274,6,1,0
696,2,3,182
571,7,6,0
308,1,1,6
25,0,3,20
432,4,0,0
316,0,1,6
118,1,6,29
649,3,0,12
592,3,1,0
131,3,5,39
565,1,4,68
307,3,0,15
675,7,3,21
236,3,5,16
5,1,2,0
589,7,4,10
608,0,4,18
350,7,6,6
301,5,6,15
138,2,5,466
180,3,2,4
130,5,4,35
120,3,4,28
558,3,2,10
186,2,5,12
364,2,3,68
508,6,0,0
519,3,0,23
163,0,7,841
251,0,4,9
252,5,6,0
327,4,0,0
250,4,7,31
44,6,1,0
473,6,0,0
500,3,0,0
674,2,7,173
585,4,6,0
607,0,3,0
657,6,6,0
10,7,3,3
162,7,3,0
510,3,1,0
456,2,1,48
553,4,5,200
180,7,2,0
336,4,2,0
410,2,7,94
201,4,0,0
501,5,7,109
658,1,6,20
227,7,5,13
607,1,4,18
503,6,1,0
15,7,3,11
13,0,6,85
461,2,3,77
460,7,4,27
554,5,5,52
107,5,6,6
376,6,3,17
380,2,3,96
212,2,6,399
193,5,1,0
553,5,7,26
400,1,1,7
109,5,0,0
232,0,0,0
33,5,7,158
610,5,2,0
686,5,2,0
447,5,4,0
75,2,2,4
363,2,3,35
502,1,6,443
659,4,7,12
80,1,2,16
667,2,6,396
11,5,4,24
221,7,5,5
537,0,7,0
562,0,5,0
21,5,5,36
586,6,0,0
238,0,4,16
287,6,1,32
630,3,1,0
217,7,5,0
373,5,4,63
390,5,7,11
489,2,6,8
459,7,4,8
110,7,0,0
413,3,0,0
523,2,0,0
126,2,4,7
90,7,5,12
233,0,6,34
655,0,4,12
506,7,4,9
502,2,5,318
549,6,3,0
1,5,5,3
542,6,6,9
264,3,2,18
326,1,6,20
502,6,3,0
29,0,6,0
673,1,3,173
100,4,2,0
664,4,4,63
472,0,2,42
625,6,5,97
228,4,6,0
424,5,0,0
280,1,2,23
130,5,5,115
477,0,0,13
355,4,0,0
129,7,2,0
373,4,3,7
261,1,1,5
89,6,7,22
346,4,4,0
540,1,3,31
189,6,5,15
222,5,2,0
210,3,2,5
526,5,2,9
352,2,4,81
193,3,2,0
226,1,5,0
112,5,0,0
731,4,6,82
217,3,5,50
725,7,0,0
24,4,2,0
273,7,6,0
355,6,7,6
705,3,6,281
235,1,0,5
258,1,2,17
703,7,5,22
345,1,1,0
561,5,5,10
127,7,6,4
414,2,3,0
455,2,2,25
692,7,6,0
675,5,5,33
527,0,2,53
714,5,6,0
541,6,3,0
402,0,2,160
197,0,1,5
145,4,0,4
612,4,1,0
225,4,0,0
267,4,0,5
419,7,4,0
13,7,3,3
310,3,7,64
625,3,2,97
568,7,2,0
430,0,1,63
437,7,2,0
79,1,5,0
107,6,0,0
593,5,4,17
664,0,5,141
386,7,3,0
252,0,7,31
60,5,6,19
185,0,7,38
577,4,4,159
386,7,7,11
702,3,6,1068
17,2,1,11
510,2,4,0
411,0,3,94
84,1,1,73
533,0,2,49
690,5,5,0
476,5,5,56
215,7,2,0
380,1,7,79
326,5,4,6
712,3,6,0
324,3,0,0
562,6,5,10
645,0,4,49
154,6,7,23
329,3,2,10
668,2,3,192
398,1,4,37
246,5,4,0
436,4,0,8
157,3,1,0
173,0,3,0
274,0,2,9
675,0,2,21
666,3,4,184
715,2,1,0
349,3,6,37
447,3,5,45
72,0,3,38
302,6,7,25
278,6,6,18
550,1,0,15
542,7,5,0
409,3,4,75
123,3,0,0
572,2,3,94
582,3,1,0
272,7,4,0
416,4,7,12
668,7,5,31
535,3,7,0
109,4,3,6
216,6,6,5
606,5,1,0
170,5,5,0
296,3,3,15
403,7,0,0
599,7,2,0
622,3,3,149
576,7,4,10
232,2,0,0
143,2,1,4
706,2,4,147
504,1,5,275
81,0,0,12
551,1,1,0
553,2,4,126
284,2,1,5
729,0,2,82
127,7,1,0
536,0,2,0
636,4,4,11
522,3,3,53
487,3,4,8
256,7,7,0
89,1,6,162
185,0,1,7
604,1,4,110
592,1,3,203
184,4,1,15
82,1,4,111
416,7,4,0
488,2,4,22
454,5,6,53
435,7,4,20
582,5,1,0
464,2,1,0
110,1,2,60
731,5,5,368
668,6,1,31
129,6,4,28
551,7,0,0
302,2,1,0
407,7,7,23
113,7,7,6
638,7,1,0
50,7,1,0
218,2,5,64
391,5,4,18
461,1,5,34
7,4,0,0
644,1,6,37
333,7,7,0
343,4,2,0
22,0,3,30
345,6,7,0
711,5,0,0
126,2,0,0
485,3,4,36
163,0,4,124
313,5,3,10
202,5,3,0
309,7,2,0
649,3,5,184
726,2,6,7374
65,2,3,145
710,7,5,0
321,7,4,0
500,3,7,95
58,1,7,451
280,4,5,29
30,4,2,0
324,1,5,20
41,6,5,63
96,3,2,10
153,1,6,62
165,2,7,227
384,3,1,18
236,7,2,0
478,6,6,228
671,7,0,0
71,7,3,0
95,0,0,0
551,3,3,89
695,1,5,202
569,7,3,0
127,6,6,0
644,2,1,0
482,0,7,117
507,4,2,0
80,6,5,0
593,3,3,193
658,5,4,12
687,5,7,0
395,2,3,0
665,4,6,141
644,3,7,60
307,1,4,30
664,6,0,0
393,5,3,0
311,4,0,0
461,5,2,13
323,4,3,0
404,7,7,11
205,7,7,0
627,4,1,11
263,6,3,5
176,1,6,0
136,0,0,0
327,3,3,113
260,4,4,27
327,3,0,0
494,7,3,8
188,0,1,0
201,5,0,0
302,2,3,55
0,4,4,27
147,0,4,0
370,5,7,0
479,5,4,34
422,1,1,12
639,3,5,49
102,6,3,0
87,7,5,26
189,1,4,15
288,7,5,40
207,2,1,0
402,1,5,96
547,2,2,129
373,1,3,210
159,6,1,0
389,6,2,0
626,7,6,19
465,7,6,0
499,0,2,28
145,7,5,4
411,2,2,12
269,5,7,0
562,4,2,0
93,0,2,10
377,3,1,11
325,6,3,6
576,6,2,0
351,5,6,10
230,6,2,0
110,1,7,23
636,3,3,30
588,3,4,54
700,6,0,0
179,5,5,7
301,3,0,0
232,4,0,0
652,4,3,133
654,3,3,71
591,1,4,88
118,7,6,6
557,7,0,0
9,2,7,259
135,5,5,98
269,1,1,0
307,2,5,117
497,7,1,0
73,3,0,0
341,1,5,17
550,6,5,65
90,3,3,47
78,7,1,0
724,3,1,36
204,1,7,36
676,5,2,0
567,7,2,0
160,7,0,0
726,6,1,0
59,4,7,120
246,7,4,0
18,0,2,68
564,5,1,0
133,1,0,0
494,4,1,0
496,7,3,0
458,1,5,34
223,6,6,0
655,2,0,0
403,2,5,78
258,2,4,67
273,3,4,0
508,7,5,0
258,5,4,44
423,7,3,0
511,7,7,0
402,7,5,7
714,6,6,13
422,3,2,24
235,0,5,16
152,0,4,7
430,4,1,7
603,6,4,36
535,7,0,0
695,7,7,0
532,4,2,0
683,3,6,0
232,0,3,16
574,6,2,10
645,6,0,0
519,7,6,67
639,7,6,11
453,4,7,33
526,6,7,9
449,4,2,0
441,7,2,0
17,7,4,14
719,3,5,268
428,5,7,51
189,7,7,19
95,2,2,26
312,0,6,505
13,2,2,17
681,5,6,0
695,5,1,0
449,7,7,25
13,3,7,186
505,2,1,0
724,2,0,14
615,4,0,0
408,6,6,19
492,2,6,109
371,1,0,0
467,2,0,0
541,2,0,0
104,1,4,0
700,0,0,56
157,3,5,220
168,6,6,7
672,7,6,0
69,2,2,30
468,6,1,0
168,2,4,38
635,2,5,0
251,3,3,22
295,4,6,6
371,7,0,0
179,7,1,0
488,5,7,0
253,4,3,17
341,2,7,37
433,6,5,25
697,1,1,13
658,5,7,0
31,6,4,3
400,1,6,167
680,7,5,0
38,2,0,0
688,5,3,0
713,1,2,0
321,0,0,6
67,0,1,12
681,0,4,0
275,2,4,23
47,2,1,3
329,7,1,0
479,0,7,255
469,0,6,151
556,2,4,16
0,2,7,3
478,4,5,146
432,3,7,124
231,7,7,0
327,3,1,6
251,2,3,72
716,0,7,190
344,4,3,21
361,3,7,103
151,1,4,0
297,5,2,0
631,3,4,0
58,1,2,201
317,2,3,20
518,1,0,0
631,1,3,60
424,2,2,39
346,5,5,0
398,4,0,0
509,4,7,29
176,2,0,0
69,1,7,259
481,0,0,8
620,2,7,57
478,5,6,525
413,4,3,168
121,2,6,21
303,1,3,104
131,7,6,11
490,0,4,14
726,1,3,930
697,1,0,0
588,1,5,17
182,7,1,0
139,1,6,980
511,2,4,15
731,1,6,82
519,0,1,23
206,1,6,36
307,4,1,0
110,1,3,43
305,6,2,0
339,1,4,17
60,5,4,15
502,6,6,59
717,1,4,35
93,5,3,28
693,1,7,342
109,0,3,40
405,1,2,37
30,7,5,0
298,0,1,0
160,3,4,139
232,4,6,29
531,5,3,15
616,3,0,0
519,1,0,0
650,1,6,153
552,7,4,0
698,6,6,112
558,6,7,0
567,4,0,0
379,5,1,11
171,4,3,0
507,3,2,0
618,4,2,0
542,2,4,120
670,3,5,1376
22,0,6,177
256,5,1,0
133,4,7,170
467,7,0,0
397,2,3,160
476,5,7,48
229,0,4,8
645,0,7,67
382,1,5,358
509,1,1,0
253,1,5,58
692,1,7,0
41,1,0,3
89,2,5,89
652,5,0,0
496,2,0,0
654,5,6,0
239,1,3,90
686,2,3,0
169,6,5,31
605,1,5,103
204,4,7,48
257,7,6,5
117,5,6,6
219,0,2,5
434,6,5,66
311,3,2,34
605,3,1,0
629,5,7,127
251,5,2,0
523,3,7,123
132,5,4,13
372,2,4,22
561,2,3,10
40,3,2,14
539,4,1,9
601,7,5,18
709,0,4,13
690,7,3,0
587,2,2,10
287,7,6,23
497,2,6,189
455,5,7,111
510,0,4,9
218,1,5,29
411,7,6,0
56,2,2,0
504,0,4,114
283,6,7,0
93,7,6,19
378,3,6,177
611,5,0,0
339,4,1,33
178,6,6,0
59,0,4,87
30,2,4,9
367,4,0,0
466,0,4,13
59,4,0,0
28,4,7,0
715,0,3,99
116,7,3,0
133,3,7,39
23,2,2,11
249,1,6,14
193,5,2,12
725,5,6,458
145,2,1,0
488,0,4,8
136,2,1,0
469,0,1,0
470,7,5,0
692,3,2,0
468,1,7,34
270,7,1,0
423,1,4,82
278,7,5,5
640,3,7,49
285,0,4,47
402,7,0,0
40,4,7,25
584,5,1,0
163,6,6,14
644,6,5,78
192,1,3,73
111,4,6,43
343,1,4,0
462,1,2,8
512,5,6,0
642,3,1,0
649,0,3,122
318,2,3,10
443,1,7,8
24,4,7,9
176,6,1,0
99,3,4,17
140,3,3,118
184,2,0,0
729,1,6,340
304,4,1,6
377,7,5,0
168,6,3,0
84,7,3,28
260,3,5,103
128,6,7,0
263,5,7,53
525,7,2,0
256,4,0,0
52,0,6,6
711,5,5,22
175,3,5,0
521,7,4,0
114,6,0,0
201,5,4,0
348,4,1,6
602,1,6,196
705,3,4,134
231,1,3,21
297,7,2,0
246,5,5,5
577,7,3,0
150,2,5,4
600,5,5,82
320,3,3,16
6,0,4,0
710,3,6,13
45,2,2,32
672,0,4,119
405,1,7,101
252,6,1,0
149,3,7,0
702,6,1,0
35,5,1,0
328,1,2,51
281,0,3,23
99,5,2,0
641,2,7,49
11,6,3,3
565,3,7,16
508,6,7,9
145,7,1,0
171,1,2,0
645,7,7,0
624,2,4,134
460,2,0,0
242,7,7,31
249,4,1,0
581,5,3,10
591,7,2,0
376,6,7,7
235,4,2,0
312,3,3,119
567,7,0,0
604,2,3,128
264,7,7,0
138,1,5,348
454,3,2,8
480,2,1,0
304,3,2,34
544,0,5,95
501,4,1,22
229,4,7,5
83,2,2,47
616,4,6,18
411,6,7,7
519,4,3,67
475,6,2,0
693,6,6,33
232,7,0,0
183,2,6,34
482,1,1,0
319,3,5,26
92,4,0,26
91,0,7,85
191,0,7,24
135,2,0,0
522,6,3,23
110,7,2,0
238,1,3,68
22,5,7,22
342,3,7,6
610,0,0,0
495,4,4,123
461,1,1,13
67,5,6,508
670,1,1,0
200,4,1,12
557,0,4,10
318,5,7,26
168,0,1,7
52,5,6,3
357,5,2,6
558,0,6,16
627,4,6,67
526,0,0,0
393,4,2,0
328,4,6,57
485,4,4,45
8,3,6,14
246,1,0,0
0,1,3,19
342,1,1,0
387,1,7,53
523,2,2,29
406,7,5,7
26,4,7,9
487,1,4,0
422,2,1,0
68,1,6,1599
508,0,6,99
379,6,2,11
396,6,0,0
278,3,6,18
253,7,4,5
315,7,6,16
107,4,1,0
4,7,0,0
530,5,6,65
334,0,4,113
359,5,6,195
339,5,6,10
356,0,7,156
175,6,7,0
143,4,4,35
513,7,4,0
120,3,2,11
94,7,7,16
530,2,3,129
150,2,2,0
154,3,7,69
96,4,4,23
231,7,0,0
633,0,4,0
654,5,4,12
142,6,0,0
15,5,5,51
475,4,7,42
94,7,6,4
554,1,7,94
333,0,6,396
296,7,6,0
244,3,5,9
510,3,7,9
695,7,3,12
495,0,6,209
699,1,7,212
68,2,6,2299
208,7,5,5
393,6,6,0
376,1,0,7
731,7,1,0
272,7,7,0
420,1,6,12
141,0,5,192
665,4,5,243
468,6,4,0
324,5,4,16
46,5,0,0
438,5,1,0
62,3,1,9
169,7,3,0
425,4,1,12
37,4,2,0
534,2,3,31
397,6,2,0
630,6,0,0
644,6,2,0
668,1,2,133
297,2,4,6
346,0,2,0
404,3,7,89
213,1,4,36
73,1,6,6
435,0,1,8
139,0,5,348
57,6,7,27
710,3,3,13
514,0,1,9
59,1,5,207
580,5,7,54
163,5,0,0
476,7,7,0
540,3,7,49
625,4,3,86
84,1,2,114
24,0,0,11
511,0,6,15
569,0,7,135
101,2,0,0
586,4,4,10
357,5,7,60
496,6,1,0
354,3,2,6
122,0,4,7
153,5,5,263
384,3,0,0
54,3,4,0
690,1,2,0
422,4,0,0
7,6,5,41
580,3,2,17
169,6,1,0
197,4,0,0
32,3,2,0
160,0,5,201
141,1,2,28
36,4,4,75
331,2,3,61
520,5,7,23
393,1,1,0
66,6,7,385
8,1,7,27
366,7,4,0
498,0,4,159
162,2,3,59
499,4,5,95
63,2,3,96
353,1,1,0
334,5,3,0
68,5,1,6
183,7,1,0
17,1,2,36
13,0,4,51
681,5,1,0
600,0,7,128
341,7,6,6
495,3,4,36
454,1,4,78
443,1,1,0
584,6,5,0
144,0,6,37
36,4,7,161
697,4,6,316
402,6,2,0
74,0,4,16
221,5,7,5
172,0,7,24
245,5,0,0
444,0,7,13
661,7,3,0
114,0,5,37
267,3,5,23
681,5,5,0
158,0,2,30
439,4,7,0
165,2,0,0
241,2,2,36
305,4,6,138
554,5,0,0
631,7,3,0
699,6,3,22
597,7,3,17
320,5,5,10
361,0,6,319
281,5,6,18
234,4,7,47
231,3,0,5
642,1,7,49
578,4,0,0
655,5,1,0
454,5,0,0
539,0,5,0
404,4,0,0
430,5,1,0
201,3,3,0
182,3,7,31
177,2,0,12
510,2,3,29
489,5,4,14
166,6,4,14
222,1,7,0
463,5,2,0
697,3,2,35
158,7,3,263
345,2,3,0
715,2,6,203
476,4,0,0
706,7,4,0
668,5,7,216
613,2,2,11
327,5,2,6
97,7,7,6
325,2,6,103
614,2,6,18
59,5,1,3
578,2,3,166
592,1,0,27
238,5,6,8
698,0,2,69
443,2,4,0
613,1,3,46
619,3,5,139
705,6,1,0
269,5,5,18
609,2,2,11
561,4,3,0
501,1,4,59
161,0,1,4
313,5,0,0
531,0,1,0
440,3,4,58
301,1,5,373
476,6,5,199
312,6,6,10
352,1,4,48
670,4,1,20
424,7,3,0
586,6,4,0
23,0,2,22
23,6,4,0
452,1,2,45
80,3,0,4
384,0,7,387
240,0,2,14
643,5,3,0
72,5,0,0
560,2,3,0
504,7,4,23
13,6,0,0
418,4,4,7
681,4,3,41
419,0,2,7
592,0,6,88
577,5,2,54
665,5,6,51
499,7,6,8
338,4,7,27
249,3,7,5
642,7,2,11
602,5,3,18
244,4,2,5
98,5,5,10
567,0,3,184
440,4,7,0
352,5,6,17
694,0,4,119
380,4,6,114
51,7,1,0
704,4,1,0
90,4,3,16
558,4,7,16
594,1,3,220
322,4,1,0
645,3,3,60
383,5,1,7
91,2,2,51
124,7,7,0
536,5,3,0
217,4,4,16
171,0,1,0
190,4,4,12
658,5,2,0
648,5,5,122
715,6,3,0
57,3,6,226
72,7,4,4
497,1,2,86
73,2,3,16
249,6,0,0
629,6,0,0
61,0,6,295
228,7,7,0
324,4,3,51
129,1,1,42
38,2,4,100
514,2,6,0
116,3,1,23
101,4,4,4
681,1,6,0
630,0,6,49
452,6,6,25
345,0,0,0
574,7,1,0
529,2,5,135
230,4,0,0
629,3,0,0
81,7,5,6
479,4,7,56
348,1,7,27
230,2,4,29
309,2,6,196
366,6,2,0
168,2,0,0
668,4,6,345
663,3,6,114
722,0,2,118
450,5,6,13
584,0,6,0
405,4,1,23
604,4,5,121
395,6,2,0
346,7,4,0
682,1,7,12
651,3,7,63
444,7,7,0
253,1,1,0
400,1,0,0
273,4,2,0
455,4,0,8
274,1,7,0
96,0,3,79
185,0,0,4
643,0,7,108
479,3,3,130
255,2,7,58
35,2,7,226
14,3,0,0
167,3,2,25
265,4,5,41
520,7,7,38
728,6,7,449
563,4,6,0
426,1,2,43
47,1,7,34
292,4,0,0
337,7,7,0
642,0,6,49
367,0,2,0
667,0,7,184
305,1,2,30
726,0,2,368
420,4,2,0
619,1,2,64
577,2,3,166
715,0,0,43
466,4,5,0
100,2,7,13
206,4,5,40
354,7,5,6
164,3,3,146
13,3,1,5
481,0,6,226
392,2,5,7
55,6,5,3
517,0,2,38
609,0,2,11
401,6,7,0
325,7,2,0
213,7,0,0
307,2,6,147
400,4,3,112
98,2,6,17
314,2,2,51
571,1,3,268
130,1,0,0
126,3,6,0
329,0,6,251
705,3,2,0
545,2,3,111
32,2,6,32
516,4,3,0
77,2,0,0
1,0,6,8
340,5,6,6
190,4,6,15
111,4,1,6
236,2,6,64
320,7,6,6
669,2,0,31
614,0,7,11
187,4,1,7
341,6,1,0
419,1,0,0
502,3,0,0
697,0,2,78
63,1,7,171
380,7,0,0
54,2,4,3
146,2,7,7
731,7,5,118
622,4,7,57
681,7,7,0
109,1,5,37
39,2,3,63
490,4,4,0
439,7,5,0
139,7,5,7
478,3,0,0
239,6,1,0
560,2,6,0
729,6,6,45
580,4,3,203
8,5,5,24
332,4,0,0
290,6,1,0
190,0,6,19
152,1,4,30
61,3,0,0
267,5,6,65
665,5,7,12
362,4,7,11
363,0,1,28
550,0,5,264
569,5,4,10
36,0,7,424
310,6,7,9
145,0,6,7
64,7,1,0
87,1,3,168
226,6,5,0
676,4,1,12
549,7,4,9
84,2,7,117
701,3,7,134
615,1,3,82
376,4,1,11
183,6,1,0
716,6,7,22
411,4,6,118
373,7,6,28
19,6,2,14
150,0,2,0
297,4,5,0
560,0,0,0
143,6,4,4
198,5,6,0
504,4,2,0
15,4,0,0
612,0,7,11
130,0,3,59
529,3,7,25
644,2,3,37
201,1,2,0
382,7,5,22
117,3,3,46
509,3,1,9
52,1,5,0
673,1,0,0
715,0,4,156
502,7,7,8
615,4,5,64
514,3,2,0
479,7,4,8
51,0,7,6
219,6,4,0
430,2,5,168
35,4,0,3
215,1,7,28
100,5,7,0
565,4,4,142
431,7,0,0
491,2,3,0
61,3,3,102
517,3,0,0
347,6,5,6
300,7,0,0
231,0,3,42
562,0,7,10
671,3,3,102
73,4,4,26
116,0,5,145
363,7,7,7
253,2,1,0
680,4,6,0
235,6,2,0
544,7,0,0
543,4,7,175
312,1,5,535
562,3,3,0
182,3,0,0
285,5,0,0
581,5,4,27
478,7,5,27
81,3,1,10
174,4,1,0
202,2,6,5
16,3,4,55
69,2,6,1409
725,2,4,272
484,3,5,86
261,6,6,31
520,4,3,15
278,1,2,18
575,2,6,1425
318,3,5,46
433,1,6,20
279,5,3,18
312,2,1,6
41,5,0,68
343,3,7,17
426,5,0,0
543,7,6,0
171,5,0,0
355,6,5,33
688,2,3,181
680,7,3,0
335,1,4,71
398,5,3,11
716,2,3,281
609,6,0,0
663,4,7,204
142,4,1,17
147,0,5,4
282,4,7,9
495,5,2,8
94,7,4,4
188,5,7,38
662,5,5,153
361,2,0,17
39,0,1,147
549,4,0,0
105,3,2,0
153,1,5,183
209,3,2,25
54,5,0,0
136,4,7,135
454,2,3,66
126,1,5,7
219,4,3,59
510,0,6,9
659,4,0,0
208,4,6,126
244,6,1,0
69,6,5,15
193,7,3,0
628,0,4,175
92,3,0,0
542,7,0,0
453,2,4,86
509,7,6,15
516,4,6,9
85,5,7,259
322,2,0,0
14,2,4,55
77,6,3,0
354,1,4,27
54,4,3,0
10,3,6,155
668,3,5,204
47,3,2,0
495,7,5,0
79,5,3,0
130,2,0,4
396,4,5,18
729,7,6,0
325,4,6,20
47,1,2,14
612,6,6,0
483,7,4,8
204,7,6,5
579,3,4,54
641,4,0,0
586,1,3,10
290,3,0,0
196,1,6,5
71,1,4,19
653,7,5,0
331,2,0,0
201,5,5,0
586,4,3,0
648,4,3,192
718,3,4,350
302,5,2,0
497,6,2,8
494,3,4,72
677,1,2,33
360,0,6,930
596,6,3,10
594,4,4,71
471,4,6,34
497,0,6,209
104,2,4,10
544,0,6,160
330,7,2,0
623,4,0,0
106,4,0,0
333,6,7,0
215,3,7,48
234,3,0,0
78,1,2,4
494,3,0,0
175,6,6,0
327,0,6,200
127,2,3,7
45,5,7,20
591,6,3,0
240,3,3,50
306,1,2,30
214,3,5,234
416,2,7,0
26,2,6,23
154,7,0,0
458,4,4,117
12,0,4,65
570,0,5,184
171,3,2,0
150,7,6,4
228,4,0,0
468,0,6,0
627,3,2,19
565,7,5,10
254,7,3,17
483,6,5,14
267,3,3,18
199,5,6,0
675,1,1,0
239,3,6,21
313,7,2,6
544,5,5,65
101,2,2,4
460,4,0,0
443,6,0,0
666,3,6,470
147,5,1,0
500,5,6,340
184,1,3,15
375,3,5,131
256,3,0,0
400,4,4,138
361,7,7,7
381,0,5,244
539,2,0,0
352,0,4,71
502,0,0,8
256,2,2,44
507,1,5,38
703,0,0,35
479,0,3,77
321,6,7,6
203,6,0,0
37,6,6,57
727,2,2,1298
653,5,1,0
486,4,5,22
578,1,5,352
232,4,3,47
377,2,1,0
125,1,1,0
356,7,2,0
398,7,2,0
180,4,1,4
307,0,4,89
622,2,5,57
363,4,7,22
690,1,3,0
389,7,2,0
470,4,3,56
643,4,3,205
663,5,7,31
708,2,3,0
584,3,1,0
603,7,0,0
322,7,6,0
343,5,6,6
525,4,4,105
132,4,6,87
578,4,1,34
186,3,0,0
570,3,2,10
150,4,5,0
447,3,6,45
680,6,6,0
299,0,6,6
131,1,5,289
300,6,0,0
667,2,1,12
333,2,0,0
614,3,6,82
68,0,3,418
519,0,6,219
445,7,5,0
195,7,3,0
689,7,0,0
379,7,5,11
329,5,0,0
242,3,6,27
552,1,3,158
414,0,3,12
235,3,2,29
487,6,1,0
251,6,7,5
120,5,3,11
8,7,7,0
219,1,3,21
182,0,3,27
528,4,1,9
541,1,4,71
49,2,6,21
329,6,6,16
118,2,7,29
243,1,6,5
469,5,5,82
157,1,6,114
241,1,7,44
115,1,0,0
410,0,6,493
179,4,7,4
284,4,4,38
455,7,1,0
596,3,4,115
204,2,5,56
330,7,7,103
685,6,7,0
270,6,0,0
56,2,3,169
209,4,7,85
447,0,7,45
669,6,7,63
507,0,3,76
565,6,2,0
530,0,0,9
706,6,0,0
713,2,4,0
593,7,6,17
531,4,2,0
572,4,0,0
167,7,7,23
230,7,4,5
423,0,3,39
638,0,2,30
695,0,7,235
99,1,5,20
185,1,4,7
116,3,7,50
688,1,6,66
76,6,2,0
225,5,6,0
160,4,6,453
526,0,1,15
658,7,4,0
653,5,7,31
326,0,6,83
70,2,1,0
325,0,3,46
132,0,0,13
233,6,0,0
572,6,7,42
51,2,6,12
331,7,1,0
581,3,4,17
538,4,0,0
658,5,5,0
661,3,7,82
569,2,5,100
30,0,7,3
686,3,4,0
287,7,5,52
664,6,2,0
4,1,4,0
141,4,0,0
152,5,6,0
369,1,4,0
407,4,4,60
127,5,6,0
603,3,4,92
385,1,1,0
372,1,7,39
637,2,4,19
724,7,0,0
41,0,7,378
81,1,7,136
344,6,0,0
265,5,7,9
503,7,7,28
169,1,2,15
51,6,4,3
636,5,6,0
225,0,2,5
314,6,1,6
122,6,7,4
229,5,4,0
407,5,3,11
417,6,6,0
257,3,5,94
378,2,5,103
118,7,2,0
265,1,6,38
373,0,2,68
91,1,7,111
126,2,3,0
556,0,0,0
232,1,3,68
316,1,0,6
334,6,1,0
217,5,7,26
18,3,0,3
228,6,5,8
203,1,3,53
297,1,1,0
696,7,6,43
546,0,0,0
430,1,2,70
369,1,0,0
317,0,4,10
506,5,2,9
631,2,0,0
400,1,3,101
127,2,1,0
259,6,2,0
281,4,5,70
263,7,2,0
112,1,5,13
366,1,1,0
194,4,1,8
693,7,4,21
722,0,7,390
114,7,2,13
720,7,1,0
190,5,3,15
245,5,3,0
215,2,6,68
325,6,6,87
605,6,4,11
389,6,3,0
464,6,6,0
216,1,1,5
121,0,2,24
460,5,3,13
588,6,6,0
203,0,6,20
427,4,4,82
603,6,2,18
438,5,5,40
529,4,3,55
410,7,5,7
195,0,2,12
499,0,0,14
358,1,6,827
14,4,3,181
585,6,7,0
288,7,3,6
175,0,6,0
88,1,4,22
379,4,1,0
585,2,0,0
264,3,4,29
224,1,0,0
559,0,3,10
537,6,5,9
501,7,2,0
69,5,7,42
181,5,6,4
280,1,0,0
588,0,6,17
41,0,1,3
90,4,6,209
35,4,3,52
543,4,2,0
637,1,2,30
674,6,0,0
500,4,5,109
605,3,4,167
699,3,2,13
218,4,6,16
539,0,1,0
122,4,2,0
226,1,0,0
561,0,4,0
92,4,5,180
391,1,3,11
647,0,3,97
248,0,7,0
212,0,3,48
588,0,3,54
525,0,3,99
197,5,3,0
714,3,4,56
67,6,5,186
318,3,1,6
712,4,2,0
408,0,7,383
372,3,5,17
57,2,0,0
30,6,6,3
510,0,2,23
423,6,0,0
507,4,0,0
405,6,3,0
528,1,0,0
284,5,4,5
445,2,2,20
568,2,1,0
416,7,5,7
182,4,1,12
521,3,2,23
729,7,0,0
466,1,6,8
21,3,0,3
393,6,1,0
599,6,4,0
18,0,7,161
531,6,6,9
213,4,1,5
495,6,1,0
492,5,6,14
193,2,4,53
12,0,6,74
186,1,1,0
207,1,6,45
571,4,5,242
451,4,7,45
324,3,4,6
368,4,6,7
321,4,1,0
131,5,3,24
349,7,0,0
622,2,4,92
558,4,1,0
362,0,4,103
189,2,6,72
163,3,1,4
348,3,2,6
636,7,1,0
472,1,6,90
432,1,4,53
0,2,2,3
440,6,7,20
291,0,3,0
572,5,2,58
222,5,1,0
98,4,1,0
188,3,7,31
640,0,4,0
242,2,0,0
103,3,1,0
451,5,1,0
652,2,0,0
372,0,2,103
456,7,7,0
337,1,3,81
478,3,3,77
322,0,5,0
462,3,4,8
65,6,6,42
251,0,2,31
10,6,3,3
43,2,0,9
668,5,2,12
467,5,5,0
434,1,6,66
71,6,2,9
402,0,7,101
407,4,6,380
696,7,1,0
656,2,4,0
366,1,2,11
619,5,7,103
59,1,6,87
309,6,0,0
581,6,6,10
568,7,7,26
83,6,2,4
534,2,1,0
1,5,4,8
96,5,0,0
357,6,1,0
194,6,1,0
242,3,7,22
450,5,3,8
391,5,2,0
71,2,2,12
632,1,7,0
231,3,5,29
529,5,7,55
141,7,5,7
670,4,7,192
94,0,4,41
263,2,5,89
362,0,5,92
589,5,6,34
5,2,2,0
40,0,1,18
643,6,7,11
583,3,7,10
501,3,7,117
560,5,7,0
379,4,7,46
75,0,0,0
109,7,7,17
670,1,7,165
400,4,6,78
71,2,4,57
338,6,5,6
147,3,6,30
158,5,0,0
113,6,5,4
404,1,3,126
284,0,6,32
279,1,7,32
363,4,3,35
400,2,2,41
274,5,0,0
41,1,1,6
234,0,5,16
580,7,6,10
116,7,0,0
365,1,3,39
155,1,0,7
246,0,4,0
267,7,4,9
377,6,1,0
646,2,3,157
531,2,0,0
658,6,4,12
186,6,6,0
580,6,4,17
415,4,4,19
180,2,1,0
521,5,2,15
42,6,4,18
422,3,4,94
95,2,5,38
566,0,7,126
394,0,2,0
85,4,2,0
135,2,1,4
24,7,0,0
76,1,5,0
222,4,2,0
0,1,4,14
472,1,4,125
268,4,4,29
317,5,3,6
107,0,3,13
481,1,5,100
218,7,5,5
413,6,5,31
218,5,3,0
81,2,4,91
16,1,6,213
168,6,0,0
275,5,6,29
543,7,3,0
635,6,3,11
378,6,7,11
255,3,3,27
440,1,4,0
355,0,0,6
70,0,5,132
16,5,1,5
220,3,5,21
730,0,0,36
13,5,3,8
41,3,0,3
687,7,6,0
528,3,4,120
427,0,7,101
597,0,2,61
334,7,3,0
106,0,6,4
117,1,1,10
420,0,6,19
241,7,1,0
340,1,2,64
189,0,4,12
280,4,3,41
561,4,0,0
234,4,2,0
378,2,1,17
247,0,5,0
360,4,7,39
283,2,0,0
346,1,6,6
391,0,6,0
656,0,0,0
132,3,5,70
207,1,2,93
254,2,2,31
26,3,1,0
11,2,2,44
669,3,2,0
673,7,0,0
417,1,1,0
46,3,4,32
316,0,2,32
705,2,5,259
540,4,7,49
92,3,7,120
109,5,6,6
605,5,0,0
392,3,5,18
262,7,7,5
156,4,4,32
286,5,7,18
539,2,2,0
513,1,3,0
474,4,4,21
470,1,3,125
390,5,2,0
679,4,6,12
453,2,7,106
177,6,0,0
395,2,2,11
309,7,3,0
365,0,4,7
123,2,6,11
435,4,3,111
633,3,5,11
245,7,1,0
69,3,0,3
128,5,7,13
48,5,5,27
309,1,0,0
502,3,2,22
637,0,1,0
79,6,3,0
95,5,5,57
149,3,0,0
231,5,0,5
708,7,4,0
114,4,2,0
147,2,1,0
89,6,1,0
721,1,7,141
307,0,2,43
593,3,4,203
376,5,0,0
613,1,1,0
536,4,0,0
224,5,3,0
619,6,5,103
190,3,4,27
310,6,3,0
96,3,6,56
594,7,3,0
166,3,2,4
256,4,4,36
592,1,6,166
154,2,2,25
537,4,6,0
69,6,6,94
708,0,2,22
396,1,1,0
556,3,6,100
62,6,2,9
364,5,1,7
315,3,4,61
170,2,3,0
394,2,7,0
48,4,2,3
345,0,2,6
285,6,7,9
697,0,5,238
251,3,0,0
534,7,3,0
484,1,0,0
461,5,0,0
419,5,4,0
564,5,4,0
50,4,3,226
19,5,0,0
314,0,0,0
570,6,6,16
557,4,4,42
667,1,4,82
158,4,0,0
415,1,6,31
17,3,1,5
333,5,1,0
533,2,4,71
305,4,4,34
277,6,2,0
678,0,6,33
264,4,7,32
136,4,5,133
414,4,6,43
98,1,1,0
433,1,0,0
106,6,0,0
108,5,7,4
308,0,3,83
35,5,0,0
635,6,5,0
85,2,3,168
438,6,2,0
718,3,1,22
63,5,6,147
561,3,0,0
702,0,5,506
675,7,6,12
308,6,0,0
513,2,7,0
198,5,5,0
694,7,5,21
343,5,5,17
257,2,4,50
499,4,1,8
243,4,0,0
144,1,0,0
724,0,3,272
172,4,1,0
429,5,0,0
568,6,3,10
41,1,3,178
263,4,1,5
636,7,4,0
165,5,1,14
116,1,6,56
437,3,3,33
574,4,0,0
1,0,3,5
331,5,3,10
193,1,7,40
564,7,2,0
405,3,7,23
247,4,4,5
357,2,1,10
728,1,0,45
345,5,5,6
174,1,6,0
44,4,4,57
390,6,1,0
453,5,4,33
136,3,0,0
570,1,0,10
264,6,3,5
322,1,3,0
137,3,2,0
469,3,2,42
520,7,1,0
699,3,5,462
52,7,0,0
650,5,6,90
510,4,6,9
558,5,1,0
218,2,7,26
202,6,2,0
171,7,2,0
615,6,2,11
104,5,5,4
557,2,5,94
88,4,0,0
570,5,3,32
572,2,7,177
121,2,2,11
383,7,5,7
616,2,5,28
723,2,4,250
30,2,1,0
610,2,1,0
458,2,2,48
112,7,5,0
261,4,6,169
478,0,2,13
664,3,0,0
141,0,6,701
471,0,7,138
79,5,5,0
682,0,6,0
73,5,6,4
540,6,2,15
225,6,5,0
634,0,0,0
724,2,5,930
427,4,1,24
648,3,1,82
717,1,3,212
517,6,4,0
211,5,4,16
151,0,2,14
18,1,1,5
257,3,4,44
417,5,4,0
593,4,5,105
489,5,0,0
424,4,0,0
385,4,4,30
692,2,4,0
151,7,3,0
97,4,1,0
651,0,0,12
406,4,5,417
165,5,6,106
231,0,2,13
288,6,0,0
388,6,4,0
593,0,4,78
123,0,6,4
720,0,0,23
559,6,1,0
251,1,5,36
126,2,5,4
680,6,1,0
105,1,3,20
14,0,7,101
509,6,5,15
2,2,0,0
100,3,3,4
266,2,1,0
77,5,2,0
3,2,6,3
361,5,6,159
436,1,0,8
55,3,7,0
547,5,3,9
371,7,3,0
157,6,7,18
503,7,6,22
730,2,3,104
417,5,6,7
524,6,0,0
660,3,7,12
708,6,6,0
303,7,0,0
328,2,0,6
227,5,3,0
271,1,5,0
505,3,6,190
648,1,5,153
374,5,1,0
260,2,6,53
335,7,4,6
15,3,1,3
557,5,3,10
417,4,7,0
478,7,6,13
299,5,2,0
323,0,5,0
89,2,7,26
726,1,1,36
41,5,4,190
267,4,3,122
113,1,6,17
682,6,5,66
601,3,7,295
72,1,0,0
460,2,3,56
335,4,0,6
116,5,2,4
156,1,7,183
136,2,2,4
499,2,0,0
108,2,1,0
67,7,2,0
448,7,0,0
579,7,3,0
426,4,3,51
407,6,5,18
424,6,4,7
613,4,1,0
505,6,5,0
242,1,2,5
3,2,2,5
729,0,1,0
49,7,1,0
694,6,4,12
109,7,4,4
498,4,6,109
452,4,4,66
183,2,3,15
375,2,2,92
187,5,7,46
626,0,6,49
368,6,7,0
427,2,2,24
446,6,4,0
651,3,0,0
505,2,5,266
247,1,5,14
96,1,7,43
663,6,7,20
204,4,5,36
500,0,7,117
427,3,7,39
366,4,2,0
532,0,7,40
273,3,7,0
587,6,3,0
426,3,5,156
167,4,6,307
205,2,0,0
490,6,1,0
134,1,4,21
355,5,5,108
670,7,6,12
719,6,2,0
209,2,4,101
217,0,1,5
138,3,7,76
205,3,2,12
581,4,7,54
622,4,4,92
676,4,7,86
447,4,1,0
481,1,3,131
219,3,0,0
87,5,3,38
23,4,3,24
329,1,7,87
723,0,3,309
379,1,4,153
5,6,5,0
126,6,4,0
219,4,6,29
72,5,7,6
82,6,4,6
527,5,5,143
298,6,5,49
212,6,2,0
75,0,3,10
242,0,6,31
612,5,7,28
248,7,4,0
307,5,3,9
55,5,1,0
34,0,0,23
102,4,6,0
402,5,4,11
502,4,4,36
682,0,3,12
646,1,2,97
636,7,2,0
469,1,0,13
137,4,7,56
55,1,1,0
622,3,6,110
648,7,6,39
509,7,0,0
510,5,5,53
264,3,6,65
103,3,4,6
147,6,6,4
317,5,0,0
7,4,6,0
51,1,1,0
501,1,1,8
400,3,7,60
157,2,7,91
616,6,3,11
20,4,5,268
583,4,6,10
333,7,4,6
233,2,4,21
4,0,3,5
578,0,4,115
250,5,1,5
300,7,3,0
404,6,6,18
462,3,7,42
364,1,6,74
497,0,0,8
480,6,4,22
434,6,0,0
527,7,2,0
320,0,3,0
631,5,6,11
362,1,6,227
591,7,4,10
472,2,1,8
150,1,1,0
51,5,5,6
496,6,3,0
488,2,3,0
526,1,2,129
330,4,4,26
497,5,5,45
714,3,2,22
509,6,3,15
266,4,0,0
310,7,6,43
319,2,2,0
381,3,2,11
630,6,5,11
130,0,6,59
364,3,1,0
144,0,7,23
81,1,1,0
582,2,5,34
194,4,3,36
232,5,7,13
506,0,2,23
210,1,7,93
425,0,5,39
660,2,0,0
193,7,0,5
19,0,3,140
345,0,5,0
721,3,0,0
383,5,2,0
309,0,3,83
696,4,3,22
675,2,2,119
651,5,3,20
669,2,1,0
547,6,0,0
114,5,6,23
490,2,0,0
246,1,7,0
705,1,4,78
604,6,1,0
361,6,7,0
75,0,5,0
382,4,3,63
594,2,6,291
687,2,0,0
401,1,0,0
146,3,5,7
701,7,5,35
423,5,3,7
548,5,1,9
210,2,7,40
322,2,5,6
316,0,3,32
438,6,7,0
304,7,4,6
124,3,2,0
20,1,4,38
671,2,0,0
31,2,3,0
13,7,1,0
273,7,0,0
112,0,1,4
558,4,3,135
232,0,1,0
207,4,4,36
244,5,0,0
592,3,4,186
61,3,4,64
431,4,0,12
488,5,0,0
621,0,2,36
403,6,4,18
571,2,7,110
321,3,0,0
55,6,0,0
327,0,0,36
537,6,6,0
37,3,2,11
181,0,1,0
386,3,1,7
226,4,6,0
124,1,4,4
227,3,1,0
434,3,2,20
543,2,2,144
344,0,2,0
60,1,7,485
661,1,6,141
627,4,7,37
575,0,5,722
575,2,7,142
88,5,0,0
206,6,0,0
566,6,6,16
566,7,2,0
695,5,7,41
656,6,2,0
371,6,5,0
490,1,6,0
115,5,6,20
400,1,2,96
596,7,7,10
279,0,2,9
399,1,2,78
634,7,1,0
11,4,5,68
531,6,5,31
235,2,0,0
514,2,5,9
277,2,3,5
596,6,4,27
471,1,7,111
157,7,0,0
576,3,4,159
286,1,2,52
688,2,7,181
585,0,2,0
501,2,2,50
222,3,4,0
681,6,1,0
398,0,3,53
290,2,3,0
287,3,1,9
681,7,5,0
119,2,1,0
150,6,7,0
186,6,5,4
501,5,2,0
629,5,1,0
334,3,7,46
495,1,2,167
125,1,6,0
221,4,3,21
425,2,5,149
576,3,1,44
690,0,7,0
431,5,7,39
639,0,4,0
499,2,1,0
701,5,0,0
393,0,1,0
531,7,6,9
412,5,2,7
402,1,7,126
559,2,6,26
456,1,4,56
1,5,2,0
616,4,2,0
391,7,0,0
434,1,0,0
72,5,1,0
206,3,6,88
194,0,2,12
118,6,3,4
227,7,0,0
200,6,4,0
387,0,5,119
24,0,6,25
237,5,1,21
398,5,0,0
344,1,0,0
539,2,5,0
338,1,7,75
75,0,1,0
231,3,7,21
444,4,3,20
213,1,2,65
373,5,0,0
503,6,7,8
725,2,1,23
92,4,3,60
414,4,1,12
213,3,2,5
189,2,4,77
448,2,6,45
14,0,1,14
261,5,6,17
129,0,6,56
547,4,7,129
238,3,2,0
647,5,7,108
634,1,5,37
393,0,4,0
60,3,4,169
94,0,5,41
548,0,6,264
720,5,1,0
689,2,1,0
125,5,6,0
443,2,3,0
538,4,1,0
565,4,5,84
101,2,7,0
286,3,0,0
461,6,3,0
93,6,2,4
125,6,0,0
632,1,1,0
224,3,1,0
25,2,2,9
133,4,3,21
713,6,2,0
236,3,6,47
177,2,7,0
541,3,2,15
192,2,6,12
705,1,2,56
55,4,0,0
170,5,7,0
435,1,1,0
527,5,1,0
419,1,1,0
699,0,2,69
275,2,2,9
588,5,2,0
329,0,0,0
97,3,7,13
270,1,3,0
374,5,4,0
230,2,5,37
611,7,2,0
120,1,2,13
411,0,5,101
293,6,7,9
697,5,1,69
385,4,7,30
416,7,7,0
622,7,7,75
4,2,4,3
534,5,0,0
267,0,5,14
42,5,1,11
393,3,0,0
184,6,7,0
725,5,2,14
437,2,4,78
463,6,4,0
143,3,2,7
152,6,3,0
382,5,7,68
109,2,5,66
702,4,7,169
77,6,6,0
242,6,4,17
288,7,7,98
365,4,5,50
266,0,4,32
487,0,1,0
169,4,0,0
193,1,0,0
109,3,5,27
149,5,7,0
572,2,4,184
672,1,1,12
333,0,4,200
581,6,4,0
659,1,6,388
46,4,7,14
140,3,1,7
530,7,4,0
494,2,7,86
409,5,0,0
426,3,3,55
399,4,4,78
677,7,7,0
44,4,0,14
364,0,3,22
372,5,7,22
385,0,1,7
557,3,3,42
262,2,5,80
203,4,0,0
69,2,7,169
406,5,4,78
428,0,6,188
255,1,0,5
391,0,7,37
523,6,6,15
269,2,0,0
234,3,1,5
527,2,0,0
507,7,5,15
178,7,0,0
426,6,3,0
295,3,4,19
236,5,1,8
285,4,3,47
670,4,6,1082
499,7,7,0
102,6,5,13
317,0,5,36
633,1,4,11
494,3,1,36
512,3,1,0
129,2,6,362
164,5,7,256
452,3,4,33
611,3,5,0
107,5,7,17
268,3,3,0
14,7,7,0
674,1,0,0
235,2,1,0
18,5,0,0
689,7,2,0
668,4,7,71
43,5,6,269
226,6,4,0
223,2,2,0
81,2,7,111
106,2,2,6
44,4,1,83
434,6,4,8
164,2,4,172
262,4,5,161
245,4,5,9
562,5,6,0
718,7,1,0
522,4,0,0
469,2,5,194
264,7,5,9
694,1,0,0
297,3,0,0
252,6,3,0
527,4,2,0
724,2,6,3717
238,1,2,50
87,6,7,16
725,6,3,82
624,2,2,37
697,2,5,259
432,4,6,303
386,5,7,18
260,5,6,250
583,6,0,0
290,5,4,0
238,6,1,0
518,7,3,0
54,6,0,0
264,6,7,5
728,4,1,132
146,7,1,0
354,0,4,64
574,6,1,0
42,6,2,11
262,2,6,89
226,7,1,0
706,4,3,156
202,3,7,8
530,5,4,31
685,3,3,309
710,6,3,0
68,5,3,6
499,1,2,109
122,3,0,0
488,0,7,0
315,5,0,0
127,6,2,0
122,1,1,4
6,6,2,0
440,7,7,0
79,3,1,0
430,1,7,132
509,0,0,0
159,5,5,215
716,5,1,0
643,7,0,0
553,4,6,168
122,0,3,4
423,4,7,125
101,4,2,0
397,5,5,60
466,4,7,8
489,4,6,0
293,4,1,9
297,4,7,9
543,2,1,0
401,3,4,53
349,2,3,114
665,6,3,31
723,0,7,790
188,6,1,0
698,2,6,596
611,2,5,36
286,4,3,93
516,3,2,9
532,3,3,49
99,6,1,0
450,1,1,13
126,6,0,0
477,0,3,96
322,6,5,32
702,3,2,22
420,3,3,39
459,7,5,13
419,2,4,0
662,4,6,71
572,1,3,168
230,6,0,0
529,5,2,55
498,6,4,8
116,3,6,77
277,2,2,5
713,2,0,0
648,2,6,133
632,5,7,0
710,6,0,0
699,6,2,0
687,5,3,0
396,4,6,30
478,2,7,96
525,6,3,9
403,4,1,7
25,5,7,6
724,4,1,95
332,4,2,0
411,2,1,12
300,0,2,15
381,6,0,0
28,3,1,3
269,2,2,5
406,3,6,715
169,6,2,4
662,2,2,82
189,7,2,0
580,4,5,71
244,7,1,0
380,5,2,0
221,3,2,0
450,4,4,86
65,4,4,75
118,7,4,13
67,5,2,3
269,3,4,23
216,0,2,26
162,6,6,4
680,3,1,0
30,0,1,0
546,6,1,0
57,3,5,102
357,7,3,6
215,0,1,16
9,2,1,0
672,2,6,1058
615,2,6,64
531,4,5,135
125,1,0,0
464,0,3,0
517,6,2,0
489,7,5,0
554,0,5,177
84,7,4,4
276,0,1,0
369,5,6,0
45,0,3,63
178,6,3,0
526,6,4,23
514,4,3,9
466,1,2,0
645,7,6,30
147,1,7,0
26,7,7,0
19,4,4,41
557,1,2,32
514,6,1,0
52,0,4,0
218,0,0,0
613,0,4,11
131,7,1,0
644,7,7,0
574,2,3,252
79,4,7,0
127,2,5,0
446,3,0,0
731,5,4,118
249,4,7,5
312,7,1,0
402,2,4,66
122,0,5,4
45,2,7,63
653,7,3,0
517,4,1,15
605,0,1,0
328,0,3,57
428,2,4,94
650,1,2,165
638,1,7,60
185,0,3,34
417,5,5,0
666,3,2,20
3,0,1,0
57,0,5,177
436,7,2,0
301,3,5,187
192,7,3,0
179,6,2,7
526,4,4,99
424,6,0,0
612,1,1,0
507,1,2,29
426,6,2,7
630,5,2,0
152,2,6,66
573,4,2,0
423,0,1,12
245,4,6,0
348,6,5,0
717,3,5,324
44,3,6,1055
221,6,6,5
353,6,7,54
582,2,3,27
560,7,6,0
179,7,5,0
285,3,4,41
371,3,0,0
424,1,2,113
704,4,6,225
225,6,0,0
601,0,4,110
684,3,0,21
695,5,3,12
164,3,6,2026
211,6,5,12
471,3,5,96
575,1,6,864
97,1,3,73
24,1,5,34
637,4,1,19
295,1,5,0
568,4,6,84
436,3,1,0
421,6,0,0
283,4,7,32
540,0,6,15
14,4,4,44
690,6,3,0
521,7,6,9
46,2,5,104
472,3,0,8
431,6,2,39
419,7,7,0
345,5,0,0
426,1,1,12
444,7,3,0
431,3,2,63
225,2,4,0
486,2,5,22
489,0,6,0
598,4,2,0
266,4,5,52
579,2,6,264
120,5,4,11
694,2,1,0
471,1,6,56
32,3,7,6
592,3,6,247
688,6,7,0
416,6,4,0
3,3,2,0
389,1,3,37
488,6,3,0
720,3,2,14
387,5,2,23
117,6,6,10
492,6,2,0
340,1,7,37
710,1,6,13
178,3,0,0
46,4,4,32
722,0,3,213
575,1,3,393
65,3,0,0
141,2,2,76
705,1,6,78
635,1,2,0
235,1,2,26
655,1,2,12
615,0,6,28
684,1,4,33
648,0,0,20
469,3,0,0
605,0,0,11
550,4,1,15
338,7,7,0
429,2,7,94
574,0,0,16
723,7,4,14
615,0,3,28
560,0,3,10
180,0,0,0
223,3,2,0
528,3,3,135
486,4,0,0
682,3,7,12
391,0,5,0
341,6,6,0
273,2,2,0
118,5,0,0
52,2,6,3
265,2,0,0
370,5,4,0
13,6,6,22
219,0,4,13
149,4,7,0
643,4,4,49
553,1,4,74
185,4,0,0
649,1,6,63
570,7,6,10
441,3,1,0
620,5,1,0
77,6,0,0
296,0,3,6
319,4,4,6
167,3,3,62
105,7,7,33
125,0,6,0
534,4,7,15
147,3,0,0
404,4,3,108
475,0,7,151
308,1,3,30
554,4,1,0
167,1,0,0
652,6,1,0
701,0,6,1474
488,0,0,0
353,6,4,6
651,7,3,12
54,2,3,12
36,4,1,11
305,4,2,0
579,4,6,78
445,7,7,66
108,6,6,6
623,4,5,103
62,2,3,105
687,7,7,0
297,1,3,0
653,1,0,0
31,0,3,0
643,3,1,0
719,1,4,22
405,3,5,417
336,1,1,0
112,2,4,29
272,4,2,0
376,1,6,85
241,4,7,22
551,7,3,0
492,2,2,36
514,7,5,0
269,6,5,0
371,7,6,7
695,4,6,148
146,5,5,18
303,1,4,55
617,3,4,92
39,7,1,0
269,5,3,0
16,4,2,0
420,3,6,7
260,1,1,0
152,2,3,11
681,3,5,12
282,7,3,0
473,5,3,0
311,5,0,0
1,3,4,0
414,3,2,12
640,2,0,0
371,4,7,0
156,5,1,0
208,7,1,0
467,5,6,0
391,2,3,18
125,1,7,0
479,1,0,0
260,6,6,17
367,4,5,7
415,7,2,0
404,0,0,11
7,0,2,3
295,4,3,211
72,2,0,0
455,4,7,53
231,2,4,21
413,6,2,0
516,0,3,53
432,4,1,33
359,5,3,17
118,3,1,13
412,1,5,94
404,0,6,220
76,4,7,10
27,6,4,0
431,5,6,282
17,4,5,87
387,7,2,7
553,3,0,16
358,5,0,0
212,6,7,8
491,7,5,0
101,1,2,6
22,6,3,5
6,3,4,0
153,4,3,37
511,0,4,0
588,7,5,0
482,3,3,50
121,5,3,48
541,7,0,0
374,3,5,103
420,6,4,0
54,6,3,0
621,3,6,110
723,4,6,1638
407,5,7,23
200,2,7,0
702,1,7,246
644,5,2,0
591,3,5,122
425,1,4,70
377,0,1,0
300,1,2,15
523,7,7,9
574,7,4,0
243,0,0,0
132,4,2,0
14,6,1,0
651,1,1,12
533,3,7,49
64,5,3,3
428,0,1,12
586,0,4,10
680,4,5,0
551,4,3,111
684,0,2,128
399,0,6,96
276,4,6,5
209,2,3,56
351,4,4,54
241,1,0,0
157,6,5,62
466,2,5,0
0,6,5,14
148,7,4,0
34,7,7,32
546,5,2,15
415,2,3,12
521,3,5,176
333,1,4,93
727,3,4,1107
452,0,6,33
486,1,5,8
46,7,4,6
341,1,4,10
26,7,2,0
728,5,5,1003
715,5,2,13
387,2,2,48
42,5,0,3
668,3,3,133
707,6,1,0
614,2,0,0
690,3,2,0
296,3,1,0
193,4,3,25
693,0,3,523
498,4,7,217
14,3,6,41
330,1,5,123
1,1,1,0
289,1,7,30
518,0,6,99
556,1,2,42
118,3,2,0
644,3,0,19
425,2,3,55
622,1,1,0
464,0,6,8
612,6,0,0
194,4,2,0
502,2,1,8
661,2,6,447
621,1,5,64
461,6,6,0
292,4,3,79
340,5,4,17
157,1,1,4
278,3,4,23
544,6,6,40
587,3,5,10
374,5,2,0
546,2,0,0
284,6,2,0
284,7,1,0
660,1,7,12
680,5,7,0
229,0,7,0
148,1,6,4
635,5,7,0
155,3,6,110
362,1,1,7
491,6,7,8
322,3,5,6
679,5,3,0
687,7,1,0
15,6,3,3
435,4,2,0
243,3,4,22
722,0,4,390
633,0,2,0
316,0,4,32
252,4,7,5
307,3,2,15
93,2,7,202
37,7,4,11
112,2,3,29
635,7,1,0
134,5,2,0
356,3,6,237
520,7,2,0
557,5,6,0
663,5,3,0
50,6,4,0
698,1,4,69
41,2,3,140
204,2,1,0
33,0,4,278
119,4,5,17
455,3,4,111
402,4,4,41
731,7,7,14
636,4,3,11
653,1,3,63
245,7,3,5
431,0,6,262
243,3,0,0
586,4,0,0
294,5,6,6
199,7,6,0
197,5,5,8
568,0,0,10
440,5,6,0
154,7,1,0
416,2,5,7
250,6,0,0
191,0,3,53
297,5,5,0
37,2,4,66
163,4,5,307
535,3,4,0
417,4,3,0
678,7,4,0
298,5,6,0
451,4,4,78
671,1,6,1325
133,0,4,109
720,3,0,14
651,6,1,0
558,2,7,58
169,7,5,4
615,1,4,28
412,4,1,24
66,3,6,987
325,3,3,103
708,1,7,43
473,6,3,13
607,7,0,0
120,6,3,4
399,5,2,0
582,1,4,10
566,1,4,94
330,1,1,0
406,1,4,227
620,6,5,0
495,0,1,22
195,2,1,0
34,7,1,0
228,6,1,0
280,4,0,5
697,2,2,125
569,1,0,0
228,7,6,0
675,6,4,74
458,6,7,42
355,4,1,17
288,2,0,0
721,0,1,73
154,4,6,77
711,7,4,0
705,1,1,13
620,2,4,75
606,7,6,0
498,2,5,173
389,7,1,0
725,4,6,1039
289,3,1,6
549,0,2,25
234,3,4,13
520,1,3,143
446,0,5,13
215,3,2,33
388,1,7,23
571,2,1,0
339,4,4,27
493,4,0,0
551,0,4,95
640,1,2,60
570,6,0,0
545,4,6,80
328,1,7,71
454,4,2,8
336,3,5,422
70,1,6,431
369,5,4,0
370,0,0,0
720,0,6,295
622,2,1,28
89,7,0,0
107,1,7,20
407,5,1,30
563,4,5,10
445,4,7,53
76,5,7,0
78,1,5,0
81,2,2,63
601,5,4,28
93,0,0,10
688,0,6,54
110,3,7,37
563,7,5,0
111,0,0,0
364,4,2,0
15,0,6,164
104,6,1,0
655,5,0,0
388,3,3,53
461,4,4,48
510,3,2,15
250,5,0,0
45,6,2,14
3,1,2,5
721,4,1,236
605,3,5,75
86,4,0,4
120,1,1,0
99,1,1,0
726,3,4,399
475,1,1,13
343,7,1,0
103,2,7,0
414,0,6,12
453,0,7,45
15,1,0,0
207,3,1,12
265,6,4,0
569,0,3,84
669,6,0,0
168,6,4,7
496,3,6,167
79,1,6,6
287,6,5,52
257,3,3,161
603,5,5,75
614,5,5,36
564,0,4,10
166,7,6,0
12,7,3,0
501,4,3,95
424,7,5,12
130,3,5,139
534,6,3,0
277,2,5,32
466,2,3,21
577,3,0,0
472,5,0,0
639,1,1,0
566,4,1,0
436,5,4,53
217,1,5,47
527,7,0,0
238,4,0,0
106,3,2,0
600,5,6,156
724,5,5,508
667,2,7,133
406,3,0,7
645,4,4,127
405,6,0,0
26,5,0,0
693,1,6,214
158,7,6,4
145,6,4,11
408,7,2,0
1,6,4,0
431,2,4,156
266,7,1,0
697,4,2,0
583,3,2,0
351,2,3,102
479,3,7,34
116,4,7,56
621,3,3,139
402,4,3,18
474,6,7,42
636,6,2,0
246,4,3,9
567,7,6,0
16,6,5,22
685,4,0,0
709,5,6,0
100,7,1,0
651,7,5,31
164,6,0,0
253,5,0,0
217,2,3,42
32,7,7,0
320,3,6,6
716,4,7,78
683,6,3,0
203,3,7,45
501,4,7,81
540,5,0,0
86,2,2,44
221,7,0,0
218,0,5,13
674,5,7,41
210,5,0,0
368,7,1,0
464,6,4,0
557,7,4,10
248,5,2,0
609,1,1,0
497,5,4,14
422,3,1,12
76,1,1,0
28,1,1,0
660,4,2,0
495,4,7,81
149,2,4,4
132,4,1,4
423,1,7,75
619,3,2,0
692,2,0,0
393,0,0,0
484,0,0,8
371,4,5,7
92,7,1,0
557,4,3,126
102,4,2,0
183,7,2,0
108,1,4,6
304,1,5,92
47,3,1,6
501,6,1,0
320,5,6,0
295,0,2,9
566,4,7,26
295,2,1,0
374,1,4,135
85,2,7,117
681,3,3,21
392,3,2,0
202,6,7,5
177,7,2,0
253,0,4,17
600,4,3,185
446,5,5,20
712,7,3,0
721,4,4,45
287,2,6,65
375,1,7,107
447,0,1,0
490,0,0,0
709,3,4,0
621,4,7,28
136,2,4,83
439,0,2,13
237,1,6,34
188,3,5,27
577,7,2,0
200,1,2,0
584,4,6,17
610,7,1,0
558,1,0,0
629,6,6,0
690,4,6,0
101,0,5,0
475,6,5,13
473,4,2,0
360,7,7,68
82,6,0,0
360,2,5,574
320,2,2,0
643,2,6,86
450,7,2,0
571,3,1,10
728,7,3,36
582,4,2,10
300,0,5,0
377,2,0,7
436,7,1,0
86,0,1,22
94,3,0,0
608,0,2,0
42,0,4,287
586,5,1,0
285,3,2,0
646,5,5,49
132,1,5,178
249,2,7,0
95,1,7,44
399,2,5,112
144,4,2,4
656,6,0,0
139,6,1,0
210,5,2,12
417,7,0,0
311,0,5,264
293,5,7,19
223,2,3,0
409,2,7,75
196,4,3,33
533,3,1,9
550,5,3,15
226,7,4,0
337,6,3,6
420,7,1,0
396,7,5,0
397,5,3,11
672,4,7,148
685,7,7,33
293,6,0,0
491,4,6,0
659,2,6,0
564,3,5,32
207,6,7,12
221,6,3,0
574,6,5,26
210,2,6,149
672,3,7,161
536,0,4,15
54,1,6,0
281,3,6,18
363,4,5,79
329,6,0,0
377,6,2,0
696,4,6,99
563,1,6,42
158,1,3,77
175,5,2,0
291,7,2,0
376,6,2,7
256,2,5,80
68,7,3,3
61,1,6,175
309,7,0,0
577,4,7,88
228,4,4,5
601,0,6,149
7,3,1,0
216,7,2,0
372,0,1,0
232,2,2,26
104,6,7,29
203,3,4,45
552,5,1,0
77,3,5,0
287,4,4,52
470,4,6,34
364,0,2,28
40,0,7,353
617,5,5,36
208,0,3,45
146,1,3,23
653,5,0,0
18,2,5,434
334,4,7,71
524,3,4,91
458,0,0,8
188,4,3,15
124,4,1,0
108,6,1,4
731,5,7,236
380,1,5,159
62,5,3,21
2,3,2,0
371,2,1,0
516,4,0,0
665,1,7,204
234,6,5,16
344,3,1,0
312,5,0,0
659,6,7,0
189,6,0,0
629,1,5,60
688,5,6,33
647,4,3,116
200,5,1,0
679,1,2,12
634,2,0,0
320,2,3,0
639,6,0,0
46,0,6,109
690,7,0,0
194,6,3,16
647,0,6,146
143,2,3,56
100,1,7,0
9,2,0,0
64,3,0,0
603,7,7,18
423,5,1,0
488,5,2,0
288,6,6,40
504,1,4,53
511,7,6,38
318,4,2,0
343,5,3,6
90,1,3,67
281,6,7,5
274,6,0,0
313,6,5,10
546,6,3,9
698,1,2,112
403,3,5,197
570,0,0,26
219,4,0,0
136,4,1,4
560,4,3,42
384,0,5,351
623,7,6,46
381,0,4,96
592,5,6,71
477,7,2,0
2,3,3,0
518,4,2,0
216,1,0,0
596,7,2,0
681,6,4,0
600,6,7,92
700,2,2,78
597,4,7,132
176,0,6,0
323,5,6,0
74,3,1,10
3,6,6,8
553,0,6,561
327,0,7,109
155,1,5,242
673,6,2,0
478,0,7,138
394,3,3,7
677,2,2,21
644,3,5,205
220,3,7,0
36,6,2,0
12,7,2,0
268,2,7,9
403,2,0,0
80,3,1,0
686,4,0,0
82,5,1,0
3,7,6,5
42,4,6,725
247,1,0,0
614,2,2,28
514,5,3,0
388,2,1,0
96,6,4,10
477,7,5,0
71,4,5,81
146,4,0,0
471,3,1,34
199,5,4,0
214,4,0,0
147,5,3,4
259,7,1,0
276,7,7,0
142,3,2,7
255,7,0,0
687,1,6,0
84,3,3,98
382,7,7,11
399,6,5,18
110,6,2,0
677,3,4,128
536,3,1,0
229,7,4,13
67,2,7,244
72,3,0,0
307,7,4,0
378,5,2,7
195,6,6,0
295,7,5,6
254,6,2,9
206,7,1,0
69,1,1,0
119,7,4,0
566,3,5,84
397,3,3,78
314,4,3,135
11,4,3,46
529,7,7,9
604,3,5,324
425,7,7,70
673,0,1,12
285,5,7,56
163,5,2,11
180,1,3,4
591,3,4,298
328,4,4,42
723,7,5,309
583,2,1,0
655,0,7,20
558,0,1,16
311,7,6,9
469,6,4,0
78,7,5,0
418,1,7,0
246,4,5,0
236,0,5,64
319,0,6,0
267,2,1,0
535,3,6,15
60,3,0,0
603,2,1,0
339,5,3,10
114,4,0,0
541,7,5,0
556,6,6,0
511,3,7,0
536,0,1,0
355,7,2,0
48,7,7,0
547,1,7,209
626,5,6,19
441,2,2,13
379,7,2,0
362,4,4,103
566,2,7,100
229,1,5,16
672,1,2,54
554,1,3,84
505,5,3,0
316,1,5,46
403,0,6,186
536,4,6,0
210,0,5,154
487,4,1,8
462,7,6,8
543,0,5,160
210,0,2,20
655,7,6,12
287,6,3,0
388,5,5,18
251,1,3,27
103,1,0,0
388,5,3,18
301,0,7,74
585,2,2,0
284,4,7,38
632,1,2,0
515,1,6,15
80,7,0,0
163,0,1,51
467,1,0,0
164,3,1,7
136,6,4,17
255,3,5,84
2,0,0,0
174,7,3,0
60,4,4,51
605,5,4,0
328,7,4,0
434,7,2,8
109,7,3,6
696,7,5,22
666,6,2,0
542,5,7,31
71,3,6,94
382,2,3,210
134,4,0,0
455,5,1,0
612,1,0,0
401,6,0,0
483,1,0,8
174,1,1,7
539,2,3,9
560,6,1,0
291,0,4,0
636,5,1,0
355,7,3,0
3,5,1,0
468,2,3,48
61,5,1,3
141,1,3,52
473,7,7,0
45,3,0,0
263,0,7,89
367,6,6,0
186,5,7,15
634,4,5,19
703,2,1,13
506,7,3,0
327,5,1,0
529,0,2,31
683,5,4,0
38,4,6,68
405,0,5,280
259,2,0,5
668,2,2,71
44,0,2,43
406,5,5,96
88,7,1,0
288,2,3,40
205,7,5,5
551,6,2,9
291,7,3,0
42,0,2,135
140,0,1,7
126,5,4,0
39,4,5,147
235,7,1,0
36,5,5,118
177,7,5,0
322,0,2,0
183,0,0,7
675,2,1,0
489,6,5,0
18,0,0,3
334,7,1,0
78,2,4,0
191,1,6,34
85,2,1,0
366,6,6,0
611,6,3,0
575,3,5,1216
328,7,0,0
42,1,4,23
675,4,3,107
457,1,2,27
377,5,6,35
642,6,2,11
609,0,1,0
312,0,0,10
258,7,4,5
15,4,2,0
561,3,4,10
575,2,5,703
168,7,1,0
700,2,6,2036
74,4,3,12
282,0,1,9
335,2,0,0
443,2,6,0
387,6,2,0
612,6,2,0
634,0,6,0
731,2,7,154
413,7,4,7
651,6,5,82
109,2,4,6
723,3,1,0
55,2,6,6
86,1,5,604
240,7,6,0
540,0,4,15
95,5,0,0
139,1,2,35
135,6,2,0
317,2,6,57
33,7,1,0
611,4,4,36
234,6,0,0
601,5,3,11
455,1,7,91
690,6,7,0
360,6,0,0
351,7,2,0
240,2,1,0
399,2,7,119
480,1,6,443
692,0,4,0
261,5,5,39
564,1,5,32
499,6,5,45
331,7,6,42
307,2,7,9
452,5,6,13
22,6,6,5
595,3,0,0
152,3,6,128
119,2,6,40
699,2,0,0
157,2,3,69
225,5,7,5
375,6,5,39
3,0,7,3
239,2,2,34
158,3,2,0
668,6,0,0
23,3,6,49
133,6,1,0
682,7,3,0
31,6,6,0
209,1,5,154
90,6,2,0
113,3,0,0
123,2,0,0
355,3,6,162
221,0,2,13
35,3,1,23
524,7,1,0
526,7,7,15
543,1,3,249
659,5,6,0
492,5,7,8
667,4,6,122
1,2,4,8
145,4,6,23
327,6,2,0
190,2,1,0
425,5,3,39
236,3,1,0
563,3,6,52
520,3,0,0
566,5,6,52
134,2,7,83
296,7,4,0
570,7,2,16
179,5,0,0
667,6,2,0
687,6,6,0
159,6,6,44
603,2,0,0
450,4,5,86
646,4,0,11
444,7,4,0
120,6,4,11
588,2,0,0
539,6,0,0
396,2,0,0
69,3,3,90
155,7,0,0
350,5,2,6
154,3,6,388
616,6,4,18
49,4,1,15
379,7,6,11
341,3,1,6
614,1,3,46
643,1,5,116
453,7,1,0
123,0,4,0
241,3,1,9
396,5,3,18
104,5,4,4
27,1,1,0
53,3,3,3
491,0,3,14
172,2,1,0
22,3,4,46
370,6,5,7
372,7,1,0
183,7,7,0
483,1,4,14
548,6,3,0
48,0,0,3
509,4,6,29
392,1,7,11
15,1,4,14
136,1,5,230
422,1,2,70
691,4,3,0
560,2,4,0
524,3,5,161
155,5,2,0
527,4,7,67
436,0,0,0
674,4,7,41
669,6,3,31
192,4,0,0
703,4,4,56
482,4,1,0
50,2,0,0
127,7,5,0
714,2,1,0
198,6,3,0
299,3,2,0
148,3,3,0
196,3,7,12
247,0,2,0
278,1,0,0
630,7,0,0
154,7,2,0
691,2,7,12
304,2,3,89
189,0,6,24
63,7,3,3
128,0,0,13
9,0,0,5
415,1,5,12
644,0,1,0
693,3,6,247
395,5,0,0
6,1,2,0
203,5,0,0
659,5,0,0
307,7,6,0
515,5,1,0
144,6,0,0
414,2,1,0
568,7,5,10
689,5,7,0
480,6,0,0
502,1,0,14
640,2,2,37
63,4,1,12
310,5,6,255
656,7,2,0
35,0,5,593
71,4,2,0
337,4,7,75
162,4,0,0
363,1,0,0
377,1,2,57
653,2,5,39
497,2,3,109
144,5,3,7
8,0,0,30
346,6,1,108
600,5,4,103
384,6,6,23
378,4,7,68
432,1,1,13
445,5,1,0
450,6,2,0
605,5,5,18
441,2,7,0
334,7,0,0
189,2,3,24
485,0,4,14
452,7,6,0
118,5,2,0
68,6,6,184
626,0,5,67
403,0,4,37
387,3,3,96
548,4,7,135
216,7,5,8
134,1,2,28
397,7,0,0
585,0,4,0
196,4,5,20
88,4,3,16
566,0,6,32
562,7,1,0
442,7,1,0
619,0,0,28
243,2,1,5
650,7,1,0
503,4,3,59
349,4,0,6
289,6,2,0
329,3,5,113
235,0,6,26
521,5,5,275
619,4,3,110
53,5,0,0
450,4,0,0
178,0,7,7
602,1,2,75
417,2,1,0
124,1,1,0
339,6,6,10
94,4,5,73
333,7,0,0
39,6,3,18
19,0,5,642
97,6,5,13
79,6,5,0
652,3,2,31
88,1,0,0
619,7,6,0
397,7,3,7
215,3,5,76
627,2,4,86
156,6,3,0
256,2,0,0
89,7,4,0
71,2,6,169
118,1,7,54
69,2,5,864
420,6,2,0
288,5,6,9
685,3,2,21
255,4,4,106
377,2,5,188
698,2,5,246
80,2,3,19
17,6,4,0
146,0,6,11
69,6,0,0
7,2,3,3
565,5,7,58
545,3,6,151
540,3,2,0
500,6,6,22
274,7,5,0
23,5,0,0
250,0,1,0
60,5,5,96
99,2,4,10
17,4,2,3
275,7,6,122
76,4,3,28
47,1,3,52
433,7,3,0
5,2,5,0
617,6,0,0
349,0,7,44
259,5,3,5
559,1,1,0
117,1,4,17
323,0,3,6
332,2,5,113
236,1,6,16
567,2,0,0
166,7,4,7
111,2,7,43
594,6,7,115
497,6,7,22
293,7,0,0
702,4,2,0
98,7,1,0
5,5,4,0
441,0,0,0
161,7,5,7
107,6,2,0
421,3,4,106
95,0,7,47
367,6,5,0
334,0,1,6
413,4,2,0
499,4,3,36
134,7,5,17
64,0,1,3
585,4,4,0
491,2,1,0
90,4,4,85
98,4,3,143
226,6,1,0
360,3,5,517
453,3,7,53
175,1,4,0
640,7,2,0
262,0,2,22
358,5,2,6
318,0,0,0
172,3,6,12
66,1,1,3
669,0,4,122
526,4,5,237
605,7,7,0
97,0,0,17
61,0,3,171
642,5,0,0
488,2,5,0
393,1,5,0
464,5,6,0
593,0,1,10
665,6,7,39
90,3,5,132
83,0,4,344
259,4,0,0
710,0,4,0
483,0,3,50
480,0,5,521
379,0,4,68
467,6,5,13
133,0,7,94
536,6,4,0
167,7,1,0
414,1,3,31
0,7,4,0
204,2,2,56
282,0,3,29
269,7,3,0
342,4,2,0
706,5,3,0
129,0,1,0
702,1,6,1854
392,5,1,0
311,4,2,0
60,7,2,0
199,2,6,0
660,5,4,20
153,5,2,7
291,1,7,0
467,6,1,0
523,4,1,9
394,4,4,0
332,5,4,6
717,4,3,43
486,3,2,0
285,2,7,29
493,2,6,86
337,7,2,0
35,2,2,319
358,0,5,605
429,7,6,7
716,4,5,156
410,1,5,156
425,0,4,70
259,6,7,9
194,7,2,0
647,1,2,205
379,4,2,0
483,5,0,0
93,1,6,53
302,5,4,9
660,6,7,51
637,6,1,0
216,0,7,42
565,0,7,152
57,2,4,431
326,3,5,42
277,5,4,5
561,1,7,0
211,1,4,40
419,6,4,0
229,7,5,0
78,3,4,12
571,4,3,168
67,1,2,145
195,4,2,0
153,1,7,69
342,6,1,0
522,4,5,99
115,4,3,50
69,7,2,0
572,1,6,252
487,2,5,14
177,4,7,12
535,7,5,0
412,2,2,12
252,6,6,14
663,6,5,31
302,4,6,68
177,3,1,0
150,1,4,0
597,0,1,10
163,2,1,7
548,6,6,89
399,2,6,149
201,7,4,0
51,0,6,3
490,4,7,0
294,4,1,0
371,1,4,0
374,2,7,96
495,3,6,137
663,4,0,0
692,7,5,0
585,2,4,34
392,7,5,0
201,7,7,0
151,5,3,7
595,1,7,78
416,2,6,7
182,2,7,24
225,6,3,0
396,3,7,0
721,1,3,141
446,7,3,0
428,4,0,0
374,6,1,0
158,3,1,4
714,1,7,0
673,3,5,333
29,4,7,9
624,1,2,97
457,4,7,90
315,4,3,119
73,7,6,10
385,2,0,0
299,4,3,43
264,7,1,0
610,7,4,0
517,4,3,38
73,6,5,4
385,7,7,7
489,7,7,0
159,0,4,91
205,3,6,36
170,4,6,0
715,7,0,0
108,5,5,23
702,1,2,259
720,5,4,95
442,2,5,0
9,2,3,237
256,5,4,9
313,2,2,26
427,0,3,125
84,6,7,101
364,1,4,28
404,0,3,149
17,5,3,8
547,2,0,0
715,3,6,56
97,5,3,13
54,7,0,0
350,2,3,91
542,6,0,0
290,3,5,0
211,4,7,137
144,2,5,25
310,2,6,490
275,4,4,9
445,7,4,0
630,6,1,0
166,6,7,103
140,7,0,0
240,7,2,0
396,1,0,0
438,5,3,8
725,5,3,23
247,1,1,0
301,7,0,0
258,5,5,67
233,6,2,0
414,4,7,24
45,0,1,14
313,0,5,251
415,7,0,0
614,6,2,0
146,7,5,7
84,7,6,4
715,1,7,324
251,2,1,0
365,2,4,7
644,0,3,86
728,2,2,731
534,3,4,25
483,1,3,123
247,5,6,0
643,5,2,108
677,6,4,0
555,7,6,0
435,2,6,33
443,5,0,0
175,7,6,0
504,3,1,23
209,6,4,8
45,2,0,0
119,4,4,37
427,1,7,149
211,2,0,0
362,5,1,0
159,4,3,11
502,1,5,334
168,4,1,7
409,0,3,51
440,2,7,13
198,5,7,8
172,2,5,7
313,6,7,10
679,5,7,0
656,4,0,20
334,6,5,160
227,1,4,5
684,7,0,0
594,4,6,230
52,4,5,0
208,5,4,12
74,6,3,0
307,0,3,74
593,6,4,44
240,5,1,0
398,3,4,60
689,4,1,0
425,4,6,75
67,6,4,36
423,7,7,19
25,1,7,20
62,2,1,3
203,7,7,0
627,3,3,30
483,0,2,22
492,3,2,8
415,2,7,19
137,7,6,0
600,3,6,267
456,6,1,0
533,5,6,31
625,2,1,0
599,6,2,17
503,2,0,0
359,5,2,0
479,7,1,0
117,6,3,4
433,6,0,0
232,3,0,0
197,1,1,0
583,1,2,17
487,4,0,0
351,6,0,0
308,6,6,0
44,2,4,106
192,3,3,33
79,0,0,0
631,4,1,19
561,2,1,0
495,0,5,153
0,0,1,0
361,2,2,68
255,6,2,0
213,2,4,76
538,0,7,0
460,1,1,21
508,0,0,0
609,1,7,0
191,6,4,7
404,3,0,11
409,5,6,149
722,1,2,309
524,5,1,137
44,2,0,3
104,4,0,0
296,7,3,9
370,3,7,0
234,2,2,5
232,0,6,13
549,5,1,0
0,7,2,0
237,4,3,16
716,1,2,69
41,5,6,218
91,6,3,16
517,7,4,9
113,6,4,13
117,0,0,4
625,4,4,213
606,6,5,11
432,4,4,119
405,0,1,18
146,5,1,0
253,2,4,151
255,3,1,0
553,0,3,94
669,7,1,0
286,4,6,18
727,1,3,1216
416,2,1,0
524,4,6,181
94,5,4,89
103,4,1,0
228,0,5,8
27,7,6,0
186,4,7,58
441,1,4,8
715,5,4,69
252,4,6,31
299,7,5,0
203,1,4,5
94,3,2,10
678,4,1,0
627,0,4,60
282,4,6,18
595,6,0,0
525,2,0,0
172,1,3,43
69,5,0,0
38,0,4,154
715,7,6,0
186,3,6,27
324,5,0,0
358,6,4,10
411,4,4,39
139,6,4,13
322,1,6,20
230,0,7,8
433,1,2,164
533,6,2,0
369,6,6,0
554,7,7,10
443,1,3,8
145,6,7,7
683,2,3,12
92,5,0,0
699,5,3,22
349,6,7,21
299,5,0,0
73,0,1,0
287,6,6,18
606,1,7,36
287,3,3,47
303,5,0,0
106,0,3,23
65,3,6,758
472,3,3,56
647,4,0,11
36,2,0,0
544,4,7,215
492,1,5,45
438,1,6,20
361,0,5,159
168,4,6,24
527,1,2,114
114,0,0,13
530,1,2,49
29,0,2,0
37,6,3,9
650,1,5,102
584,2,2,0
641,4,7,67
546,1,1,25
61,0,2,39
40,6,6,40
579,5,3,10
241,0,5,44
105,3,0,0
705,1,5,99
88,7,0,0
90,2,2,51
101,4,5,0
314,5,6,42
527,3,6,942
397,6,0,0
117,3,2,40
89,3,0,0
306,6,4,6
256,0,5,36
3,7,7,0
4,5,6,0
31,4,1,0
673,6,6,12
675,4,5,202
252,1,4,39
210,5,7,45
319,6,7,0
525,2,7,129
551,0,2,49
293,2,7,40
454,7,3,0
214,6,7,85
62,0,6,186
590,4,5,122
246,0,1,0
199,6,1,0
446,4,4,86
354,1,2,27
615,7,4,0
66,1,3,207
543,4,1,15
720,2,1,23
35,1,5,708
63,7,2,3
18,4,2,8
639,0,7,37
169,7,0,0
589,4,6,132
402,2,0,0
581,7,0,0
376,2,5,164
583,3,6,34
659,5,3,0
172,6,5,7
184,3,3,27
609,3,2,11
678,0,0,0
153,0,7,169
149,1,0,0
473,5,4,61
157,7,2,0
574,3,3,100
559,5,7,10
260,4,2,0
406,3,2,18
105,2,0,0
245,7,5,0
27,4,4,6
11,2,3,246
420,7,5,0
354,0,3,129
502,5,4,45
495,1,4,131
250,0,0,0
524,1,5,228
211,0,0,8
557,5,7,26
9,5,7,44
76,0,4,0
176,1,2,0
279,6,1,0
305,5,2,0
29,2,3,0
279,1,5,41
668,1,0,0
503,3,7,36
684,5,2,0
411,1,0,0
369,4,2,0
543,3,4,111
472,2,5,159
152,6,2,0
86,0,4,98
469,5,0,0
698,5,6,78
602,2,5,139
131,2,2,66
558,7,4,10
448,6,5,20
142,6,1,0
3,4,6,0
328,1,4,51
154,4,1,4
471,2,1,8
0,6,6,11
665,5,1,0
543,1,5,384
617,0,3,46
613,0,7,36
99,6,7,0
546,3,4,104
712,0,4,43
175,6,1,0
652,3,3,122
190,7,4,0
50,5,2,0
261,6,1,0
271,4,6,0
352,7,0,0
162,0,5,238
706,2,3,78
324,5,5,32
699,7,6,43
432,2,6,288
294,0,2,9
68,7,5,24
76,2,7,6
585,7,5,0
533,0,5,55
105,5,6,0
42,0,3,120
525,4,2,0
113,5,4,4
31,3,0,3
90,6,3,6
121,2,0,0
340,3,1,6
260,5,0,0
272,0,7,0
477,4,2,0
711,2,2,0
242,4,3,44
572,5,3,26
641,6,0,0
148,4,5,7
19,0,1,17
296,2,2,0
253,5,3,9
152,6,5,4
544,6,2,0
536,7,6,0
432,7,0,0
178,1,0,0
377,0,6,220
688,4,0,0
72,4,6,38
533,4,1,0
500,6,0,0
10,0,5,363
361,1,3,39
151,4,4,4
31,6,1,0
683,0,1,0
448,1,0,0
629,0,1,11
689,1,0,0
29,0,5,0
30,1,5,0
96,0,1,6
148,1,0,0
291,6,4,0
270,0,4,0
283,7,0,0
42,7,0,0
612,5,1,0
38,7,7,20
627,5,0,0
253,3,0,0
611,7,3,0
410,7,1,0
303,6,5,64
188,3,6,43
604,2,7,128
393,6,3,0
604,6,2,0
504,2,2,47
643,5,4,37
268,5,2,14
514,3,0,0
277,5,7,38
673,1,2,41
145,4,3,69
511,4,7,0
283,6,3,5
142,4,7,31
418,5,0,0
336,7,3,17
301,6,3,0
1,5,1,0
282,6,0,0
416,6,1,0
586,3,2,0
177,1,4,0
8,2,2,22
173,7,3,0
672,4,0,0
724,1,3,200
229,4,5,26
187,6,0,0
163,2,7,343
222,7,4,0
308,4,0,0
570,0,2,42
512,6,5,9
518,6,1,0
524,1,7,161
31,4,5,0
543,0,1,0
684,4,5,33
497,7,2,0
240,0,4,39
44,0,6,1095
493,7,6,0
551,0,0,15
141,7,0,0
168,7,4,12
43,6,7,49
497,6,1,0
174,0,4,7
129,6,2,0
142,0,2,31
201,2,0,0
437,5,1,8
352,0,5,227
219,7,3,5
578,1,6,186
725,0,7,731
318,4,1,0
383,4,6,675
180,5,4,4
452,1,4,53
533,1,6,31
701,5,4,35
711,6,5,13
301,0,1,6
160,6,1,0
674,0,4,128
433,6,7,58
722,6,5,59
511,3,4,9
548,3,2,49
462,0,0,13
694,1,6,226
43,3,1,9
572,1,0,0
173,6,4,0
307,7,0,0
79,3,5,0
508,0,1,0
544,2,0,15
37,7,2,0
345,3,0,0
123,4,4,4
440,1,5,0
433,5,6,139
380,7,4,46
666,1,7,204
647,1,4,108
125,3,2,0
443,6,5,0
12,4,5,44
125,6,2,0
418,2,0,0
30,6,5,0
656,0,1,0
351,5,3,395
296,3,6,0
154,7,5,7
68,3,2,27
706,1,6,69
282,5,6,0
597,3,3,142
304,1,4,19
223,2,1,0
219,2,1,0
494,7,2,0
707,4,6,13
39,5,5,92
35,5,3,11
248,2,7,0
519,2,0,15
686,1,5,0
603,2,6,149
328,0,1,46
120,4,7,24
224,2,7,0
684,7,3,0
501,6,4,45
353,6,3,27
400,7,3,0
591,3,7,115
283,5,1,0
68,6,3,49
342,6,2,0
658,6,2,0
44,7,7,29
206,0,1,16
84,3,2,57
446,0,0,40
220,1,2,13
628,3,3,30
623,2,3,110
632,6,1,0
386,0,5,160
650,2,3,141
703,2,4,112
653,4,6,63
511,6,5,15
114,5,7,20
540,3,5,15
148,1,1,0
156,1,3,117
437,6,3,0
177,2,4,0
658,7,1,0
453,4,6,66
566,5,4,10
31,6,7,0
543,3,6,120
259,0,1,0
40,4,2,0
389,5,6,11
553,2,6,461
40,1,5,654
119,4,0,4
640,4,6,78
335,2,5,505
392,4,1,0
224,2,2,0
408,0,3,43
347,1,7,6
509,4,1,15
13,2,0,0
450,1,6,20
470,2,6,61
551,2,1,15
713,4,5,22
71,3,7,21
59,6,3,0
409,6,3,0
353,1,5,118
641,2,4,108
184,2,2,24
142,5,2,11
256,0,7,72
358,5,5,195
76,2,4,4
706,4,1,22
16,2,0,0
35,5,4,32
392,0,1,7
255,0,6,36
599,5,1,0
505,0,3,67
296,1,7,0
182,7,0,0
341,7,2,0
562,0,0,0
394,5,2,0
439,0,3,40
524,0,0,9
631,6,7,11
141,2,3,74
611,3,0,0
604,7,3,0
398,2,5,96
304,3,1,0
187,5,3,0
291,3,3,0
73,2,0,0
345,3,5,0
473,5,1,103
419,7,0,0
168,7,3,0
454,6,0,0
198,2,4,0
410,4,2,0
149,4,2,0
228,3,1,0
699,5,5,112
701,3,1,22
257,4,7,27
306,0,4,55
177,3,3,24
229,2,3,26
668,7,7,0
729,5,0,0
628,1,5,97
572,3,7,100
86,6,1,0
648,6,3,0
624,6,6,78
10,7,7,8
323,0,6,0
264,7,2,0
148,6,6,0
479,4,2,0
82,0,1,19
183,4,1,7
466,7,4,0
79,3,0,0
390,7,3,0
510,1,3,76
492,5,4,0
729,7,4,118
84,6,2,6
114,7,7,6
14,3,7,30
185,4,3,19
618,6,5,0
30,0,3,0
50,0,3,6
715,2,0,0
109,1,0,4
386,7,4,11
290,1,6,6
71,4,4,30
261,3,1,9
273,0,2,0
245,5,2,0
339,3,0,0
394,5,6,0
636,0,4,0
237,7,6,13
255,7,2,0
637,0,7,0
537,7,5,0
440,0,1,0
21,2,2,27
566,5,3,52
573,5,4,16
333,3,3,61
283,5,7,18
430,2,3,106
662,4,7,184
711,2,6,22
626,3,3,60
566,6,0,0
294,2,7,15
689,0,4,0
394,3,7,0
586,3,0,0
297,1,4,0
368,3,7,0
107,1,4,10
569,2,1,10
455,2,5,45
240,1,2,27
474,0,3,90
307,3,5,104
445,1,0,0
249,3,5,0
525,1,3,114
381,2,1,0
82,1,2,152
79,1,7,4
180,6,3,0
584,2,0,0
113,5,1,0
498,1,4,72
511,2,7,0
426,2,4,75
682,6,2,0
406,7,6,0
189,7,1,0
398,3,0,0
19,6,5,17
68,0,4,235
360,6,7,39
60,2,7,196
288,4,4,64
209,6,0,0
166,2,4,128
653,0,0,0
371,4,3,17
120,4,2,0
48,5,6,9
38,5,0,0
458,4,0,0
204,4,6,20
322,6,6,6
411,3,3,51
438,7,1,0
223,6,2,0
513,3,3,0
137,3,3,31
650,5,0,0
250,2,2,5
573,4,0,0
28,7,2,0
654,2,5,20
407,7,4,11
597,0,5,203
51,4,7,0
296,6,3,0
409,4,5,94
376,7,2,0
211,5,0,0
432,5,7,172
569,2,2,184
244,1,7,14
246,2,5,0
333,6,3,51
262,1,3,89
155,0,0,4
527,1,0,0
143,3,4,52
485,2,3,22
615,2,3,57
446,4,0,0
43,0,1,6
24,5,5,18
120,2,5,46
476,1,0,0
458,6,3,0
591,5,2,0
478,3,6,801
339,3,4,44
34,5,7,115
378,1,4,57
670,0,5,459
511,5,6,0
32,6,6,0
584,0,7,0
386,2,3,160
687,7,3,0
354,2,3,146
610,2,3,18
208,6,6,0
709,2,2,0
707,2,6,203
228,3,3,13
139,7,3,0
452,0,0,0
255,3,6,36
140,7,2,0
577,0,7,362
360,6,3,0
707,0,2,91
342,0,3,10
152,1,3,91
218,5,2,5
30,7,1,0
566,4,3,32
161,5,6,608
272,3,5,0
697,6,1,0
241,1,2,27
514,7,1,0
537,0,1,0
337,2,5,173
240,2,3,27
332,2,6,186
288,6,1,25
430,7,5,55
416,4,5,31
382,3,2,28
431,6,4,70
134,1,3,185
329,2,3,129
193,1,1,5
595,1,0,0
674,6,2,12
79,1,1,0
444,3,4,0
219,7,1,0
646,6,2,0
329,5,4,32
380,1,4,107
719,3,0,0
321,1,7,0
3,5,2,0
64,6,0,0
703,6,4,56
407,2,7,238
690,4,5,0
459,1,6,82
131,0,5,94
724,0,1,23
211,1,0,0
594,0,2,115
135,7,5,7
670,6,6,204
730,7,4,36
688,1,3,119
312,2,3,170
718,1,4,91
21,0,7,333
115,6,5,29
207,6,0,0
70,3,6,508
536,3,7,0
536,6,3,0
312,5,6,170
58,4,7,79
140,5,5,98
705,3,7,22
413,2,0,0
279,5,1,0
261,3,6,139
31,3,1,6
686,3,3,0
570,4,2,0
716,1,4,182
87,4,4,79
369,1,3,0
529,5,5,25
446,1,5,33
729,5,3,59
98,0,1,0
515,5,0,0
283,0,4,14
717,2,5,268
235,7,3,0
668,7,3,71
519,1,3,129
124,3,4,0
406,6,0,0
679,2,7,0
440,3,5,20
595,4,3,44
711,3,6,0
247,3,1,0
225,1,4,0
578,3,4,132
659,6,5,90
245,3,1,0
369,1,6,0
30,6,0,0
115,3,6,50
21,0,0,11
491,3,0,0
202,0,2,16
59,4,5,79
125,6,1,0
65,1,3,192
590,6,0,0
567,7,4,0
561,4,2,0
260,1,0,9
142,1,4,28
447,0,0,0
439,7,3,13
307,5,2,6
25,7,5,3
597,7,4,17
597,6,5,54
430,6,2,39
230,5,3,0
548,5,4,15
255,3,0,17
670,1,6,510
540,2,1,0
632,3,7,19
479,0,2,42
703,6,1,0
454,1,6,78
528,1,2,31
331,0,2,32
179,0,4,4
276,1,3,5
221,2,1,0
683,1,0,0
445,3,5,25
46,0,5,204
65,0,0,6
576,1,5,650
606,2,1,0
571,1,1,26
400,3,0,0
130,7,1,0
705,2,1,0
99,4,1,0
220,1,3,13
410,6,1,0
14,7,5,8
236,1,0,8
694,2,0,0
230,1,3,29
58,4,4,154
268,5,7,0
297,7,4,0
726,3,5,5332
305,1,1,0
380,2,6,284
301,1,7,117
422,6,1,0
528,6,5,15
696,6,5,22
651,0,2,71
72,5,2,6
148,5,4,0
230,2,1,5
676,2,0,0
260,7,1,0
366,6,0,0
121,3,4,52
235,7,4,0
103,3,5,0
685,5,4,66
274,6,2,0
703,4,3,203
429,2,3,94
627,6,6,37
608,6,7,11
174,4,0,0
660,6,3,0
265,2,2,9
670,5,6,470
386,0,4,112
421,4,3,24
218,4,2,0
343,4,5,0
69,6,3,9
249,5,5,0
233,1,5,29
658,4,5,0
0,5,3,3
419,3,3,0
607,5,6,0
523,5,6,114
447,5,5,8
377,3,4,135
197,1,7,5
464,7,5,0
398,6,2,0
63,3,7,90
89,2,2,28
146,1,2,14
364,4,5,79
483,7,7,14
151,1,2,0
360,6,1,0
173,1,7,7
70,2,0,3
336,3,7,44
264,1,7,47
615,3,6,92
64,1,2,39
656,1,6,20
388,7,5,0
96,2,4,54
553,1,6,277
647,1,7,97
66,0,5,798
687,7,5,0
706,0,7,99
159,5,4,30
708,6,2,0
43,0,6,1370
195,1,4,16
201,3,1,0
225,6,2,0
552,6,7,16
351,1,4,102
528,7,6,0
7,0,6,0
449,6,6,0
523,5,4,29
416,2,2,12
181,4,1,0
239,2,5,55
653,1,1,20
88,3,0,0
109,2,6,20
12,7,6,3
700,7,3,0
411,7,1,0
284,3,6,14
541,0,5,104
248,0,0,0
423,5,7,94
710,3,7,43
650,6,7,31
497,1,5,145
437,1,7,45
347,4,0,0
443,0,1,0
211,6,3,12
371,1,1,22
449,5,0,0
146,5,4,11
672,6,2,0
563,2,1,0
610,0,1,0
402,2,2,48
614,7,3,0
498,6,0,0
130,4,2,0
544,0,1,15
602,4,2,28
154,0,1,4
524,1,1,15
170,6,5,0
311,5,6,239
164,6,6,37
28,7,0,0
506,6,1,9
90,2,6,168
670,5,7,376
77,5,0,0
195,2,0,0
191,4,2,0
202,1,5,5
492,3,0,0
65,7,2,0
88,1,2,75
468,5,7,42
226,1,2,5
226,0,3,8
637,5,1,0
279,3,2,14
193,3,1,0
730,2,2,14
726,7,5,23
692,4,3,0
285,1,5,38
729,1,2,141
438,2,2,33
341,0,3,37
619,1,5,57
167,2,7,146
465,6,4,0
646,6,5,49
212,6,1,0
212,5,3,12
25,3,1,6
377,7,1,0
53,7,4,0
554,1,4,74
616,5,1,0
482,5,5,45
250,2,7,5
223,1,3,0
374,1,0,0
133,5,3,7
443,2,2,0
301,2,3,138
351,5,2,0
502,0,4,153
118,6,4,4
21,4,0,0
259,7,0,0
116,3,5,89
626,3,1,19
325,3,7,10
81,0,2,28
556,3,4,42
193,7,7,0
72,3,7,28
730,7,1,0
285,7,4,5
409,0,5,426
675,6,5,21
633,4,3,0
102,2,2,0
127,0,2,11
255,0,2,50
298,5,5,0
200,5,2,0
661,1,1,12
15,0,3,60
277,6,7,9
589,6,4,0
16,6,7,3
334,1,3,148
534,5,2,0
385,6,5,11
210,5,5,81
355,1,1,33
663,1,3,388
631,4,6,19
152,1,6,14
250,7,6,0
494,2,0,0
693,0,0,41
280,7,2,5
340,0,1,21
245,3,5,14
687,1,2,0
650,2,5,122
224,7,2,0
400,7,0,0
345,7,5,0
312,4,3,67
102,0,6,0
48,6,1,0
484,2,2,50
686,1,3,0
508,4,5,91
609,4,6,0
690,6,1,0
7,1,3,0
516,3,4,61
652,1,2,71
505,4,3,67
676,7,4,12
236,5,2,5
545,2,2,120
99,2,7,20
171,2,1,0
724,0,2,236
334,2,2,32
78,6,1,4
184,1,5,19
172,2,0,0
666,0,3,286
671,5,5,133
22,1,6,131
280,7,4,0
348,1,1,0
702,1,3,169
659,0,6,0
123,3,7,0
100,0,3,0
503,2,3,95
147,0,6,7
69,0,2,39
723,7,6,0
447,7,0,0
151,3,4,0
613,3,0,0
269,2,7,14
226,3,7,0
473,5,5,61
502,7,5,0
191,1,0,7
132,2,4,83
388,7,4,7
51,4,5,6
119,6,2,0
334,6,7,71
583,3,0,0
618,2,0,11
493,4,5,86
151,4,3,0
590,1,6,71
40,2,2,20
130,6,3,0
575,6,6,42
222,0,5,0
62,3,6,130
22,6,2,11
462,4,2,61
432,4,5,164
685,2,0,0
217,1,7,50
208,1,0,0
250,2,4,14
244,4,7,14
100,7,0,0
582,5,5,27
205,3,4,113
170,7,7,0
325,7,0,0
442,5,4,0
690,7,4,0
186,0,3,12
531,3,0,0
453,7,0,0
26,4,3,49
664,4,5,153
382,7,1,0
66,0,4,380
42,2,4,100
246,3,3,5
400,4,5,53
675,2,0,21
435,4,1,20
492,2,0,0
601,5,1,0
376,4,5,57
428,7,6,12
472,2,7,34
193,6,1,0
466,4,4,0
80,2,7,6
660,2,1,0
623,1,1,11
130,2,6,168
642,3,7,86
420,5,4,19
185,6,3,0
677,0,5,41
554,6,2,0
163,7,5,11
107,1,3,20
659,2,5,12
318,7,5,10
243,5,2,5
24,5,4,18
5,4,7,0
121,1,4,13
600,6,3,0
459,0,5,56
34,7,6,34
652,7,6,63
673,4,7,54
332,0,7,97
516,0,0,23
388,0,5,30
580,5,1,0
716,3,5,156
649,6,3,20
33,4,0,0
390,7,5,7
166,1,4,18
76,7,2,0
97,5,4,6
117,7,3,0
643,3,2,19
23,1,7,22
595,6,3,10
115,7,4,40
214,4,7,16
501,6,0,0
43,6,5,34
619,3,3,121
540,0,0,9
210,4,0,0
421,3,6,24
392,2,7,7
71,4,7,24
411,5,5,7
88,5,1,0
722,5,6,921
209,7,3,0
124,5,0,0
583,2,3,10
271,7,7,0
18,7,0,0
723,6,2,0
231,5,1,0
209,0,4,28
719,0,0,69
343,2,1,0
64,1,1,3
508,7,3,9
439,2,7,20
403,5,5,41
493,2,2,131
713,1,3,13
102,7,1,0
6,5,1,0
27,6,7,3
629,5,2,19
575,1,1,0
64,4,3,27
477,5,7,21
300,5,0,0
678,4,3,193
139,1,4,31
628,6,1,0
512,0,1,0
601,6,7,110
499,6,3,0
566,5,2,0
227,3,6,0
563,6,5,0
236,4,5,55
455,2,6,144
189,1,6,24
602,4,6,167
676,1,7,128
84,0,2,139
69,0,4,109
579,5,2,0
25,6,5,14
379,3,0,0
341,5,4,33
142,3,1,11
162,3,2,14
156,6,4,4
499,2,5,195
434,0,5,58
730,1,4,154
683,0,6,12
648,5,1,12
480,3,6,449
619,1,3,64
71,6,5,12
657,2,3,20
364,0,1,0
257,5,0,0
256,7,2,5
347,1,5,0
50,2,7,9
521,3,4,137
664,6,3,12
286,4,0,9
447,1,4,20
384,5,0,0
432,5,4,106
441,2,1,0
472,0,0,0
664,1,7,267
254,1,3,151
639,4,5,60
175,3,0,0
476,7,5,8
251,3,1,0
728,7,7,154
176,2,7,7
86,5,2,0
672,2,0,0
287,2,5,47
545,5,0,0
380,0,4,103
326,1,1,0
587,2,5,27
283,6,4,18
161,1,5,535
484,2,3,95
113,3,7,60
601,6,3,0
463,6,0,0
636,1,6,0
65,6,2,3
696,1,2,125
367,2,1,0
618,5,5,46
672,4,2,0
571,6,1,52
350,0,4,37
452,0,5,25
324,1,6,20
626,6,5,49
471,0,6,146
648,6,1,0
95,5,1,0
103,0,5,0
121,7,2,0
432,0,0,13
211,7,7,5
583,6,1,0
128,2,6,17
285,5,1,0
442,1,5,0
299,2,1,0
0,5,4,11
207,2,4,61
166,2,2,7
635,1,4,0
79,4,1,0
710,0,5,0
184,3,5,31
363,6,4,11
1,1,3,3
603,7,6,36
66,7,4,45
664,1,4,235
434,5,2,0
409,2,2,55
5,3,5,0
73,7,0,0
463,7,1,0
533,7,0,0
88,0,5,101
192,6,6,0
465,6,5,13
99,7,4,0
655,1,5,20
222,7,5,0
556,1,3,94
47,7,4,0
677,1,1,21
317,0,2,6
522,6,5,67
160,4,4,37
267,6,1,0
398,2,4,71
660,2,2,51
691,6,0,0
626,6,6,11
45,1,7,66
73,0,2,19
613,1,5,46
714,2,3,91
493,6,5,14
277,1,3,41
311,1,1,9
334,0,6,546
512,6,6,0
199,7,0,0
146,2,6,18
699,7,2,0
112,0,5,10
519,2,2,76
559,2,0,0
444,4,7,40
570,2,7,58
537,5,6,0
254,6,4,9
508,5,0,0
635,2,7,0
85,3,4,83
47,6,1,0
688,0,7,140
674,3,6,247
679,5,5,0
470,6,4,0
647,3,1,11
533,4,2,0
522,5,1,0
161,5,5,169
173,7,2,0
532,4,7,95
637,2,2,49
397,0,3,37
502,4,3,72
317,6,5,10
713,3,0,0
520,6,0,0
31,2,1,0
475,7,4,13
40,0,5,138
685,3,7,41
330,6,6,0
690,5,1,0
162,5,5,121
273,5,3,0
45,6,7,14
579,3,0,0
376,6,1,0
555,6,4,32
509,5,6,15
581,6,3,0
493,0,1,0
601,5,0,0
285,2,0,18
245,7,2,0
56,4,7,42
116,2,5,70
716,2,1,0
49,3,2,21
162,6,7,0
693,4,4,140
596,2,4,78
42,0,5,1021
372,3,0,0
268,4,6,14
517,0,1,295
411,5,0,0
342,7,1,0
198,1,0,0
221,1,1,0
703,2,7,134
444,5,1,0
537,2,7,15
277,4,4,5
713,0,5,22
239,7,2,0
85,3,1,19
179,6,4,0
438,7,5,0
375,3,6,107
452,1,0,0
275,5,0,0
34,2,4,674
201,5,3,0
158,5,4,18
128,3,3,251
288,5,1,0
531,5,4,9
142,0,0,0
443,3,6,13
104,7,2,0
606,0,5,75
255,6,5,27
202,5,5,5
435,3,3,58
547,5,5,71
194,2,2,0
383,0,7,220
608,2,7,0
571,1,2,94
223,2,0,0
66,4,7,397
371,0,7,7
379,2,4,79
381,4,4,35
525,0,4,152
645,0,3,116
392,5,7,0
470,4,1,0
51,4,1,0
712,5,1,0
263,6,7,14
428,6,6,43
632,7,7,0
15,2,6,150
198,4,2,0
460,0,4,27
668,4,1,20
147,3,3,7
365,5,0,0
69,6,4,6
349,7,2,0
395,5,2,0
260,5,2,22
298,7,0,0
234,5,7,37
424,4,4,31
545,1,2,55
13,1,2,24
724,7,5,23
310,7,2,0
567,2,3,84
325,5,4,36
386,3,2,18
510,5,3,0
262,0,6,80
478,4,6,759
135,6,5,21
73,3,4,16
60,4,2,0
183,7,0,0
413,6,1,0
191,6,6,31
41,6,2,3
378,4,3,22
62,0,7,150
648,1,0,0
423,5,4,55
120,2,6,35
93,2,5,117
186,1,2,46
237,3,7,29
265,5,4,5
730,2,0,0
387,6,6,0
315,0,4,87
695,5,4,21
156,4,5,96
474,3,0,0
541,2,6,95
345,6,3,0
197,7,4,0
651,7,0,0
248,6,6,0
296,6,1,0
689,4,6,0
653,7,0,0
114,7,0,0
450,0,2,20
212,3,1,16
430,4,7,118
225,1,5,0
340,3,7,33
398,2,0,0
103,4,0,0
188,6,7,12
215,5,4,12
181,1,7,24
559,0,6,0
724,1,7,436
246,3,4,0
383,7,7,7
11,3,0,0
237,6,4,13
165,2,2,7
146,6,7,0
616,3,4,18
426,1,7,82
677,0,2,33
251,0,5,5
43,1,7,444
79,0,1,0
65,1,2,130
244,0,5,22
459,1,7,34
403,2,3,41
45,5,1,0
570,4,3,68
401,5,6,41
2,4,0,0
415,6,5,0
674,7,0,0
723,2,3,250
362,3,1,0
260,6,4,22
120,0,5,17
303,7,6,113
610,1,0,0
553,7,6,10
132,7,7,4
330,2,2,36
354,4,2,0
189,3,0,4
93,3,6,123
18,2,1,3
335,6,1,0
488,3,0,0
555,3,3,74
366,1,7,39
318,5,2,10
77,1,2,0
160,2,1,4
374,7,0,0
11,0,1,0
522,4,2,29
121,0,6,21
638,0,7,37
208,1,2,56
618,0,0,0
292,6,0,0
543,5,5,89
116,2,4,40
428,3,4,101
635,3,2,0
297,4,0,0
61,2,6,96
635,3,4,0
394,3,0,0
623,4,1,57
590,0,7,88
629,5,3,30
159,0,6,425
225,0,3,8
329,7,3,0
304,5,0,19
225,7,6,0
467,2,3,8
591,4,5,88
550,4,3,80
514,1,2,15
118,7,0,0
84,6,5,16
729,7,7,23
678,5,3,0
223,6,0,0
30,6,1,0
311,0,4,181
408,5,3,0
568,7,4,52
141,0,2,42
190,6,7,24
89,7,1,0
449,7,6,0
649,2,2,71
11,2,6,133
17,0,5,213
322,5,5,6
182,7,7,0
294,0,6,15
68,2,7,274
112,5,6,29
158,4,5,263
309,5,0,0
472,4,3,21
407,1,7,394
88,2,6,297
504,6,0,0
412,6,1,0
154,1,2,151
571,2,3,152
241,1,4,0
198,2,2,0
296,2,1,0
525,6,4,15
30,3,3,11
209,2,6,177
77,4,3,16
119,6,1,0
707,1,4,56
616,0,0,11
683,3,2,12
476,2,2,48
712,2,4,0
328,4,2,0
261,5,1,0
103,6,4,0
498,2,6,173
573,1,4,58
554,0,0,0
490,4,0,0
72,0,0,0
317,0,0,0
583,6,4,0
169,7,4,0
425,4,0,0
684,4,1,0
606,4,5,46
705,4,1,13
524,6,4,9
238,3,1,5
500,4,2,0
3,5,0,0
172,5,6,0
61,4,7,9
396,0,5,7
355,5,7,17
67,5,0,9
67,2,4,147
584,7,4,0
652,7,5,20
196,0,5,28
269,3,3,5
390,5,0,0
662,2,0,0
94,5,5,85
628,6,6,11
420,1,3,0
660,1,3,71
177,6,7,0
628,2,2,86
664,4,7,20
162,6,3,11
137,6,6,70
100,3,6,0
137,0,2,24
430,0,2,43
468,7,4,0
33,5,3,14
2,3,5,5
671,4,2,0
220,0,6,13
249,7,3,0
611,2,0,0
509,5,7,15
257,3,6,116
327,7,1,0
196,7,4,5
555,3,1,10
539,6,7,0
583,2,7,0
211,0,4,53
647,4,4,134
352,0,0,10
111,7,6,6
445,0,3,20
240,0,0,9
390,4,7,0
366,4,1,11
97,0,6,6
531,2,6,255
443,1,4,0
337,7,3,21
98,0,5,6
499,3,4,64
261,3,2,9
206,2,6,76
591,0,1,27
322,7,4,0
525,3,1,0
72,4,0,0
11,3,3,77
695,1,2,66
142,1,1,0
138,6,7,24
319,6,3,6
643,5,7,86
7,6,4,0
120,7,4,0
597,2,2,54
678,2,2,12
21,1,7,153
611,1,1,0
25,0,0,3
174,3,7,0
603,5,7,36
438,1,3,53
229,2,1,5
21,3,6,265
315,5,7,20
189,2,5,24
303,2,3,123
330,3,7,36
349,4,2,0
699,7,5,22
644,3,4,37
420,5,7,12
491,7,2,0
546,7,6,9
530,2,1,0
352,7,7,0
36,3,7,226
376,4,6,74
453,3,4,91
95,1,4,4
550,5,7,160
706,5,5,43
673,2,6,428
139,4,4,21
526,1,0,9
181,7,1,0
353,5,1,10
84,1,3,322
401,5,5,48
460,5,1,0
372,4,3,0
231,0,7,16
13,3,2,11
11,3,4,77
521,1,1,0
319,0,5,0
633,5,7,0
722,5,2,281
112,0,2,17
625,6,0,0
153,6,0,0
385,7,0,0
152,3,5,18
627,4,0,11
729,2,1,14
381,7,0,0
131,7,4,0
264,3,7,23
146,1,0,0
140,3,4,66
271,0,1,0
171,2,3,0
688,6,2,0
499,7,4,8
60,6,2,0
290,7,0,0
16,5,0,0
604,0,7,103
268,1,2,5
585,1,3,10
107,4,6,6
564,3,6,32
226,5,4,0
43,5,7,132
643,1,6,67
77,3,6,0
295,2,0,0
513,2,5,9
151,0,7,4
244,5,7,17
517,2,6,61
568,2,7,252
274,2,4,5
519,1,7,190
627,5,5,37
416,7,3,0
345,2,4,0
599,0,3,210
272,5,0,0
320,5,4,0
648,2,1,0
260,4,1,5
102,1,4,0
224,0,4,5
586,5,5,17
248,7,2,0
449,1,4,20
26,0,4,6
103,2,0,4
113,1,7,29
420,5,3,7
464,4,7,8
707,6,0,0
465,3,5,8
127,0,5,4
33,0,2,147
724,3,5,2773
599,7,1,0
124,3,5,0
509,0,4,29
46,3,3,20
652,2,4,51
311,4,7,49
438,2,5,40
441,4,2,0
125,0,0,0
105,2,1,23
362,3,7,46
458,1,1,8
21,7,5,11
81,4,5,63
634,4,1,0
639,7,7,11
94,3,1,12
268,3,5,65
661,3,3,192
645,2,7,116
446,4,3,8
644,6,4,11
489,2,5,0
554,3,5,326
583,4,2,0
196,0,6,8
627,0,1,11
632,1,4,0
232,1,0,0
609,7,2,0
701,1,5,1102
374,4,1,22
726,7,6,23
560,1,1,0
547,7,3,15
624,5,4,78
551,2,6,1517
504,0,2,38
149,1,1,0
36,0,1,9
384,2,4,119
605,6,1,0
501,5,1,8
716,7,2,13
55,1,3,6
55,2,7,6
475,4,6,117
529,7,5,15
345,3,4,0
572,6,1,0
576,0,5,450
280,4,7,9
599,6,3,10
158,0,3,132
500,6,2,0
283,4,1,9
195,0,6,36
272,4,6,5
224,5,4,0
281,2,6,70
711,5,6,0
698,3,1,22
83,0,6,288
604,7,1,0
118,3,7,17
501,3,0,0
326,2,3,61
352,4,6,81
686,7,1,0
613,1,4,18
57,6,6,12
40,4,6,86
87,0,2,26
501,7,4,22
715,6,1,0
142,2,3,63
325,7,5,0
177,4,4,4
582,1,0,0
617,7,5,28
513,2,0,0
510,6,7,15
301,2,1,6
20,2,1,0
538,1,7,9
65,3,2,3
553,7,4,0
185,0,2,27
455,1,3,119
40,2,4,175
726,4,5,2146
468,7,7,8
416,0,3,0
378,1,5,153
718,0,4,147
726,5,0,0
139,7,6,7
710,7,3,22
578,2,0,71
350,0,7,87
688,4,6,41
703,4,5,246
100,0,4,37
542,5,3,15
528,3,2,9
128,7,4,7
614,5,7,11
82,2,0,0
28,1,5,6
235,6,1,0
164,5,1,4
26,1,5,14
452,7,1,0
290,2,1,0
511,2,2,0
695,1,0,12
201,2,1,0
479,6,6,56
357,6,6,81
567,4,5,100
312,5,7,71
302,0,2,107
673,5,3,0
484,3,1,0
254,2,3,62
547,3,3,71
597,1,7,176
343,0,4,10
692,5,6,0
491,4,4,28
129,2,0,0
112,6,0,0
99,1,6,13
558,7,5,0
86,0,2,85
258,2,6,84
217,0,0,8
7,7,0,0
53,6,3,0
490,2,4,0
548,7,3,0
171,7,4,0
644,0,5,30
414,5,6,7
276,5,1,0
160,1,4,48
367,3,4,11
76,3,3,22
704,3,3,22
290,2,6,0
90,7,7,41
190,2,7,31
481,2,4,36
60,7,5,54
430,2,6,125
284,5,1,0
167,7,0,0
128,7,0,0
349,3,2,10
325,3,0,0
455,0,5,86
95,6,0,0
444,3,5,8
453,5,5,73
727,3,2,132
8,2,6,33
14,2,3,58
208,7,4,16
707,3,4,78
123,5,3,0
672,3,0,0
159,7,1,0
37,5,1,0
639,5,5,49
301,6,5,177
422,5,0,0
24,4,6,32
447,1,3,53
404,3,2,11
486,3,1,0
389,6,6,0
468,5,4,8
711,3,7,13
490,5,6,22
470,6,7,0
176,5,0,0
567,3,6,200
282,6,3,9
640,2,4,86
468,7,2,0
449,3,2,20
508,1,6,47
421,0,4,19
20,2,4,63
501,0,3,137
290,5,2,0
506,2,7,99
355,6,2,0
363,7,1,0
103,7,4,0
100,4,6,0
373,2,3,220
101,1,0,0
589,2,4,122
80,4,5,4
713,0,0,0
599,4,2,0
501,5,5,81
335,0,7,242
455,6,4,45
522,6,4,38
484,5,3,8
53,3,7,0
198,1,5,0
413,7,7,0
361,4,7,35
392,5,3,0
667,7,5,0
588,5,4,10
38,7,5,6
535,0,7,0
288,7,1,0
586,7,1,0
303,3,0,0
167,2,2,30
22,2,0,0
690,7,1,0
588,3,3,34
327,7,2,0
483,0,6,123
287,7,1,0
518,0,3,61
582,4,6,10
252,5,1,0
616,1,1,0
258,2,0,0
64,3,1,3
300,4,0,0
71,1,1,6
89,7,5,22
423,2,7,101
285,7,5,18
12,4,3,11
725,3,1,104
204,0,3,53
638,2,5,60
637,6,4,0
202,1,2,25
243,2,5,5
306,3,6,30
666,7,5,122
662,3,2,20
459,2,5,42
542,1,3,120
346,0,1,0
108,3,3,4
680,6,0,0
217,0,4,21
183,4,4,12
226,4,5,16
468,7,6,8
181,6,1,0
80,0,7,12
326,4,2,0
324,6,6,6
90,1,5,205
700,3,7,99
711,2,0,0
99,0,0,10
202,6,0,0
54,7,2,0
506,0,6,295
327,2,0,0
590,7,0,0
629,3,3,78
85,2,6,844
294,3,2,0
256,3,5,106
334,2,6,740
220,1,1,0
309,7,5,6
709,4,1,13
616,0,3,64
421,6,4,0
716,3,1,0
638,3,4,37
676,2,3,41
368,4,4,0
60,1,1,34
257,2,0,5
352,4,7,44
723,7,3,14
64,4,1,9
618,1,2,57
470,6,5,34
39,5,0,0
178,7,6,0
597,5,2,10
578,6,3,10
17,3,2,11
557,1,4,16
682,3,1,0
133,1,5,74
46,4,5,54
101,2,6,0
238,2,7,42
508,1,0,0
439,6,5,13
662,5,7,12
537,0,0,0
240,1,7,44
517,1,7,167
401,7,7,0
189,5,2,4
709,7,1,0
227,1,6,5
1,4,2,5
139,2,0,0
600,5,1,18
271,3,5,5
505,1,5,167
511,1,3,15
454,7,0,0
650,7,0,0
493,3,3,131
669,5,3,20
228,5,6,0
686,6,7,0
147,2,6,7
680,5,0,0
96,6,2,0
172,7,7,4
522,0,5,85
34,5,5,169
336,2,6,844
427,7,3,0
402,5,6,60
58,6,3,3
701,2,6,3216
93,6,1,0
682,7,5,0
413,2,4,24
421,5,5,70
419,6,7,0
551,6,4,25
700,2,0,0
264,2,7,14
270,6,6,5
310,2,0,0
336,7,1,0
365,6,0,0
175,0,3,0
272,5,7,0
218,0,3,26
377,0,7,103
693,0,2,321
269,3,6,18
413,0,2,19
710,3,1,0
149,5,4,11
280,6,3,0
83,6,5,19
287,6,7,9
88,6,2,0
636,3,1,0
569,3,3,84
494,3,3,159
370,6,7,0
58,3,5,120
697,2,6,428
93,1,2,259
502,4,7,64
276,1,7,5
720,5,6,104
269,7,4,0
58,4,5,160
430,5,0,0
78,1,3,0
546,7,2,0
589,0,4,254
701,6,6,134
333,4,6,238
24,6,2,0
527,3,4,105
253,4,2,0
607,5,7,11
127,3,1,0
42,7,5,3
258,1,4,36
712,5,7,0
584,3,0,0
81,4,7,148
68,4,2,0
301,5,0,0
427,4,0,0
254,0,1,17
527,7,7,15
622,1,0,0
167,1,1,0
712,1,1,0
524,4,4,91
663,4,3,204
405,1,4,23
269,0,3,9
408,2,7,207
111,4,4,54
465,2,0,0
723,1,6,1983
637,5,2,11
432,3,3,111
212,5,7,25
706,5,0,0
449,2,2,25
165,6,7,0
675,1,2,41
364,2,5,63
44,3,4,86
588,5,3,10
600,6,4,46
715,4,3,91
182,6,3,4
162,0,1,69
117,7,0,0
282,4,2,0
488,0,3,0
517,0,4,67
28,0,6,9
532,0,2,49
104,5,1,0
531,5,7,25
704,0,0,22
398,1,7,167
384,1,3,108
218,1,2,16
322,5,1,0
200,5,7,0
347,3,7,0
508,4,4,53
46,2,1,0
65,0,7,523
255,2,2,27
223,7,7,0
394,6,1,0
450,2,0,0
126,7,2,0
284,4,5,61
410,3,1,12
301,3,7,40
691,7,0,0
159,3,1,23
446,1,4,33
32,0,0,6
52,7,3,0
513,4,7,9
310,7,1,0
603,0,7,128
367,4,1,7
319,5,4,0
359,7,6,6
124,3,6,0
55,4,2,0
476,1,6,138
145,1,6,25
504,0,1,0
465,3,1,0
19,5,1,0
465,6,3,0
676,7,0,0
182,0,4,15
200,3,0,0
345,5,2,27
628,6,0,0
690,4,1,0
236,6,0,0
433,4,7,184
350,6,5,33
205,1,1,5
67,2,0,9
587,2,4,10
292,0,2,9
579,4,0,0
464,4,2,0
299,7,6,264
132,0,1,4
55,3,2,0
421,2,2,24
221,6,5,0
678,3,5,66
678,3,0,0
467,7,3,0
242,7,0,0
200,6,5,0
718,4,0,0
100,6,7,0
228,4,1,0
330,4,5,57
355,7,4,6
473,3,2,8
56,7,0,0
134,1,1,4
477,7,6,0
332,1,3,71
385,7,4,23
406,0,3,149
276,3,6,14
454,1,1,13
109,3,1,4
354,0,1,27
403,0,5,119
351,6,4,6
117,6,5,6
692,4,1,0
292,7,0,0
173,2,5,27
221,4,4,21
278,4,4,18
333,3,0,0
32,1,7,109
144,2,0,0
464,4,3,48
376,6,5,17
724,3,6,2618
592,0,5,98
60,5,7,45
583,1,1,0
35,0,0,23
518,2,3,123
278,4,3,18
721,5,6,104
435,6,7,25
177,6,4,0
258,4,6,80
377,5,2,0
281,1,6,23
152,7,0,0
438,7,4,0
46,7,0,0
493,5,0,0
282,3,7,38
615,2,1,0
339,1,3,91
567,5,1,0
371,7,2,0
657,6,5,20
55,6,6,0
365,4,6,11
127,3,4,0
405,2,1,41
530,0,6,200
12,0,1,0
453,7,2,0
469,7,2,0
143,2,6,94
85,3,6,474
70,4,3,69
673,1,4,21
369,5,1,0
96,0,7,27
414,7,5,0
237,0,6,77
200,3,5,0
310,7,7,55
135,6,0,0
720,6,3,23
537,2,2,0
97,7,5,4
714,7,6,0
427,5,6,87
47,5,4,11
82,5,0,0
410,1,3,82
4,1,3,0
379,7,7,7
75,1,7,4
199,3,5,5
220,7,1,0
476,4,1,13
86,1,3,126
83,3,1,22
696,3,3,78
191,3,6,24
523,1,2,275
55,7,1,0
533,7,4,9
206,7,4,0
110,6,7,6
412,7,5,12
29,6,7,0
182,1,2,12
376,5,6,74
555,2,0,0
51,7,5,3
259,7,4,27
720,7,0,0
361,2,5,244
242,7,4,0
113,1,0,0
185,0,4,19
406,2,2,48
161,7,4,41
178,5,3,7
119,2,4,10
515,0,0,9
131,1,2,153
606,1,4,28
492,2,4,22
427,2,7,39
389,6,1,0
392,3,0,0
263,1,3,116
731,0,3,59
602,3,3,82
672,6,4,33
644,4,0,0
144,5,7,11
443,0,4,0
507,2,5,129
285,6,1,0
475,4,3,21
365,3,1,7
284,2,4,38
223,3,6,5
409,6,2,7
11,1,7,150
444,7,0,0
102,6,1,0
696,6,3,0
42,5,2,25
67,6,7,100
177,3,5,4
172,6,6,4
30,6,3,0
563,0,1,0
690,7,5,0
573,4,6,619
169,2,2,15
728,6,5,177
149,1,6,11
114,3,2,17
341,2,2,27
279,0,0,0
498,4,1,14
356,7,6,98
682,2,5,21
219,0,3,29
510,6,5,0
273,4,1,0
237,6,1,0
451,0,0,0
261,4,7,50
501,2,4,123
504,7,2,0
239,2,4,29
661,1,5,325
552,0,5,326
165,3,0,0
619,4,2,0
0,5,6,3
486,6,1,0
442,2,3,0
594,6,4,54
576,0,6,616
599,7,6,34
78,0,6,12
363,2,1,7
395,5,3,0
571,4,7,94
250,4,0,0
696,7,7,13
19,0,0,8
237,6,0,0
19,5,4,22
250,7,2,0
723,3,7,354
406,0,6,1151
204,7,4,0
456,0,5,77
461,2,5,34
382,1,2,46
40,5,6,252
391,1,1,0
213,2,7,40
680,0,5,0
168,2,7,31
576,1,2,115
516,5,3,0
155,2,6,238
695,4,4,173
365,1,1,17
384,5,4,30
616,1,4,64
50,2,6,19
607,7,5,0
462,2,7,27
344,3,3,10
432,5,2,0
291,2,2,0
60,4,6,36
344,2,0,0
619,5,4,103
337,1,6,168
53,1,5,3
93,2,1,4
337,3,1,0
541,4,7,31
130,6,1,0
39,4,4,49
134,1,6,122
531,0,2,40
25,6,6,11
646,2,1,0
34,6,2,0
506,0,1,9
30,2,2,0
23,3,7,30
171,3,1,0
352,5,0,0
207,7,5,5
445,2,4,13
642,4,3,60
689,6,7,0
582,0,5,10
386,5,4,0
222,5,0,0
128,1,7,13
671,3,5,1051
147,2,7,7
38,4,7,92
242,1,0,0
281,4,6,23
319,2,0,0
319,3,4,10
191,7,3,4
683,0,7,0
129,0,5,70
142,5,5,24
665,4,2,0
730,4,1,36
444,5,0,0
61,4,6,42
695,2,6,309
730,1,0,14
356,1,5,168
621,3,4,82
99,0,6,6
263,5,4,9
200,6,3,0
85,1,6,249
89,5,7,114
494,1,6,72
534,0,5,15
725,7,4,23
368,6,3,0
697,4,7,99
34,0,4,421
312,2,5,602
413,5,6,19
577,0,3,122
410,4,5,294
710,2,0,0
9,0,3,543
281,1,7,18
512,6,3,0
359,0,7,195
336,2,7,71
437,0,5,45
52,5,2,0
305,5,7,15
561,6,3,0
129,7,1,0
404,5,1,0
652,3,7,51
395,2,7,0
601,1,2,110
544,5,4,111
219,3,2,5
514,1,5,0
148,6,7,0
384,4,4,138
46,7,3,0
213,7,7,12
515,6,2,0
264,1,6,38
85,7,1,0
600,3,0,0
349,7,7,6
487,5,2,0
21,0,1,11
75,3,1,0
404,3,4,60
328,1,0,6
90,6,1,0
715,7,5,13
340,7,3,17
600,2,3,156
2,6,6,0
650,5,5,51
237,2,0,0
261,1,4,27
10,5,4,11
717,5,4,13
565,3,4,74
143,0,1,4
446,0,2,73
33,0,1,14
492,0,2,28
666,0,0,39
665,2,7,192
329,1,3,87
435,5,0,0
85,0,7,218
483,1,7,117
579,0,4,61
182,3,3,19
335,2,3,93
434,4,7,86
57,0,3,271
340,4,3,108
418,7,1,0
667,6,4,0
178,0,4,0
69,1,0,0
265,0,0,0
216,0,5,29
540,2,6,0
526,7,1,0
714,0,5,0
232,4,1,16
113,5,6,46
576,7,3,0
414,5,5,7
37,6,4,3
127,2,6,0
712,7,4,0
167,4,3,18
305,7,1,0
95,3,2,28
716,3,3,78
518,0,5,219
394,1,1,0
449,4,1,13
105,2,4,23
517,2,3,76
104,5,0,0
292,4,5,83
424,2,7,70
284,0,3,18
565,3,3,100
427,6,5,24
37,2,6,161
137,4,6,840
238,0,1,0
368,7,7,0
631,6,1,0
149,2,7,0
200,7,6,0
27,5,6,0
646,4,3,146
461,3,4,27
372,5,3,11
442,6,7,0
366,1,0,0
0,6,0,0
167,2,3,80
23,5,4,8
228,7,0,0
688,2,2,74
492,7,3,0
557,3,5,126
661,5,6,0
11,3,6,90
252,5,4,17
681,5,0,0
161,1,6,457
188,7,0,0
37,4,7,34
601,1,3,167
688,7,3,0
580,0,1,0
3,5,7,0
603,6,5,11
236,7,6,13
199,7,3,0
596,7,1,0
454,1,2,33
626,2,2,116
458,6,0,0
449,1,6,58
331,6,1,26
298,7,3,0
343,3,6,33
393,5,1,0
535,6,1,0
316,4,6,16
579,6,3,10
320,2,0,0
217,0,5,34
320,1,6,0
305,5,5,34
591,6,4,0
720,6,1,0
261,3,4,62
19,5,6,374
478,3,5,560
642,4,7,67
457,7,6,13
151,2,3,0
671,3,1,71
725,6,0,0
318,6,0,0
281,4,7,47
58,3,1,3
332,7,4,0
270,3,3,5
156,6,2,0
660,3,4,20
362,0,6,358
594,3,5,298
366,3,5,28
691,0,3,0
43,2,4,161
199,7,1,0
529,0,5,65
116,2,2,137
79,1,4,0
343,4,0,0
28,3,4,3
21,4,3,11
428,4,6,274
96,3,7,20
430,3,7,87
37,0,6,163
169,6,0,0
494,4,0,0
611,4,7,0
465,1,6,0
311,0,0,6
309,5,2,0
274,3,5,0
672,3,3,140
496,0,0,14
645,7,1,0
576,3,3,105
451,5,7,40
685,6,0,0
312,5,3,16
681,6,0,0
581,5,0,0
517,4,2,0
674,6,7,86
575,1,7,368
149,7,3,0
135,0,7,146
260,1,4,50
193,3,0,0
609,5,0,0
598,5,0,10
616,6,5,11
157,0,3,73
27,7,2,0
262,2,3,53
233,5,4,26
597,6,1,0
152,0,0,0
456,3,2,8
351,4,1,17
223,6,7,13
189,1,1,4
67,4,7,139
433,4,1,8
481,5,3,8
211,0,3,109
725,2,6,4175
156,1,0,0
419,1,7,0
435,3,5,91
724,6,6,0
533,4,0,0
5,2,0,0
472,3,2,8
555,0,2,26
721,4,5,222
373,1,7,181
687,3,5,0
47,5,1,0
213,4,2,0
323,5,5,6
368,0,5,7
549,1,7,144
657,5,7,0
221,1,4,5
713,5,7,0
201,2,2,8
654,4,5,63
510,5,4,0
181,3,2,4
559,7,2,0
310,5,5,157
234,7,5,5
446,3,1,0
561,1,4,0
608,4,2,0
79,3,7,4
623,2,6,82
24,6,7,18
679,3,6,12
318,0,6,0
146,0,7,14
696,0,0,0
605,6,0,0
176,0,0,0
240,7,0,0
654,7,2,0
377,4,3,28
3,0,4,0
449,0,3,53
158,1,4,151
659,6,6,39
592,2,5,210
663,7,2,0
216,4,7,16
552,5,2,0
466,1,5,0
475,7,7,138
35,1,4,135
450,5,7,58
545,3,7,71
239,4,5,21
667,4,5,141
495,2,2,72
239,0,6,34
293,2,0,0
141,4,6,261
617,4,6,18
538,7,3,0
726,6,6,259
520,1,4,53
519,0,2,76
543,1,2,129
477,4,1,0
201,2,7,0
234,2,5,16
551,2,3,89
527,5,4,38
239,1,7,26
531,0,4,80
464,3,4,0
428,1,4,43
249,5,6,0
295,1,4,0
437,3,0,0
403,5,4,23
528,3,5,584
405,7,0,0
553,0,1,16
371,3,4,0
206,4,4,169
631,6,5,11
534,0,3,15
272,0,1,0
616,7,1,0
328,3,1,0
701,3,2,13
602,0,5,64
678,7,0,0
672,2,1,12
628,7,5,86
80,2,1,0
657,0,0,0
346,0,0,0
91,3,5,379
9,0,6,114
466,3,2,0
572,7,5,16
368,3,0,0
104,1,5,10
128,1,0,0
704,5,5,112
593,1,6,132
564,4,5,16
373,1,0,0
395,0,6,0
562,4,4,0
192,3,0,0
718,5,6,43
91,0,1,6
464,6,0,0
269,6,1,0
109,3,6,46
106,1,1,0
234,6,6,0
655,7,7,0
26,0,7,14
441,0,4,0
594,4,2,0
518,0,4,53
528,1,1,0
644,1,0,0
489,1,6,8
64,5,4,12
579,2,0,0
146,3,7,4
644,4,1,30
13,0,1,0
430,5,6,294
415,1,7,12
340,2,2,27
524,6,6,53
400,2,7,156
696,4,0,0
28,3,0,20
242,0,5,62
121,0,4,17
467,7,5,0
484,5,4,22
427,1,6,188
99,3,2,10
330,1,4,10
360,0,0,0
510,0,5,15
432,3,6,263
221,2,5,0
359,6,6,87
408,4,5,212
368,5,0,0
162,5,3,4
401,1,3,71
210,4,3,36
177,2,2,4
408,0,6,1239
140,5,7,21
395,5,7,7
231,5,6,26
150,3,2,0
246,1,1,0
326,7,3,0
397,0,4,48
522,5,5,67
109,7,2,0
426,5,6,55
293,5,5,25
87,3,1,12
504,2,7,143
648,3,2,39
212,4,3,12
181,0,0,0
486,1,4,0
48,0,5,24
90,6,7,28
217,6,3,0
643,7,1,0
56,0,3,111
627,5,4,30
74,3,4,10
24,2,5,11
520,7,5,9
434,5,6,66
7,2,4,0
441,1,1,0
490,7,5,0
149,5,1,0
559,7,5,0
212,1,1,5
664,3,6,267
607,7,1,0
152,1,1,0
664,7,0,0
439,4,0,0
228,2,0,0
13,7,7,5
517,7,0,0
497,6,6,8
389,4,3,131
365,5,6,17
568,6,5,32
173,7,5,4
507,3,7,53
126,3,3,7
612,4,2,0
498,0,7,167
522,4,4,38
676,0,4,74
703,0,1,35
132,3,7,46
478,7,3,13
41,4,2,0
183,0,2,7
508,5,2,29
540,7,0,0
214,6,5,53
647,0,2,157
542,1,7,135
452,6,0,0
75,4,1,0
679,4,7,0
15,5,0,0
431,7,3,12
279,0,5,23
390,6,6,0
379,0,3,63
22,2,7,51
523,7,0,0
202,6,3,0
127,4,4,13
651,7,6,12
585,0,1,0
130,6,2,0
12,0,5,331
400,5,4,41
163,1,7,402
349,0,2,48
189,0,2,19
255,5,7,44
301,0,5,104
516,2,0,0
197,5,4,8
646,7,5,11
566,1,5,219
109,1,1,4
373,1,6,35
549,5,4,31
322,4,3,6
380,7,6,17
262,4,0,0
672,2,3,140
572,6,4,16
620,7,1,0
233,5,5,26
587,3,6,0
240,5,0,0
360,2,6,1242
408,3,2,113
185,1,1,0
601,6,2,28
283,4,6,18
646,6,0,0
406,0,1,7
73,0,5,16
446,7,7,0
80,5,5,16
715,6,2,0
453,1,1,20
249,0,4,22
729,0,4,191
36,2,2,37
563,2,2,0
638,3,5,97
542,0,1,0
314,2,0,0
329,2,7,51
595,6,1,0
560,3,7,0
243,6,5,14
12,2,2,30
592,6,7,54
96,1,1,0
441,3,5,0
60,1,3,267
680,1,6,12
356,4,0,6
513,1,6,9
505,6,0,0
207,2,6,113
325,4,2,0
84,0,5,452
261,3,0,0
79,6,2,0
62,7,3,0
499,4,0,8
445,3,4,58
322,2,2,0
592,7,6,44
447,7,4,13
429,3,1,0
627,2,2,67
147,6,0,0
217,0,6,64
94,2,1,0
537,6,2,0
634,2,6,0
105,6,1,0
304,4,5,58
304,2,1,0
571,0,6,194
519,0,7,252
522,2,0,0
545,5,4,25
128,6,1,0
220,0,2,8
219,3,5,16
175,5,0,0
331,6,3,0
669,3,5,937
2,5,5,0
186,7,6,0
273,6,2,0
390,7,4,0
325,4,4,16
499,2,7,59
83,5,2,0
41,3,7,23
257,0,6,67
258,3,4,31
507,0,1,9
347,0,2,6
685,4,3,128
93,6,4,79
561,7,5,0
442,3,2,0
97,4,4,23
654,1,5,71
321,6,1,0
612,0,6,18
572,5,4,10
656,5,1,0
717,4,7,35
718,4,1,43
259,1,4,22
59,4,3,42
488,6,1,8
622,4,6,121
304,6,1,0
44,3,2,9
230,5,4,26
119,0,7,27
109,0,2,17
238,6,0,0
609,4,0,0
717,2,3,91
245,2,1,0
198,3,2,5
121,3,7,28
596,4,6,731
85,7,4,4
69,0,5,487
715,2,5,156
414,0,2,19
537,4,7,9
362,6,5,11
684,3,1,0
133,0,5,163
43,7,6,11
576,6,7,54
90,1,6,95
100,2,0,0
235,6,6,16
458,7,6,0
685,2,4,214
422,6,0,0
371,3,2,0
518,5,7,85
709,3,0,0
498,6,1,0
180,0,5,19
531,7,1,0
595,7,3,0
251,5,6,39
392,6,3,0
473,1,0,0
288,4,1,6
593,3,0,0
531,2,1,0
28,6,6,0
608,1,1,0
124,0,0,0
701,2,3,147
418,0,1,0
586,3,1,0
697,7,7,35
581,3,6,98
658,3,5,20
460,3,6,103
42,1,5,1084
437,3,7,58
259,1,5,50
67,1,5,876
291,1,3,0
330,6,3,0
616,2,6,82
274,3,7,9
359,4,0,0
110,7,1,0
115,5,3,6
714,0,4,22
92,1,0,0
588,7,4,0
319,2,3,0
468,2,5,34
73,3,5,73
650,1,0,0
303,3,3,211
31,7,3,0
18,0,1,30
331,1,1,0
723,5,6,708
439,3,6,33
534,2,0,0
203,4,7,40
541,1,0,55
25,5,6,3
404,7,0,0
438,7,7,0
636,5,2,0
73,0,7,12
473,3,5,117
125,0,5,0
492,6,5,14
452,0,1,8
584,3,5,0
316,2,3,61
530,1,5,190
283,1,3,32
82,3,6,120
692,0,0,0
558,1,4,0
456,7,0,0
359,1,5,486
516,2,2,29
198,3,7,0
272,0,6,5
496,7,5,14
327,5,3,20
290,1,0,0
304,7,6,9
309,3,6,117
265,3,6,102
338,5,6,60
160,0,3,59
213,6,3,0
498,4,5,131
265,0,1,5
14,7,2,0
433,3,6,296
84,0,0,12
263,4,7,53
708,4,5,99
167,7,6,4
465,1,1,0
100,3,0,0
11,4,6,137
516,6,1,0
47,4,3,18
535,3,1,0
420,1,1,0
64,4,7,60
216,3,7,13
161,7,3,0
440,7,0,0
701,0,7,787
2,7,4,0
722,2,2,82
9,0,2,79
113,2,1,10
482,7,7,8
693,2,5,235
581,1,2,44
509,0,1,0
125,7,5,0
625,4,2,0
496,0,7,173
121,6,5,4
699,4,5,484
637,6,7,0
357,5,6,146
370,4,1,0
543,6,1,0
580,2,6,264
491,6,4,0
478,7,0,0
141,6,5,4
84,3,1,16
455,2,7,111
211,4,0,0
276,4,5,32
63,6,4,24
123,6,4,0
554,3,0,0
496,7,1,0
360,5,3,28
367,0,6,7
89,4,7,101
81,0,7,152
19,7,4,8
523,1,0,29
570,7,4,26
213,1,1,0
325,0,7,71
700,7,6,13
658,3,3,20
43,2,1,0
722,3,2,82
326,3,3,160
407,3,4,119
8,5,2,0
545,4,3,15
50,5,5,3
301,4,7,58
423,3,1,0
662,5,3,0
685,7,1,0
514,4,0,0
369,2,2,0
523,3,2,0
603,0,4,75
320,0,4,0
433,2,7,270
516,7,0,0
474,5,0,8
448,4,1,0
332,4,1,10
489,3,1,0
665,0,4,90
365,7,0,0
34,3,5,269
232,6,6,16
513,2,4,9
104,0,3,6
332,6,2,0
13,6,2,0
314,3,1,10
581,7,3,0
94,5,2,0
191,5,0,0
470,6,0,0
714,1,5,56
486,5,2,0
59,6,6,0
501,0,4,59
435,1,5,40
382,0,5,397
104,3,6,29
350,4,3,37
59,2,5,186
379,6,3,17
270,2,2,5
485,2,2,59
585,7,6,0
17,7,2,0
213,5,1,0
460,3,4,27
135,4,3,11
459,6,0,0
514,1,7,0
214,3,3,36
637,3,0,0
569,1,3,74
315,1,6,77
364,5,5,63
280,1,5,32
604,7,7,28
459,3,7,13
554,2,5,235
141,3,5,233
436,3,4,53
698,2,2,147
584,3,4,0
11,7,7,0
467,7,4,0
329,5,7,16
513,7,6,0
460,7,5,8
550,2,6,1262
262,4,4,58
179,3,0,0
87,5,4,22
87,7,4,0
491,6,1,0
2,1,6,0
702,4,5,730
537,4,0,0
410,4,6,419
52,5,5,0
347,4,1,0
518,6,5,23
701,7,4,0
556,1,0,0
167,6,4,14
712,5,2,0
384,3,7,30
703,1,6,653
456,0,2,77
534,5,4,9
601,3,4,82
704,5,1,0
471,5,7,27
103,5,1,0
691,1,1,0
523,2,7,143
51,2,3,3
699,7,3,0
113,5,0,0
488,7,2,0
472,7,1,0
601,5,2,11
165,2,6,1477
268,1,3,18
232,4,7,16
88,1,5,130
215,5,5,40
299,7,2,0
499,0,7,173
681,0,3,0
658,6,1,0
247,3,0,0
429,2,2,24
418,4,5,7
666,6,3,521
166,6,6,32
368,7,5,0
520,7,6,9
521,5,3,23
97,3,2,10
254,1,7,58
55,2,0,0
253,5,6,0
339,5,1,0
433,2,0,0
318,7,2,0
533,0,0,9
547,7,6,15
507,7,0,0
431,7,2,7
76,0,3,0
167,7,3,0
700,0,1,0
605,1,4,64
691,1,3,12
511,4,5,15
727,6,6,0
148,4,4,0
244,6,0,0
135,6,6,7
27,1,0,0
18,3,1,0
544,1,3,310
202,3,6,8
304,0,3,157
214,0,2,33
435,4,4,33
228,2,1,0
48,7,6,3
290,6,2,0
575,5,7,152
463,2,6,27
366,4,6,11
253,0,2,9
565,1,7,194
713,1,0,0
471,7,1,0
169,6,4,4
621,4,0,0
705,7,2,0
245,0,5,9
344,6,1,0
108,3,1,4
201,0,2,0
521,6,1,0
640,4,7,60
461,7,5,13
628,1,1,0
374,5,3,0
300,0,4,19
386,3,0,7
138,2,6,1063
211,1,1,5
153,2,1,4
566,2,2,26
220,0,4,21
50,7,0,0
679,0,0,0
236,4,7,21
453,4,3,33
194,5,1,0
257,0,5,58
137,0,6,484
148,6,5,0
630,2,6,86
339,3,6,98
105,5,2,0
145,3,6,37
408,3,1,39
260,0,6,80
45,7,0,0
536,0,6,0
630,4,2,0
620,4,0,0
602,2,1,0
667,0,3,165
704,1,2,69
422,4,5,39
12,1,5,276
10,1,3,415
411,2,5,219
677,2,4,33
240,6,0,0
670,3,2,20
649,0,1,20
315,0,3,20
200,3,2,0
480,1,4,22
471,5,2,27
468,0,3,77
619,2,1,64
612,1,5,18
417,7,2,0
506,2,3,85
30,2,5,0
505,3,7,9
15,2,1,0
468,3,3,27
203,5,6,33
228,5,3,0
363,1,1,0
592,5,3,0
199,1,1,0
150,2,3,0
608,5,7,11
589,6,7,10
282,1,3,38
171,1,7,0
159,4,4,18
325,6,5,10
148,5,6,0
261,2,2,17
52,2,5,3
64,7,4,12
269,6,6,0
565,4,7,26
144,3,1,0
632,7,2,86
98,2,5,27
580,5,3,17
711,3,3,0
375,1,5,177
27,5,3,0
497,2,5,145
287,0,6,70
597,5,1,0
315,3,6,113
118,6,0,0
239,0,0,0
210,7,4,28
195,0,5,20
256,7,6,5
687,3,3,0
143,7,7,4
96,3,5,54
432,2,1,33
460,3,7,111
232,7,2,0
186,2,2,19
622,0,0,0
288,1,3,89
450,3,4,58
127,6,1,0
122,1,5,7
471,7,6,27
590,1,1,0
459,4,2,0
449,7,1,0
206,5,5,65
63,1,1,15
501,4,4,50
255,6,3,0
558,6,3,0
360,3,1,7
81,4,2,0
676,0,0,0
614,1,5,75
651,2,0,0
566,4,5,100
531,7,3,0
420,6,0,0
284,7,5,23
59,1,2,115
139,2,2,17
220,2,6,29
303,6,3,0
30,1,3,3
272,5,5,0
534,1,5,25
236,3,0,0
49,2,3,15
284,6,3,0
106,7,0,0
346,0,4,0
728,0,5,1062
497,0,1,14
122,0,2,21
44,7,6,9
53,6,0,0
245,1,5,5
144,0,5,30
171,6,1,0
202,6,1,0
348,3,0,0
658,3,2,0
620,7,3,0
607,1,7,46
666,4,6,184
556,2,2,32
705,7,0,0
185,7,0,0
727,3,5,5205
442,6,6,20
522,0,1,9
455,2,0,0
409,1,4,137
183,2,5,43
73,3,1,0
272,5,1,0
245,5,5,0
346,0,5,0
501,3,3,50
6,4,3,0
246,3,2,0
142,2,7,28
71,0,3,57
160,3,0,41
206,5,4,8
67,4,4,160
170,1,3,0
268,5,1,0
359,6,1,0
571,4,2,0
610,2,7,0
624,6,1,0
617,1,7,46
243,7,2,5
510,3,6,9
515,0,4,0
295,3,7,6
636,5,7,11
419,4,1,0
114,6,2,0
209,3,5,222
647,4,5,164
150,4,6,0
569,2,4,110
421,1,4,19
5,2,1,0
33,6,3,0
465,0,0,0
631,7,4,19
638,7,0,0
280,2,7,29
726,6,2,0
575,3,1,16
262,4,2,0
341,1,1,0
207,0,1,0
250,0,5,0
607,0,6,46
66,1,7,487
64,5,0,0
335,6,5,6
513,2,6,0
642,6,7,19
143,0,0,4
105,0,2,27
546,0,4,71
204,7,2,0
220,0,7,8
298,2,4,9
171,2,7,0
457,3,1,21
142,1,6,972
598,0,0,27
511,4,3,105
400,0,2,83
101,6,7,4
616,3,5,167
452,7,0,0
589,1,5,166
234,1,4,8
614,5,6,36
523,6,0,0
454,3,4,53
14,0,0,14
251,3,2,14
123,3,5,21
386,0,3,108
619,1,6,36
523,3,3,137
562,5,4,0
43,4,3,72
296,1,3,0
279,4,4,18
234,6,1,0
530,4,7,31
629,7,0,0
310,0,2,40
569,3,6,158
498,7,3,0
477,3,2,27
584,4,5,17
212,0,5,76
172,1,1,4
497,0,5,123
674,7,4,12
216,2,7,29
623,5,3,18
323,6,0,0
236,5,0,0
579,1,4,71
367,1,0,0
487,7,3,8
320,3,2,0
2,0,4,0
611,6,1,0
77,0,2,4
574,7,2,0
143,0,5,42
718,4,4,134
69,1,6,1180
379,0,0,17
554,5,2,10
612,7,1,0
703,5,3,13
216,0,1,5
413,7,2,0
237,5,3,8
676,3,2,41
91,6,2,4
408,7,0,0
555,5,4,10
491,3,2,0
138,2,2,46
197,7,5,0
534,5,7,0
39,3,4,68
479,1,4,77
479,1,3,130
537,1,3,0
20,4,1,24
100,4,3,6
6,3,0,0
307,4,3,83
147,7,4,0
321,7,3,0
184,0,7,7
588,0,5,34
164,7,2,0
16,7,7,5
220,0,5,0
662,4,4,165
417,6,5,7
380,4,7,28
119,4,7,43
205,4,3,28
171,7,6,0
586,5,2,0
282,3,3,38
698,5,4,56
677,5,7,41
188,4,0,0
710,5,1,0
677,5,2,66
28,5,2,6
313,1,4,42
327,6,6,16
478,2,3,111
430,5,4,39
639,4,1,37
398,4,1,18
543,6,5,15
724,2,7,354
120,3,7,28
537,7,0,0
161,0,0,4
242,4,6,14
7,5,3,0
366,0,5,11
526,0,5,243
574,4,5,487
337,1,0,6
445,2,3,13
197,1,3,8
362,4,3,103
606,0,1,0
11,7,2,0
57,2,1,0
39,4,6,100
391,4,5,11
133,5,7,46
555,4,6,84
420,5,0,0
690,3,3,0
216,4,4,8
584,2,3,17
699,4,3,156
682,7,0,0
555,1,5,152
35,7,3,0
638,1,4,11
379,1,3,68
326,2,0,0
609,7,7,0
205,4,5,61
417,6,0,0
399,4,6,66
537,3,1,0
117,4,4,27
118,0,3,46
351,1,1,10
37,7,3,0
720,2,4,272
671,5,1,0
227,4,0,0
281,3,4,29
183,1,7,15
247,2,3,5
235,2,6,8
265,1,5,38
717,6,5,43
433,3,2,33
658,6,7,0
555,0,1,16
609,5,4,0
236,6,5,21
63,6,1,3
435,3,0,0
349,0,1,6
621,2,6,64
471,3,0,0
502,4,2,0
153,2,3,153
324,4,0,0
366,2,5,17
235,2,3,16
314,0,1,32
298,1,3,15
535,4,5,9
234,5,3,5
79,7,6,0
492,0,6,28
563,1,3,10
526,6,1,0
351,4,6,48
532,6,7,25
281,2,4,14
513,3,4,0
413,1,6,31
252,7,0,0
312,6,1,0
360,2,4,148
49,4,4,6
365,2,1,0
651,2,6,39
113,3,3,37
521,4,5,152
39,0,4,72
669,3,3,71
603,1,5,92
457,0,0,21
399,3,0,0
617,0,2,18
651,4,1,0
17,6,1,0
670,3,3,51
585,6,5,17
624,2,7,108
10,7,5,3
626,2,7,127
104,3,4,4
31,2,4,6
205,7,1,0
296,0,4,0
633,4,5,0
464,4,6,8
304,4,4,40
455,3,5,86
454,5,4,20
311,0,3,117
431,3,0,24
90,3,6,91
144,1,5,25
725,4,2,0
496,3,0,0
332,7,5,32
619,2,2,28
397,7,7,7
141,5,0,0
627,0,5,86
10,2,6,210
354,0,7,125
693,2,6,247
5,4,4,0
29,2,7,6
23,6,2,0
424,6,2,0
540,3,0,0
668,0,5,192
231,1,6,0
480,4,7,72
142,3,6,327
366,6,4,7
21,7,2,0
655,6,7,0
357,4,0,17
698,6,0,0
451,3,6,78
97,2,0,4
305,1,3,55
375,7,5,0
642,3,5,67
727,5,5,826
198,0,7,5
317,6,6,0
465,7,2,0
563,2,5,10
479,3,5,379
332,3,3,46
127,4,2,0
79,7,1,0
77,7,0,0
718,0,5,134
468,3,2,13
582,3,3,61
720,3,4,200
611,2,3,11
407,1,3,160
481,7,6,8
215,2,7,40
45,7,2,0
179,6,7,0
125,7,7,0
74,4,1,4
345,0,3,0
342,6,5,6
344,7,1,0
443,1,6,8
649,4,7,192
351,7,4,6
62,4,1,169
408,6,2,0
277,5,6,0
640,6,2,0
284,2,5,47
695,6,4,0
602,5,4,103
136,0,6,153
625,6,1,0
639,3,7,37
429,5,6,270
97,7,3,0
717,7,5,13
360,1,2,68
72,4,5,38
21,6,2,0
559,0,5,16
546,5,6,160
252,3,2,14
367,1,1,7
641,6,3,11
686,3,6,0
317,4,1,0
342,3,0,0
177,1,7,0
89,0,3,91
412,6,2,0
412,0,2,12
85,6,3,26
310,4,4,74
626,1,7,116
114,6,7,13
375,4,5,39
135,4,4,48
600,5,2,11
639,6,2,0
214,4,2,0
64,0,7,90
80,3,5,10
589,7,7,0
524,1,0,0
611,5,6,0
717,1,2,125
81,7,0,0
208,4,5,209
292,3,7,19
357,7,5,10
111,2,1,70
569,4,0,0
186,6,3,7
24,6,6,0
609,7,0,0
534,1,0,0
619,6,0,0
527,4,1,9
316,6,5,6
197,5,7,0
221,4,7,8
102,6,0,0
665,5,5,71
358,7,6,6
505,2,2,61
465,1,7,0
256,3,1,0
489,1,7,22
575,4,1,10
669,1,5,235
38,6,0,0
540,4,6,9
389,6,5,0
556,4,4,52
93,4,4,53
590,6,5,44
353,4,2,0
447,1,6,13
633,2,2,0
374,3,1,0
275,1,5,32
665,3,6,172
449,2,0,0
457,5,4,48
139,2,6,1522
540,5,4,0
346,6,3,0
14,4,0,0
189,4,0,7
717,3,2,22
212,4,6,287
148,0,2,0
323,3,2,0
93,5,0,32
400,5,0,18
380,4,2,7
357,2,7,48
154,3,1,0
688,2,0,0
489,7,6,0
528,5,5,95
487,1,0,0
399,2,2,48
460,0,1,8
665,2,3,325
390,3,1,0
446,1,2,33
280,4,2,47
243,3,5,50
198,7,2,0
255,3,4,27
2,1,0,0
76,0,7,4
151,1,1,0
379,7,0,0
407,1,2,53
122,2,0,7
119,6,3,0
11,1,6,101
55,7,7,0
658,0,1,0
120,0,3,48
333,2,1,6
368,4,1,0
609,6,2,0
150,2,6,4
76,5,4,0
637,5,0,0
663,1,2,243
540,0,1,40
19,0,4,270
252,1,0,0
118,6,6,4
355,3,4,48
239,1,1,5
556,6,2,0
53,0,2,9
577,4,3,132
66,1,2,90
540,5,6,9
118,1,1,0
299,0,7,15
96,3,0,0
183,5,3,0
404,3,6,202
535,5,6,0
481,5,7,36
620,0,0,11
388,0,6,101
364,2,6,103
132,6,0,0
63,7,7,3
587,7,0,0
479,2,5,387
321,1,5,10
330,7,4,0
267,6,7,14
379,2,2,35
79,0,5,0
34,6,4,49
151,7,6,0
197,0,5,12
728,4,7,576
278,1,5,18
110,5,4,10
654,6,4,39
329,5,5,67
658,5,6,12
620,1,1,0
522,3,5,252
181,3,0,0
337,0,6,237
585,4,7,17
104,7,1,0
46,1,3,83
586,4,2,0
677,7,3,0
726,2,3,840
131,3,2,52
4,2,7,3
324,2,0,0
436,6,7,20
337,5,6,233
723,1,2,163
317,3,5,32
325,7,7,51
191,1,4,24
166,3,6,1130
493,3,1,8
699,0,7,281
281,6,4,0
389,2,7,37
311,2,4,83
275,3,4,5
280,3,2,14
319,5,7,0
547,2,7,104
346,0,3,0
231,6,2,5
523,7,4,0
31,0,5,3
346,6,0,0
18,5,3,0
21,6,3,5
233,2,0,0
322,5,4,0
488,0,5,0
243,4,6,5
523,3,0,0
151,6,5,0
694,1,5,214
356,1,6,108
351,7,7,0
14,2,6,147
677,6,1,0
595,4,7,54
455,4,3,53
480,2,7,86
615,0,0,11
82,3,1,10
379,4,4,50
242,2,5,14
107,7,4,0
579,7,1,0
95,2,3,117
509,2,4,85
376,2,4,124
530,4,0,0
138,0,3,105
229,1,7,8
181,6,6,12
246,7,6,5
663,2,6,388
171,4,5,0
162,0,7,249
359,0,3,129
537,0,5,0
698,3,7,112
664,5,5,153
343,2,3,10
716,1,5,428
612,7,5,11
666,6,5,51
145,2,2,14
625,0,7,134
509,1,2,23
594,2,1,0
659,1,5,0
622,3,2,0
511,5,0,0
369,0,6,0
265,7,2,0
212,0,4,56
604,5,5,82
23,1,1,19
136,0,1,4
194,6,6,8
21,2,6,454
95,6,6,0
392,4,7,0
329,5,3,42
518,5,4,47
531,4,6,65
11,5,2,0
484,4,4,22
200,4,6,0
281,2,5,65
353,4,0,6
693,7,7,21
219,7,2,0
34,0,7,444
133,3,0,39
510,4,4,23
313,1,0,0
282,1,7,38
722,7,3,0
649,7,3,12
643,0,1,11
450,6,7,20
352,6,7,17
288,1,1,15
257,1,6,67
463,3,2,8
373,2,0,0
117,5,7,13
467,5,1,0
114,0,1,0
655,4,6,0
32,3,0,0
16,4,3,27
529,1,0,0
335,1,3,77
723,5,7,132
327,0,5,109
89,3,5,98
598,0,1,44
497,2,0,0
456,7,1,0
29,7,0,0
242,5,0,0
555,0,7,158
389,7,4,0
35,3,2,3
37,1,6,233
545,1,1,15
656,6,6,0
144,7,2,0
253,6,2,125
645,3,1,19
672,7,3,41
208,0,7,25
698,7,3,0
329,7,5,0
313,6,6,20
504,6,5,15
658,3,7,12
74,3,5,28
702,1,5,575
527,2,4,137
445,0,6,8
131,4,3,17
311,6,5,0
272,2,0,0
698,4,6,246
109,6,5,23
95,0,1,10
369,6,0,0
470,1,1,0
233,0,7,21
585,2,1,0
581,7,4,10
411,6,3,7
601,3,1,11
503,3,5,819
242,2,4,39
333,2,7,57
657,3,1,0
401,2,1,37
365,2,0,0
450,1,7,53
498,4,2,0
152,4,7,51
329,3,0,0
514,6,4,0
195,7,4,8
537,7,6,9
93,5,7,89
569,3,4,168
545,7,6,0
294,0,1,9
327,1,4,83
88,4,2,0
687,1,3,12
647,6,6,11
530,6,4,25
587,6,6,0
345,5,1,0
604,6,4,0
307,6,1,0
597,3,5,396
81,3,2,53
401,7,4,7
666,0,6,318
365,6,5,39
325,5,5,46
76,4,6,4
705,3,3,112
646,7,2,0
436,1,6,40
326,7,6,32
192,0,5,25
2,5,3,0
356,5,1,0
265,0,5,29
679,7,4,0
429,0,4,55
269,3,5,14
122,2,7,7
651,1,4,12
91,7,2,0
95,5,3,4
35,7,6,0
108,2,5,27
433,6,2,8
554,6,3,0
156,1,4,11
563,6,2,0
547,5,6,104
103,1,3,0
579,2,5,210
179,4,3,7
189,0,3,46
697,3,3,78
571,2,2,52
410,3,6,395
494,7,7,0
660,7,4,0
228,2,5,21
3,4,7,0
619,3,0,0
697,3,0,0
235,0,0,5
493,5,4,28
163,2,4,51
560,3,4,10
665,1,2,318
179,4,1,0
251,5,3,0
310,4,3,98
474,7,1,0
434,0,2,58
259,3,1,0
232,2,7,68
699,5,6,294
636,0,2,0
351,7,3,0
92,1,2,89
330,4,1,10
107,1,1,0
731,6,2,0
309,4,6,239
676,4,4,66
667,2,5,184
300,1,1,0
478,0,4,125
347,5,1,0
238,2,4,34
449,3,6,53
67,4,2,0
284,4,0,0
327,1,1,10
450,7,3,0
207,1,4,68
518,7,2,0
54,0,4,0
399,1,5,186
449,4,5,86
15,6,4,5
193,5,6,5
288,1,0,0
326,0,2,16
213,0,3,25
425,7,0,0
337,5,2,0
407,6,7,18
493,7,0,0
450,3,6,40
262,0,4,53
180,1,6,12
17,2,6,660
239,2,3,29
430,3,6,200
502,6,0,0
371,5,4,0
136,6,1,0
164,6,1,0
714,3,1,22
183,7,6,7
70,0,4,94
693,5,3,21
482,7,5,36
211,6,2,0
325,4,0,0
501,3,6,384
225,0,4,16
683,3,3,0
153,0,0,7
392,2,4,23
397,2,5,101
366,4,7,57
445,6,4,0
374,1,6,57
515,7,6,9
94,1,2,107
325,3,2,26
586,6,6,0
506,2,5,214
370,2,3,11
346,1,5,6
144,2,2,41
675,0,6,173
158,6,1,4
81,7,1,0
655,6,2,0
266,5,5,38
237,0,3,64
410,4,4,63
192,6,0,0
69,4,5,237
408,6,4,12
56,7,4,0
241,7,4,27
265,0,2,23
87,3,2,26
154,1,3,114
582,0,0,0
530,2,6,350
210,3,7,45
96,7,4,4
144,3,7,30
617,4,2,0
49,7,6,3
553,5,6,52
400,5,6,71
154,5,1,0
47,4,4,46
180,1,2,0
640,3,2,0
607,6,0,0
298,2,7,6
628,3,0,0
686,4,1,0
70,5,3,0
330,5,7,83
37,2,2,97
219,5,4,26
358,0,0,33
271,5,2,0
170,7,4,0
205,3,5,20
106,4,3,20
48,4,6,21
638,5,2,0
679,7,2,0
125,7,3,0
712,0,1,13
333,7,6,6
459,3,4,77
175,6,3,0
234,5,0,0
702,2,6,2036
354,7,0,0
347,6,2,0
92,0,3,75
313,4,5,51
419,1,4,0
694,3,1,12
174,7,1,0
227,2,1,0
362,4,0,0
645,6,1,0
237,6,2,5
336,1,7,173
576,2,4,230
277,2,0,0
279,6,5,56
678,6,6,0
269,5,0,0
450,4,6,45
668,4,4,39
230,6,4,13
26,6,5,14
539,1,6,0
238,5,5,42
34,6,7,120
153,4,4,176
564,2,3,16
0,3,0,0
500,7,5,8
541,2,3,71
29,6,3,0
644,6,6,11
708,2,2,0
36,3,5,140
685,2,3,214
163,5,6,402
71,6,3,6
509,6,0,0
40,5,5,49
91,4,1,6
455,6,1,0
638,0,6,30
232,3,7,21
220,1,7,5
729,5,5,250
4,3,2,0
417,3,1,0
226,4,1,0
696,5,5,99
230,7,2,0
519,0,4,161
708,1,4,13
394,3,5,0
218,3,0,0
100,7,5,0
134,4,3,11
707,0,1,0
171,1,3,0
594,2,4,105
580,4,0,0
501,7,5,0
331,0,3,109
406,6,3,7
119,0,5,27
567,2,2,110
45,1,2,34
62,0,2,19
494,5,4,72
425,6,0,0
117,2,0,0
407,1,1,23
401,2,5,160
565,6,5,16
477,2,6,276
196,1,2,12
688,7,1,0
650,4,0,20
43,3,6,1505
678,4,4,74
424,6,5,31
514,0,7,0
592,1,2,98
158,2,3,84
233,2,5,13
357,1,3,108
323,1,5,6
649,3,3,172
573,2,4,126
43,5,5,183
132,5,1,0
10,0,7,153
104,0,0,6
500,1,7,137
700,2,4,337
271,2,4,0
76,5,2,0
271,3,3,5
60,1,4,100
550,3,5,670
275,2,0,0
566,6,3,10
447,3,7,45
559,1,3,10
67,1,7,779
476,4,3,56
184,5,5,15
161,5,4,44
587,2,0,0
309,0,0,25
228,3,4,5
166,7,3,7
249,0,1,0
599,2,6,318
151,6,4,0
563,1,0,0
267,1,6,18
484,0,1,8
181,1,1,0
428,7,7,7
539,0,7,0
196,6,3,0
188,7,1,0
511,6,6,0
124,7,6,0
454,2,0,20
85,1,3,272
367,5,6,0
415,6,4,0
321,5,5,10
509,5,3,9
127,7,0,0
590,0,6,54
208,2,3,177
698,2,7,99
675,7,4,12
39,2,5,186
716,4,2,0
334,3,6,319
286,3,6,52
147,0,0,0
263,0,2,22
399,1,7,108
307,6,3,6
493,6,7,28
540,3,4,15
570,0,7,261
658,4,0,0
628,7,3,0
95,0,2,26
57,4,0,0
259,5,2,0
619,6,7,18
11,7,3,17
325,6,0,0
350,6,1,0
505,7,5,9
584,7,1,0
285,1,1,29
719,7,5,35
470,7,6,0
623,6,7,18
484,4,3,72
58,1,4,72
25,1,0,0
667,0,6,267
221,5,6,0
193,5,5,81
492,5,1,22
268,7,4,9
411,3,5,274
550,6,6,40
6,5,6,0
501,4,5,81
608,0,0,0
171,0,0,0
640,1,4,67
58,1,5,681
208,4,7,48
171,2,5,0
321,4,3,0
90,0,1,16
185,5,5,24
299,2,2,6
518,7,7,0
723,7,2,0
305,3,5,104
76,6,3,0
696,4,1,56
68,4,7,130
194,3,1,5
73,2,5,26
270,0,7,9
35,6,3,34
381,3,5,358
429,6,7,75
430,4,3,70
91,4,5,95
267,1,5,52
220,5,1,0
364,2,4,35
294,4,3,236
501,7,7,340
41,2,4,75
323,5,2,0
64,7,6,19
716,7,0,0
457,5,3,8
543,5,2,0
59,1,1,3
46,4,0,0
494,6,1,0
196,1,4,0
146,0,4,4
65,5,7,818
109,6,3,6
485,7,2,0
308,6,3,0
534,1,4,0
421,7,5,31
333,5,4,16
385,3,4,83
490,3,5,8
439,4,5,13
667,4,2,0
519,7,0,0
131,7,0,0
462,6,2,0
29,3,5,0
311,3,6,545
370,0,5,0
667,3,4,243
113,3,6,46
484,5,5,50
519,4,0,0
100,5,1,0
40,7,6,37
150,6,4,0
699,1,6,324
715,4,0,0
597,1,0,0
94,0,0,6
324,3,1,0
667,5,6,102
304,2,4,49
405,0,2,23
628,0,5,49
156,7,1,0
596,3,6,335
117,0,6,17
465,4,5,8
237,3,0,0
256,3,7,39
445,1,1,0
180,1,5,12
631,5,5,11
115,3,1,10
48,6,5,9
620,1,2,46
620,3,5,149
508,5,6,23
542,4,2,0
349,4,1,6
230,5,0,0
219,2,6,26
225,3,2,5
315,0,1,26
718,6,0,0
41,3,1,3
695,7,1,0
12,1,1,0
25,4,6,23
96,7,1,0
49,0,5,21
267,0,2,5
198,4,6,0
221,4,0,0
339,1,7,64
281,0,2,56
596,1,0,0
446,3,2,25
317,1,4,0
259,3,5,84
645,5,1,0
265,3,3,23
515,0,1,0
420,2,0,0
256,6,4,14
526,5,7,114
53,6,4,0
337,7,0,0
246,7,3,0
613,1,0,0
165,1,6,1269
209,0,3,36
156,6,6,7
501,4,6,624
314,7,6,42
725,6,5,213
274,1,5,5
528,6,1,0
10,4,3,65
171,3,4,0
226,2,5,13
322,6,0,0
77,3,0,0
35,0,7,462
687,0,3,0
484,7,3,8
543,2,0,0
171,4,2,0
413,5,3,0
170,1,4,0
40,7,0,0
341,3,5,37
419,3,7,0
681,4,5,12
652,1,0,0
594,5,0,0
477,7,1,0
79,3,3,4
153,5,0,0
190,1,4,53
91,7,0,0
683,5,1,0
249,3,1,0
411,6,2,7
570,2,2,74
338,0,3,44
275,6,6,79
654,0,4,31
581,7,7,0
8,1,6,24
248,2,2,0
270,5,7,0
408,5,0,12
318,7,4,0
274,6,4,9
566,7,1,0
194,6,4,8
113,6,7,13
97,6,1,0
496,1,5,318
368,1,2,0
58,7,3,0
707,3,0,0
38,6,1,0
656,1,4,0
109,0,1,4
655,1,1,0
235,7,0,0
559,3,4,10
585,6,2,27
494,6,0,0
361,5,3,0
291,0,5,0
144,0,1,0
627,2,3,60
232,2,3,8
315,1,0,0
36,6,6,3
566,3,4,116
688,4,1,0
503,0,3,254
722,2,3,213
17,6,2,0
564,4,7,16
456,1,1,21
270,4,3,18
581,5,6,17
126,5,6,0
279,3,6,23
533,6,4,15
178,4,2,0
716,0,0,43
10,7,6,3
372,6,1,0
550,0,1,31
362,3,5,255
184,7,6,0
375,7,2,0
646,2,6,164
555,1,3,116
102,7,2,0
271,6,0,0
48,0,4,36
225,3,3,16
649,5,2,0
423,1,3,101
710,2,2,0
196,0,1,8
555,7,4,10
542,2,0,9
532,6,3,0
580,6,0,0
235,7,5,0
209,4,3,20
402,7,4,0
684,0,3,54
138,7,7,11
118,5,3,0
63,7,1,0
365,0,2,46
384,2,1,37
549,1,5,175
581,2,0,0
473,4,7,48
209,4,6,250
649,7,5,31
379,3,6,114
464,0,4,0
87,7,7,28
406,2,7,96
563,4,0,0
23,7,0,0
472,4,5,48
41,1,7,670
238,1,0,0
261,7,5,5
528,7,3,0
681,4,4,41
424,1,3,94
429,3,4,113
626,3,2,0
413,5,2,0
534,4,0,0
328,1,5,109
383,5,0,0
365,3,6,107
396,6,3,23
457,6,6,27
39,5,6,92
315,7,5,6
661,1,3,172
638,2,3,30
643,2,4,37
658,4,1,0
596,6,5,78
286,6,7,9
426,1,6,87
151,7,7,0
466,7,1,0
165,3,4,124
707,6,3,0
37,0,3,178
215,7,1,0
514,7,3,0
112,2,1,0
670,0,4,172
535,1,4,0
515,1,4,9
203,6,3,0
666,3,0,0
29,1,2,0
579,6,5,34
650,0,6,114
288,4,3,113
44,4,6,717
362,1,3,35
536,5,1,0
81,5,1,6
188,0,4,19
368,1,4,0
655,3,1,0
558,2,3,26
82,3,7,95
412,4,3,51
132,4,5,94
224,0,1,0
547,2,6,224
660,1,2,20
725,4,7,200
77,5,3,0
131,5,7,74
468,0,2,21
330,4,6,119
265,4,6,29
362,1,4,17
275,6,4,0
319,3,2,0
318,7,1,0
503,4,7,117
275,3,5,18
393,7,1,0
442,7,2,0
329,5,2,36
62,3,4,75
680,7,2,0
648,7,1,0
60,7,1,0
87,1,5,344
629,1,1,19
106,6,3,0
267,6,4,14
591,4,6,115
400,6,0,0
173,2,2,4
0,0,0,0
242,6,6,9
265,0,7,56
49,4,7,19
34,4,1,18
450,3,2,8
276,6,2,0
453,1,2,33
258,1,6,67
496,6,2,28
326,2,2,61
187,6,1,0
234,3,3,21
155,2,1,0
468,3,0,0
509,0,7,38
611,1,2,0
41,0,6,344
344,1,4,0
97,3,5,63
518,3,6,67
529,6,4,15
18,1,0,5
268,6,7,5
558,5,7,16
201,4,6,0
388,3,0,0
639,2,4,108
648,3,3,90
520,0,3,123
262,6,0,0
111,2,2,23
168,7,0,0
394,5,5,0
547,0,7,151
74,0,7,19
206,0,7,166
31,3,3,9
621,5,2,0
126,7,5,0
90,5,1,0
464,5,3,13
462,5,0,0
232,6,2,0
622,6,6,28
98,5,7,20
12,2,3,194
608,4,0,0
146,1,4,0
477,3,3,34
235,4,4,16
447,6,4,8
653,0,3,90
65,4,1,51
666,2,6,682
604,5,2,0
412,6,7,39
96,5,6,10
107,7,6,6
222,5,3,5
614,5,4,18
319,6,5,6
298,3,0,0
128,7,7,0
239,6,2,0
584,5,2,0
64,0,4,207
319,1,7,16
695,5,6,41
714,7,0,0
399,1,1,7
592,5,1,17
248,6,2,0
69,7,6,24
453,3,1,8
52,1,2,0
18,0,3,85
115,3,4,40
172,7,5,0
643,2,7,116
381,4,6,220
266,7,6,9
256,6,5,14
477,6,3,8
325,0,4,42
394,1,4,18
146,7,7,0
176,6,5,0
680,7,4,0
226,2,3,8
570,1,6,177
86,5,5,152
253,3,2,17
521,1,5,205
515,1,2,9
465,5,3,0
255,1,5,80
299,5,4,9
627,7,4,30
80,6,2,0
19,5,7,11
14,0,3,164
293,3,3,92
127,3,0,0
728,2,3,744
308,0,6,132
320,0,1,0
296,4,7,0
367,0,3,0
347,5,2,0
586,7,5,0
574,2,2,94
442,3,3,0
675,5,6,41
261,6,2,50
243,5,6,17
306,0,0,0
372,6,4,0
382,6,4,107
565,1,3,310
459,6,5,21
149,3,4,4
78,7,7,0
139,1,3,76
450,7,1,0
679,3,4,0
116,1,4,10
296,7,0,0
665,0,7,141
501,4,0,28
311,7,7,25
157,5,2,0
459,0,2,48
366,3,6,39
379,3,7,46
289,5,1,0
678,3,4,0
547,3,1,0
624,4,6,97
244,3,3,9
210,6,2,0
629,4,3,175
433,7,6,40
575,4,3,100
622,0,2,92
555,3,7,74
234,7,6,5
369,0,4,0
486,2,1,0
414,1,5,12
431,5,4,39
170,6,6,0
562,3,6,0
369,3,6,0
506,0,0,0
521,1,2,114
500,1,5,153
636,4,1,11
395,3,7,0
660,2,6,31
99,6,3,0
244,0,3,0
32,1,3,32
595,3,4,122
376,3,1,11
700,5,5,618
374,7,2,0
220,4,5,37
315,0,7,57
384,1,4,220
422,6,4,0
329,1,0,6
399,5,7,101
220,5,6,5
206,5,1,0
216,0,0,42
461,5,7,27
49,6,4,6
429,6,5,31
566,2,4,116
340,5,2,0
626,6,0,0
406,3,5,548
125,1,3,0
731,2,2,154
261,1,5,31
557,3,4,74
152,4,2,0
96,5,3,0
619,3,6,103
669,1,6,286
384,5,3,48
369,4,5,7
139,2,5,499
538,5,2,0
190,1,3,69
438,5,0,0
673,2,0,0
568,3,1,10
506,4,4,85
337,3,5,162
97,1,2,20
351,4,3,37
654,5,0,0
137,2,3,59
457,5,1,21
338,7,0,0
240,6,7,5
255,7,7,22
662,0,7,294
302,3,3,147
127,0,4,0
420,4,1,0
397,6,6,11
637,6,5,86
39,5,7,419
399,4,2,0
219,1,0,0
143,7,4,7
64,7,2,0
586,7,7,0
103,2,2,10
475,6,1,0
573,0,1,10
117,2,2,37
207,3,6,48
126,5,7,0
447,6,6,0
581,3,5,105
383,0,3,124
435,6,6,8
630,1,6,60
594,1,1,0
705,5,0,0
636,0,1,19
676,1,5,86
533,1,5,15
612,2,4,11
271,7,1,0
42,6,5,18
82,7,2,0
425,7,4,7
414,6,2,0
128,1,5,4
205,4,2,81
75,2,7,0
132,1,2,42
232,5,3,5
216,5,2,0
344,7,4,0
165,2,4,59
627,5,1,0
203,2,1,5
580,1,1,0
393,5,6,0
678,2,4,21
616,5,5,64
433,7,2,40
104,3,2,0
429,4,7,63
106,6,7,0
288,1,7,34
679,7,1,0
406,0,2,78
611,7,7,0
82,0,5,202
581,4,1,10
624,6,4,67
480,7,7,45
201,0,6,0
633,7,3,0
530,4,6,249
301,7,5,181
160,4,5,91
135,4,7,70
626,0,4,49
621,5,3,18
66,3,0,0
279,4,7,23
354,5,2,0
322,1,7,0
407,0,1,41
61,7,4,0
194,2,6,56
266,7,3,0
454,4,0,13
13,3,4,147
385,0,2,18
153,6,2,0
687,3,1,0
471,4,2,0
127,5,5,4
106,4,7,17
65,2,7,340
632,7,0,0
394,5,7,0
330,3,3,36
158,2,6,359
224,4,5,8
333,4,4,61
233,1,7,16
588,2,7,27
259,0,2,22
510,2,2,9
301,7,3,0
585,3,5,10
658,2,1,0
78,2,6,4
604,5,4,18
390,3,4,7
112,2,5,40
356,0,5,118
688,4,4,74
468,5,6,8
240,4,6,31
239,4,1,13
57,3,1,15
636,1,0,0
277,7,0,0
327,0,2,32
221,2,7,8
355,3,0,6
196,6,4,0
360,0,5,646
179,4,0,0
614,4,2,0
281,3,7,52
207,7,6,12
495,1,0,0
526,2,5,670
672,5,1,0
312,4,6,216
537,2,1,0
205,2,6,65
555,1,2,10
130,3,4,80
413,2,1,7
19,6,1,0
184,1,2,7
473,2,5,146
38,4,5,66
116,4,3,46
67,4,6,849
308,5,1,0
400,1,7,71
405,7,5,18
592,5,5,71
473,7,2,0
79,5,7,0
467,4,0,0
403,0,1,0
58,5,0,0
399,5,0,0
58,7,6,3
538,3,3,0
344,7,7,0
608,5,3,11
464,4,1,13
372,2,0,0
503,7,3,0
562,4,1,0
224,3,2,0
317,4,7,16
169,2,5,34
429,5,2,0
269,0,5,9
644,5,7,67
80,6,0,0
603,6,1,11
681,2,1,0
714,5,4,35
323,1,0,0
91,7,5,22
417,0,4,0
654,1,3,39
711,7,0,0
568,3,4,58
217,2,5,37
154,0,6,263
292,0,5,19
178,3,5,15
212,6,4,20
598,3,7,115
298,5,3,0
41,3,2,9
310,0,4,83
322,3,0,0
509,4,4,15
6,1,0,0
153,7,4,7
692,4,2,0
612,1,3,28
600,1,3,231
16,5,2,3
375,1,6,114
139,2,7,150
523,2,1,0
625,5,0,0
89,6,0,0
682,5,0,0
78,4,5,0
580,3,7,34
54,1,1,0
501,1,6,281
186,7,2,0
142,1,5,135
459,4,4,69
239,0,2,37
588,1,6,0
389,0,6,30
417,1,5,0
192,3,5,25
339,4,0,10
286,5,6,29
336,1,5,260
449,7,3,0
486,1,3,22
502,5,5,267
291,3,4,0
280,3,0,5
612,5,0,0
717,2,7,156
145,3,4,14
611,2,7,46
276,4,3,56
680,4,1,0
126,0,2,0
729,1,7,318
206,3,2,20
378,7,3,0
28,2,7,6
729,5,6,154
334,1,0,6
163,3,3,190
37,6,5,6
278,4,0,0
33,6,6,0
520,2,1,0
292,2,3,30
483,6,7,0
674,0,7,173
154,7,7,4
273,7,7,0
74,7,3,4
275,1,1,0
321,2,1,0
292,0,3,15
580,7,7,17
692,1,5,0
303,4,3,162
609,5,2,0
79,1,3,0
415,7,3,19
459,2,4,27
420,1,4,0
669,6,6,114
533,2,7,169
216,1,5,55
341,0,0,6
503,0,6,986
37,5,3,11
130,5,2,0
447,2,3,33
140,2,6,1348
57,0,1,94
190,6,1,0
86,7,0,0
353,7,5,6
41,3,6,706
595,3,1,17
695,3,7,66
458,5,4,48
201,6,0,0
128,3,4,11
217,2,4,34
97,0,3,10
723,2,1,0
119,1,2,17
415,1,4,0
314,1,6,263
362,1,2,28
553,1,5,158
5,3,7,0
352,0,3,102
278,5,5,9
82,4,7,89
193,0,5,20
196,6,6,0
422,7,6,0
418,6,3,0
318,1,7,20
223,3,1,0
601,0,7,196
356,0,1,6
261,4,5,116
184,2,6,24
324,3,7,0
219,5,0,0
412,0,6,63
434,0,6,119
255,2,0,0
475,2,3,103
553,7,0,0
227,1,2,5
598,1,2,98
326,1,7,148
553,5,1,0
343,4,6,21
29,0,0,0
498,4,0,22
226,2,1,0
144,0,3,37
418,7,2,0
628,1,7,37
133,6,7,42
708,6,0,0
626,0,1,11
500,0,4,137
184,1,0,0
167,1,6,414
174,6,0,0
504,4,7,105
214,5,4,16
561,3,2,0
10,4,2,0
28,0,2,9
664,4,3,31
169,4,4,53
664,6,1,20
395,7,7,0
334,3,3,67
524,7,0,0
198,4,1,0
253,0,5,14
542,3,0,15
249,1,7,0
205,0,1,5
228,1,0,0
194,7,4,0
306,7,2,0
570,2,1,26
524,6,3,38
175,7,4,0
317,3,2,0
509,5,4,29
95,3,1,0
419,1,2,0
56,7,5,0
418,6,0,0
404,2,4,96
593,6,7,34
260,0,2,14
315,2,0,0
171,0,4,0
717,0,1,0
430,7,6,0
153,0,4,73
301,7,6,92
668,0,3,122
563,5,2,0
368,7,3,0
662,4,1,20
712,6,1,0
717,7,2,0
507,3,0,0
53,1,4,0
238,4,4,80
502,7,6,95
2,7,2,0
405,4,5,142
619,4,7,92
671,2,3,133
266,0,3,23
357,6,7,33
112,2,0,0
39,5,3,138
92,6,0,0
270,1,4,14
170,3,3,0
574,7,6,0
51,7,2,0
566,0,0,26
281,2,0,0
577,6,6,10
494,2,1,0
474,3,1,21
453,1,6,53
509,6,7,0
272,4,7,0
192,4,5,33
17,5,1,0
146,4,4,11
278,1,6,32
632,0,6,30
245,1,3,0
17,6,7,5
155,5,7,242
724,7,1,0
529,2,0,0
342,1,4,6
377,0,2,11
598,1,7,203
415,6,3,0
84,2,0,0
452,2,7,53
361,4,3,74
95,4,2,6
594,0,5,149
463,4,2,0
632,1,5,11
253,6,6,14
295,1,1,0
713,4,7,0
493,1,2,145
644,1,2,97
484,2,0,0
383,1,6,845
649,5,0,0
598,3,3,54
367,1,5,7
90,5,2,0
568,7,0,0
496,4,3,0
431,1,7,106
273,2,0,0
516,1,2,38
492,6,1,0
289,2,3,40
198,0,4,0
102,2,0,0
537,2,5,0
106,2,0,0
55,2,5,0
90,1,4,35
611,3,1,0
14,0,6,99
491,7,3,0
234,5,1,0
302,1,6,166
271,4,1,0
696,2,2,43
159,7,0,0
540,3,1,9
198,1,2,0
710,6,4,13
610,5,3,0
515,7,7,0
290,4,2,0
538,2,5,0
411,3,2,19
658,2,5,0
236,0,4,42
37,6,7,106
199,3,4,0
546,1,6,135
508,2,5,91
71,0,5,42
212,7,6,5
382,1,3,96
480,3,4,109
73,4,5,16
502,4,5,153
569,5,5,94
175,1,6,0
505,7,2,0
408,6,1,7
68,7,2,0
631,3,0,0
212,4,1,12
244,0,2,14
499,7,0,0
716,1,6,56
494,2,6,95
23,1,3,44
645,6,2,0
404,7,2,0
358,3,3,71
414,0,0,7
109,2,3,33
323,5,7,0
351,5,0,0
259,3,2,14
487,7,2,0
48,1,4,9
338,3,4,91
251,6,3,5
717,3,3,156
37,2,7,298
209,3,3,93
597,4,4,132
57,1,4,252
40,4,4,68
505,3,3,29
167,5,3,7
214,7,6,5
553,3,2,32
367,1,7,7
325,2,5,164
53,7,2,0
343,7,7,0
701,5,2,35
101,0,7,0
341,4,2,0
468,1,2,48
228,6,2,0
500,2,6,376
468,6,0,0
75,7,3,0
280,6,5,108
159,3,4,146
283,5,6,0
575,6,3,0
619,1,4,28
422,5,5,31
315,1,4,20
286,3,3,84
493,6,1,0
477,3,0,0
627,5,6,37
682,4,2,0
595,5,3,0
684,0,6,12
42,5,4,46
695,3,0,0
499,1,3,81
393,0,7,0
675,0,3,74
710,6,2,0
180,2,0,0
583,5,0,0
420,1,2,51
316,3,5,97
436,4,6,33
270,0,1,0
116,6,0,0
100,0,6,0
256,0,3,62
600,7,3,0
719,3,6,268
684,4,0,0
355,7,6,6
348,4,5,10
479,6,7,34
415,3,3,19
575,1,4,152
353,6,6,6
269,7,2,0
669,1,1,0
362,2,6,341
337,7,6,33
434,1,3,197
281,0,1,14
91,5,6,411
160,6,0,0
453,0,4,58
437,7,4,0
116,2,1,0
398,5,4,7
267,5,3,23
20,3,3,41
98,2,0,4
260,0,1,0
406,5,6,138
242,2,3,58
210,0,7,88
119,6,5,4
665,4,7,12
87,2,5,470
596,6,1,0
330,3,2,6
485,0,6,64
25,4,4,40
673,3,7,41
661,5,4,31
315,5,3,6
418,0,0,0
233,4,6,8
33,3,1,52
575,6,0,0
564,3,1,0
509,2,5,61
540,0,3,49
218,1,0,0
412,2,6,137
659,3,6,20
405,4,6,358
136,7,4,28
52,6,3,0
717,4,6,99
475,0,0,0
531,2,4,80
317,1,5,32
328,5,3,0
359,5,0,6
671,6,0,0
16,4,1,17
95,7,2,0
528,4,6,439
122,5,2,11
82,6,1,0
153,1,4,55
1,6,7,0
96,1,4,10
599,2,5,193
357,7,2,0
2,5,1,0
541,4,6,40
57,6,3,0
348,3,5,17
56,4,5,54
456,2,7,111
483,2,6,281
574,5,3,16
226,5,6,0
262,0,0,27
673,4,3,173
32,5,2,0
275,0,7,5
284,7,6,0
239,7,1,0
633,7,5,0
572,5,5,84
113,7,2,0
165,7,1,0
69,7,7,19
173,3,7,19
715,0,5,134
728,1,7,1711
422,5,6,12
135,0,2,98
672,6,3,41
374,0,7,103
302,6,3,0
95,7,6,19
558,3,5,32
51,7,3,0
300,2,2,58
296,5,6,0
600,1,7,128
645,4,1,19
188,3,3,24
308,2,2,43
421,1,2,70
285,2,6,32
471,0,4,138
700,6,6,43
605,6,6,11
728,4,5,2019
526,2,2,23
333,6,6,6
401,2,0,0
404,5,4,30
389,0,1,18
234,2,3,47
335,5,5,83
555,7,2,0
726,0,1,59
437,6,0,0
33,0,3,797
574,0,1,0
72,7,7,4
451,7,3,0
505,7,1,0
693,1,5,288
663,0,7,866
55,0,3,0
435,5,3,20
59,4,4,57
714,0,6,22
359,5,1,0
541,1,1,15
715,1,6,583
20,2,0,3
500,1,3,100
465,4,7,0
216,7,1,0
336,7,0,0
725,0,6,3031
351,2,4,129
721,6,0,0
575,0,2,94
388,4,4,37
443,7,7,0
488,5,4,0
424,7,1,0
41,1,5,502
597,6,7,78
482,5,7,22
315,7,7,0
718,5,3,43
656,2,3,12
33,2,5,639
122,3,7,7
555,5,1,26
589,7,2,0
710,6,5,13
311,4,5,117
577,1,5,247
692,6,6,0
537,5,7,0
450,5,4,33
394,0,4,7
631,1,7,37
28,5,5,0
67,0,4,265
622,6,2,11
115,3,5,56
129,5,4,46
84,1,0,0
707,6,5,78
403,1,7,119
406,4,7,30
125,5,2,0
172,1,0,0
44,7,5,6
184,1,7,19
357,6,3,21
43,4,5,252
630,2,4,49
240,4,4,31
487,0,0,0
465,6,7,0
541,3,1,9
694,2,4,226
573,1,6,435
654,5,5,20
142,7,5,0
70,7,3,0
511,2,5,0
169,1,7,53
701,1,0,0
578,5,0,0
195,0,7,33
93,5,6,63
726,4,6,2441
150,4,4,7
411,0,6,168
431,1,1,31
659,6,2,0
440,4,5,0
582,7,6,0
410,0,5,195
260,6,0,0
89,0,6,199
496,6,5,14
133,4,5,163
522,7,6,0
624,4,3,78
297,7,3,0
299,7,0,0
9,4,6,14
210,1,1,8
40,1,0,0
177,0,1,0
141,4,5,126
695,1,7,148
622,6,3,18
611,0,1,0
86,1,0,0
261,1,6,50
428,3,1,7
590,5,3,0
562,0,3,0
57,2,7,608
315,1,3,20
86,2,7,199
721,6,1,0
38,6,6,37
691,4,1,0
10,4,1,11
215,3,6,85
364,4,4,22
115,7,0,0
623,6,6,28
409,3,6,626
520,4,4,76
506,1,1,0
534,2,6,40
515,3,6,9
257,3,1,5
162,3,5,581
397,3,5,71
661,4,6,39
403,4,3,66
414,3,4,7
643,7,6,11
281,2,1,47
489,2,3,8
445,5,6,13
394,1,3,7
582,0,7,71
728,2,7,2550
713,4,6,0
87,6,3,19
309,1,1,15
210,6,5,16
703,3,4,212
523,1,5,123
552,0,7,293
412,1,3,101
662,5,2,12
580,4,4,122
664,3,5,216
208,7,6,8
477,0,2,69
75,3,6,12
489,0,1,0
222,3,2,0
479,3,4,111
618,0,3,110
15,3,7,90
546,2,7,120
86,5,4,16
352,4,0,0
309,5,7,6
625,2,5,205
661,3,4,102
92,6,1,0
696,0,7,380
146,7,0,0
561,7,3,0
489,6,7,0
0,6,1,0
298,0,3,0
278,5,2,0
267,7,5,14
113,1,5,54
434,2,1,0
190,6,6,0
176,7,4,0
370,5,2,0
245,7,6,0
238,3,7,42
566,7,5,10
507,1,0,0
390,7,2,0
243,6,1,0
609,4,4,11
670,0,1,12
642,7,3,0
155,7,2,0
260,3,3,58
498,1,7,117
576,1,4,88
346,5,6,0
700,1,4,125
443,3,4,0
653,6,2,0
472,5,1,0
157,1,0,0
681,7,1,0
189,3,2,7
155,2,7,59
246,1,3,14
548,4,6,184
245,2,0,0
9,0,1,8
662,7,2,0
227,5,7,0
196,1,1,0
164,3,2,41
338,4,6,210
133,1,3,331
356,5,3,17
135,5,2,13
481,4,6,290
508,4,2,0
690,5,2,0
719,3,2,56
579,1,5,98
531,5,6,31
361,7,3,0
457,2,7,42
540,1,4,65
506,1,3,99
471,6,6,21
42,3,1,14
627,3,0,0
161,7,0,0
40,6,3,0
434,2,2,91
454,4,5,40
403,2,6,149
591,1,1,0
686,7,5,0
343,0,1,0
141,4,7,52
716,0,2,69
600,0,5,128
79,7,4,0
216,6,3,0
716,4,4,78
199,6,2,0
530,2,4,104
590,5,0,0
228,1,3,13
368,2,4,7
721,1,6,340
539,4,7,9
370,5,6,0
161,0,6,439
206,1,7,40
253,2,0,0
232,1,6,5
429,3,2,39
377,4,0,0
379,5,3,79
59,5,2,0
625,0,6,86
274,1,0,0
546,1,7,160
26,6,4,0
380,4,5,28
206,6,5,16
27,2,6,0
714,4,6,69
67,6,2,0
229,7,6,0
306,1,7,43
498,3,2,45
298,0,6,0
725,3,2,59
345,3,6,0
653,4,0,0
136,5,6,331
394,5,1,0
65,0,4,154
441,7,6,0
628,2,1,19
284,5,7,61
154,5,6,37
370,4,5,0
143,1,6,42
295,7,3,0
132,1,3,94
639,3,3,30
53,2,7,0
115,1,4,4
544,6,7,31
593,2,5,122
322,5,0,0
388,2,5,48
37,0,4,212
694,0,0,21
460,0,7,90
450,6,5,8
180,0,3,12
587,6,0,0
36,3,1,3
143,7,3,0
144,2,1,0
577,1,3,142
393,3,4,0
161,3,3,41
85,4,3,28
254,7,4,0
268,7,2,0
406,6,7,112
429,2,5,156
498,7,5,22
380,4,1,0
723,6,3,59
302,2,7,40
492,5,3,0
408,2,3,188
471,3,4,61
418,0,6,7
561,1,3,0
128,6,0,0
175,4,0,0
308,1,2,55
237,0,4,29
439,0,6,8
46,7,7,0
39,0,6,221
60,4,7,66
520,7,0,0
219,7,4,0
683,3,4,0
231,2,0,0
643,6,1,0
699,4,6,808
638,6,0,0
329,6,1,0
548,2,1,0
701,2,5,1370
13,0,5,259
89,5,2,6
665,2,5,204
247,6,0,0
254,1,0,9
5,6,3,0
357,3,5,291
661,5,7,12
283,0,6,14
503,0,0,8
121,0,5,39
187,3,1,19
306,0,1,0
109,2,0,0
543,1,1,9
284,0,5,14
365,1,6,7
450,3,7,40
519,4,1,15
103,1,6,17
102,5,2,0
355,2,1,17
434,0,3,86
640,7,0,0
651,2,1,0
506,6,7,0
580,7,1,0
425,3,0,0
372,5,2,0
238,0,2,55
216,3,6,85
83,3,3,168
176,3,1,0
240,6,4,5
624,3,7,164
73,5,4,4
316,0,5,16
73,4,3,47
458,7,2,0
7,6,6,24
12,3,3,85
470,7,4,0
531,2,2,9
274,6,3,0
108,4,5,43
700,5,7,147
376,0,2,85
58,0,6,156
348,5,3,6
690,5,6,0
632,1,3,37
694,0,6,214
512,2,1,0
673,5,6,119
341,5,6,0
662,5,1,82
620,3,7,46
305,0,5,74
540,2,2,65
12,6,4,11
425,4,2,0
675,1,5,86
73,4,0,6
459,3,5,77
702,7,4,0
238,7,2,0
259,4,1,5
570,3,3,68
2,1,5,33
699,5,2,43
332,4,7,57
216,5,0,0
481,1,1,0
404,2,3,53
300,6,3,0
21,1,2,24
646,4,4,213
523,0,0,67
657,3,4,0
402,3,7,30
91,2,5,193
370,1,4,0
706,3,6,303
323,1,1,0
504,2,5,433
182,5,0,0
149,1,5,0
168,2,5,77
403,5,0,0
366,5,6,11
250,3,3,9
641,4,2,0
241,2,0,0
249,6,2,0
112,2,2,33
232,4,2,0
168,5,4,27
2,3,7,5
23,1,0,0
24,0,4,6
20,3,1,5
142,5,7,11
13,7,5,14
15,3,6,49
617,7,0,0
316,7,6,20
38,6,2,0
47,2,7,20
419,0,5,0
537,6,3,0
577,0,4,61
597,3,1,10
354,4,1,6
358,7,4,21
46,7,2,0
541,0,3,31
315,5,4,10
588,2,1,0
262,2,4,67
634,1,0,0
539,7,0,0
219,6,3,13
111,2,6,37
633,3,7,0
287,7,3,0
242,1,1,5
389,5,7,18
130,1,7,188
33,1,7,579
71,5,3,12
116,0,4,43
19,2,2,58
248,6,5,5
452,0,4,91
129,2,5,233
78,5,2,0
289,0,7,34
655,6,5,12
550,3,3,80
346,4,7,0
235,2,7,26
13,2,6,159
581,6,1,0
420,4,3,12
461,2,2,56
124,0,3,0
425,3,4,31
19,0,6,1201
240,5,4,0
399,2,3,309
310,6,4,6
449,4,0,0
243,6,6,0
577,7,0,0
43,0,4,143
713,1,5,22
181,4,5,19
496,4,2,0
450,5,1,0
336,5,6,372
285,4,4,56
304,5,3,15
480,2,2,72
630,1,0,0
57,0,2,111
320,5,2,0
657,2,6,31
92,1,1,0
193,7,4,0
441,6,3,0
232,0,2,8
379,3,1,7
386,4,1,30
418,3,4,31
390,7,7,0
681,4,1,0
357,0,0,6
533,0,3,55
565,7,1,0
421,4,4,70
421,2,0,0
447,6,5,13
239,3,3,21
659,0,2,12
467,0,4,21
268,3,1,47
608,1,7,0
560,6,3,16
480,5,0,0
403,7,7,30
438,0,3,25
26,4,0,0
305,6,0,0
506,6,6,0
715,7,1,0
15,7,1,0
91,4,6,233
51,5,6,0
306,7,1,0
460,2,2,56
323,7,2,0
660,6,4,31
551,5,0,0
405,5,3,41
243,3,7,50
237,3,5,50
370,1,3,0
548,4,5,190
543,3,0,0
121,4,7,31
679,0,6,12
282,6,2,0
705,5,1,0
699,3,4,99
584,3,6,17
308,3,1,0
630,3,6,116
378,0,0,7
76,4,1,0
706,3,4,69
539,5,6,65
115,7,5,13
544,2,6,230
43,0,2,72
535,1,6,9
600,0,4,128
100,2,5,0
154,4,7,329
110,5,6,0
2,4,2,0
37,6,0,0
463,7,6,0
468,2,6,27
417,1,3,0
74,5,0,0
283,2,1,14
290,7,3,0
443,6,2,0
604,6,7,46
262,4,7,53
530,6,3,49
728,5,6,368
93,2,3,184
87,2,1,19
21,6,0,0
403,1,1,41
285,2,3,65
282,0,0,0
467,2,6,0
225,2,0,0
640,5,5,19
226,3,0,0
285,1,6,52
581,1,6,71
324,4,6,0
665,1,5,192
492,3,3,22
609,4,5,0
476,2,7,77
399,7,4,11
518,7,1,0
482,2,7,59
730,5,3,36
26,2,0,0
569,2,6,268
366,4,0,0
356,6,2,0
707,1,2,56
493,4,1,8
635,7,5,0
53,7,1,0
544,7,5,0
244,5,1,0
636,6,3,0
257,4,2,5
76,2,2,10
587,1,3,0
630,5,5,60
394,2,4,0
391,1,2,7
427,2,1,0
251,5,1,0
564,2,2,58
2,0,6,3
593,1,1,0
446,7,6,0
691,3,3,0
669,0,7,223
445,3,0,0
38,7,3,18
375,7,4,0
345,3,3,0
270,6,4,0
507,0,5,85
493,0,5,59
276,5,4,0
196,3,6,12
155,6,7,23
453,5,6,45
558,7,3,0
225,5,3,0
605,7,6,28
291,3,1,0
240,6,3,0
539,3,4,0
25,2,5,14
33,3,6,123
644,2,4,67
588,2,2,0
256,7,0,0
97,6,0,0
302,6,4,30
246,6,5,5
690,0,4,0
630,2,2,0
183,7,4,0
288,3,4,43
483,2,4,14
615,5,5,18
267,7,7,5
430,7,4,12
10,2,1,0
554,1,6,319
600,3,3,121
213,1,7,65
536,2,6,49
672,3,1,12
232,3,1,8
215,1,5,154
653,2,1,12
617,7,1,0
313,5,6,170
38,4,2,0
656,5,6,0
159,1,7,84
147,0,3,7
154,6,1,0
167,2,5,490
695,7,0,0
579,1,6,54
208,2,1,0
364,5,0,0
167,4,5,190
247,3,3,0
709,0,2,13
714,0,1,0
720,4,0,0
145,3,5,41
422,4,1,0
472,5,4,21
275,2,5,0
470,1,4,69
624,0,7,116
254,3,7,36
704,6,4,0
238,3,5,55
300,0,0,6
390,6,5,18
35,1,2,80
73,7,4,0
152,4,1,14
16,1,3,60
359,6,3,6
310,3,5,239
271,4,3,0
199,7,5,0
314,2,1,0
332,6,3,0
394,0,3,0
417,1,7,0
78,3,1,0
699,6,1,0
397,4,6,48
442,0,4,0
398,7,5,0
171,2,4,0
716,3,7,190
728,2,0,0
266,2,0,5
77,4,2,4
26,0,0,0
18,1,2,120
206,1,2,33
456,4,4,111
68,6,4,39
156,3,7,151
672,1,7,128
384,5,1,18
397,3,2,18
220,0,1,0
46,0,7,89
32,5,5,18
615,3,4,57
602,4,1,18
231,6,4,0
61,0,5,237
518,1,5,228
653,1,5,63
280,2,6,14
289,3,4,30
410,3,4,75
316,0,0,0
296,5,3,0
250,1,4,0
678,3,6,148
143,6,5,17
642,4,5,60
720,1,3,200
278,1,4,5
388,5,1,7
540,2,4,55
398,0,1,7
104,4,1,0
21,1,6,734
243,0,3,9
511,5,3,0
589,2,1,0
529,4,6,175
16,7,5,24
320,4,4,10
59,6,4,3
396,6,4,0
309,2,5,104
17,3,7,63
717,0,5,190
202,4,1,5
395,5,1,0
148,2,6,0
552,3,4,100
60,0,0,9
361,0,4,50
100,6,0,0
711,3,5,0
711,0,6,0
178,7,1,0
652,0,2,51
224,1,1,0
624,3,0,11
381,2,3,50
388,4,6,66
236,0,3,37
112,5,5,13
696,0,3,134
558,6,4,0
496,2,5,203
86,0,6,1179
46,3,0,6
711,1,4,0
13,4,5,44
329,0,3,57
184,0,6,24
116,3,2,37
532,7,2,0
291,3,7,0
303,5,6,6
528,4,2,0
383,6,7,22
230,3,5,16
89,6,3,0
47,5,6,43
384,7,7,7
204,4,4,282
239,1,4,13
380,3,6,159
584,3,7,0
639,3,4,67
265,4,2,0
230,4,6,8
508,6,6,0
174,3,0,0
380,3,7,114
270,1,2,0
690,6,5,0
457,6,0,0
589,5,2,0
391,5,7,7
430,7,0,0
727,5,1,222
180,3,0,0
523,3,4,67
263,1,7,36
706,7,7,0
723,6,7,23
442,4,2,0
141,7,7,13
92,4,1,38
472,7,4,0
608,1,5,18
48,5,3,6
289,6,0,0
366,0,7,11
246,4,6,0
519,4,6,38
429,1,1,7
483,6,2,0
718,0,7,246
376,7,4,0
319,1,6,0
455,6,0,0
339,2,1,0
341,6,3,0
629,7,5,11
575,5,6,419
398,3,2,7
323,5,4,6
48,5,2,12
657,4,1,0
285,0,2,9
627,1,1,37
393,4,6,0
551,4,5,639
392,2,6,0
363,5,1,0
239,5,4,21
184,5,1,0
501,7,6,14
451,2,3,40
102,3,1,0
92,3,3,51
270,4,6,5
349,3,0,0
500,5,3,14
285,1,2,41
392,3,1,0
266,6,3,0
707,7,2,0
220,6,6,5
369,4,6,0
342,6,3,0
665,7,7,20
27,4,5,6
490,7,3,0
211,3,5,496
617,6,2,0
80,7,4,0
10,5,3,5
725,2,2,177
404,3,5,190
173,6,6,0
4,6,0,0
675,4,2,12
524,0,5,161
137,0,3,98
718,0,2,69
534,0,4,9
663,4,5,337
470,0,3,289
522,1,1,0
43,7,3,0
293,4,5,43
280,4,4,9
480,3,7,72
136,1,6,168
586,0,2,0
197,0,6,0
381,3,0,0
311,1,3,79
406,7,3,0
55,7,5,0
44,2,2,23
547,6,2,0
12,6,5,8
333,1,5,309
127,4,5,7
157,1,5,77
193,5,7,12
421,3,2,226
563,0,3,0
648,3,0,0
244,6,6,0
78,0,3,6
728,1,1,0
6,1,5,0
564,4,0,0
595,0,2,34
557,3,1,0
540,1,6,15
715,7,3,0
475,3,4,146
259,4,4,17
590,4,0,0
52,1,0,0
134,5,0,0
211,1,3,76
264,7,0,0
260,3,0,0
31,1,7,0
316,5,2,0
266,0,0,5
6,2,0,0
705,6,5,13
151,0,1,0
219,6,2,0
671,5,6,122
207,7,2,0
309,6,7,43
404,2,7,23
541,3,4,49
704,0,3,169
12,3,2,3
506,2,0,0
615,1,6,46
266,4,1,29
575,3,0,0
257,1,2,72
555,4,2,26
681,3,0,0
341,7,4,0
457,6,5,0
158,4,2,0
277,0,5,32
449,6,3,0
367,4,4,7
535,6,5,0
293,7,1,0
80,5,2,0
687,6,5,0
301,5,7,25
493,5,6,59
602,7,6,18
651,1,3,192
200,2,6,0
186,2,1,0
672,2,4,86
434,3,0,0
716,2,4,406
5,4,0,0
19,3,7,71
322,2,4,0
83,3,4,146
628,2,5,97
410,3,3,101
694,3,0,0
191,4,6,27
43,7,0,0
187,1,6,19
342,7,3,0
615,5,3,11
187,2,2,19
662,4,0,0
379,4,6,164
314,5,2,20
477,6,0,0
255,1,3,72
634,5,7,11
441,0,5,0
460,5,6,13
200,3,7,0
290,3,6,0
233,3,5,26
548,5,5,80
163,5,5,44
321,6,2,0
667,1,5,223
528,1,6,504
397,1,2,53
106,5,2,0
307,7,7,0
151,2,7,4
519,6,6,0
441,0,7,13
143,6,1,0
656,3,7,0
463,7,3,8
411,2,0,0
432,1,3,184
600,2,6,306
223,0,0,0
250,0,4,0
331,0,7,113
616,5,4,57
67,6,1,0
246,1,5,5
274,5,3,5
465,2,4,13
221,3,4,5
254,1,5,161
107,4,0,0
724,7,7,14
367,4,2,0
357,4,1,10
548,3,6,528
321,4,4,10
280,3,6,29
460,2,6,111
631,7,6,0
716,5,7,35
58,4,0,0
35,3,5,158
195,6,0,0
622,5,2,0
383,3,4,96
250,3,4,5
228,6,7,5
399,7,1,0
243,5,0,0
191,7,1,0
27,1,2,6
668,2,4,286
569,1,4,68
437,4,3,78
70,4,5,160
427,0,1,12
631,2,3,30
463,2,0,0
389,3,2,18
105,4,2,0
635,5,1,0
262,6,7,22
709,6,0,0
397,0,7,119
684,5,5,54
487,5,0,0
225,2,3,0
95,4,7,63
501,5,0,0
546,6,7,9
697,0,4,99
610,4,2,0
542,0,2,15
447,5,1,0
608,6,0,0
670,2,3,204
319,1,2,0
667,3,3,114
525,6,6,23
556,7,7,10
642,1,3,134
356,0,2,17
366,6,1,0
95,7,7,16
723,0,4,309
47,7,3,0
456,7,2,0
578,6,6,98
60,2,3,139
313,4,3,87
460,3,5,125
678,7,1,0
305,3,4,55
54,6,7,0
708,2,1,0
124,2,0,0
258,0,4,39
159,2,0,0
218,5,4,5
361,5,2,39
22,7,7,11
245,3,4,0
220,6,4,0
298,1,0,0
125,2,7,0
729,4,2,0
504,5,5,53
210,0,0,88
635,2,1,0
376,6,4,7
540,2,5,71
657,0,7,20
285,3,6,52
183,1,3,27
17,1,6,546
641,3,2,19
9,1,2,218
696,3,6,350
407,4,3,78
691,5,0,0
196,4,2,0
370,7,2,0
153,6,6,7
540,5,5,9
560,1,7,0
386,3,4,108
536,2,0,0
286,2,5,61
659,3,0,0
81,5,0,0
545,3,1,25
555,0,3,58
297,0,5,0
720,2,2,259
675,3,1,12
21,2,4,22
140,6,3,39
280,0,0,0
395,0,1,0
39,7,0,0
268,2,3,9
675,3,0,21
520,6,4,29
311,6,0,0
379,1,1,46
412,5,7,19
512,0,3,23
59,4,6,21
16,2,2,17
549,7,0,0
10,2,0,0
344,7,3,0
558,6,6,10
695,2,5,193
569,1,7,135
24,7,1,0
278,5,7,0
480,7,1,0
236,5,6,5
657,3,2,0
621,0,7,75
674,3,7,21
485,1,1,0
622,2,3,82
530,3,5,230
531,3,5,215
8,0,7,38
619,4,4,82
543,7,5,0
113,4,1,0
334,4,1,10
482,2,1,8
234,0,2,13
423,7,0,0
56,3,6,30
639,5,3,11
256,5,6,164
730,4,7,82
398,3,7,11
409,6,7,19
240,4,1,58
476,7,3,0
182,0,5,31
411,0,4,55
616,1,6,28
248,1,0,0
150,2,1,0
621,7,0,0
52,6,1,0
53,4,3,9
12,4,6,33
723,4,1,82
91,6,6,6
175,7,0,0
586,2,4,10
727,7,1,0
596,0,3,122
524,5,4,29
591,5,1,0
448,3,0,0
239,7,6,16
10,1,2,352
395,4,6,7
9,7,1,0
24,0,2,23
260,6,5,17
667,0,0,31
152,0,7,4
657,4,6,0
531,6,0,0
499,0,3,100
318,4,3,103
39,0,7,154
119,2,0,0
229,2,7,13
362,6,7,11
162,1,3,44
372,2,7,46
75,6,1,0
638,0,5,37
419,3,2,0
114,7,6,0
610,6,6,0
480,2,3,100
631,5,2,0
684,4,3,12
73,2,4,16
584,0,0,0
679,0,1,21
27,3,1,0
129,3,0,0
643,4,1,11
248,7,1,0
557,2,7,74
514,4,5,15
199,4,2,0
13,7,2,0
332,4,5,42
360,1,4,57
20,5,2,3
603,3,2,75
155,7,4,4
613,6,5,36
427,1,2,51
258,1,3,44
425,0,7,137
547,4,1,15
670,5,1,0
598,0,7,203
451,2,6,25
555,2,6,184
19,7,6,79
685,7,0,0
722,5,7,222
394,0,0,0
129,3,6,196
64,6,3,9
252,2,2,80
177,1,0,0
630,3,0,0
52,3,4,0
378,7,7,7
374,4,6,35
210,4,7,177
363,7,2,0
546,2,2,209
596,4,3,78
116,1,5,46
145,1,4,11
71,4,1,6
255,5,0,0
669,7,0,0
613,3,5,36
604,3,7,167
646,0,3,146
84,2,6,421
76,1,6,0
564,1,0,0
572,3,6,377
188,6,6,0
682,2,4,21
163,0,2,66
235,1,6,16
169,3,1,4
200,4,3,0
29,7,7,0
260,5,1,0
141,1,0,4
615,5,0,0
545,1,3,160
134,3,5,122
517,3,6,47
538,2,4,0
146,5,2,4
148,0,6,4
146,2,1,0
261,4,3,36
250,6,7,0
261,7,4,14
311,2,3,58
491,5,7,0
177,4,0,0
511,1,6,15
245,6,2,0
590,3,1,10
18,5,6,360
245,0,4,5
8,2,7,22
564,0,3,74
54,1,2,0
410,2,3,164
625,6,3,11
290,0,0,0
719,3,7,91
454,2,7,25
656,4,6,0
439,4,1,0
6,2,5,0
508,1,3,91
164,2,2,23
79,2,2,10
364,7,6,0
167,2,0,0
641,3,3,78
60,0,6,162
615,2,4,64
651,4,3,153
538,0,3,0
467,7,2,0
280,7,5,0
48,5,4,15
361,4,2,0
662,1,6,133
9,7,0,0
21,4,7,17
218,7,6,5
592,1,5,193
395,7,3,0
91,1,5,117
623,5,5,249
388,7,6,7
227,3,2,0
301,6,7,0
119,6,6,10
609,3,6,11
204,3,4,101
205,5,0,0
132,2,2,35
53,5,3,0
53,3,1,0
339,2,5,81
130,4,5,139
410,1,4,82
670,4,2,0
640,5,6,19
262,4,1,17
515,1,5,9
276,1,5,5
681,5,3,0
225,3,6,8
362,3,2,17
197,7,2,0
91,2,6,158
710,0,7,99
419,2,7,12
179,0,6,0
23,6,7,3
464,1,2,0
552,7,7,0
250,5,2,0
8,2,0,5
331,1,6,97
541,0,0,9
319,4,3,87
674,7,2,0
27,5,0,0
34,7,0,0
393,3,2,0
619,0,5,28
151,4,1,4
248,1,6,0
211,2,3,93
622,7,3,11
311,1,4,68
614,1,1,0
521,2,5,176
479,4,0,8
343,7,5,0
364,5,4,50
55,0,4,0
29,6,1,0
620,6,7,36
295,3,6,15
402,6,3,7
158,7,2,0
192,0,4,45
229,5,3,5
427,1,4,43
299,1,5,6
696,5,1,0
487,2,3,14
464,5,0,0
568,1,1,0
595,3,5,264
272,0,5,0
102,2,4,0
222,2,6,5
278,7,2,0
203,7,4,12
573,4,3,100
702,6,2,0
393,4,3,18
632,4,6,11
493,4,6,28
634,7,5,11
429,4,0,0
78,1,1,0
666,1,6,368
425,4,3,31
117,1,2,50
250,5,5,17
297,0,4,0
553,7,7,16
252,7,2,0
442,1,2,13
123,4,0,0
712,4,3,13
165,4,6,1029
432,1,2,131
464,3,5,34
202,0,1,0
91,5,2,16
562,1,4,0
520,3,4,123
477,2,5,268
389,1,0,0
464,5,1,0
261,1,3,97
370,0,1,0
185,2,5,34
616,5,3,0
372,4,6,46
323,4,2,0
449,6,1,8
422,3,6,19
697,6,2,13
671,0,1,39
377,3,7,28
501,6,3,8
390,1,3,30
276,0,4,38
610,1,7,11
288,1,6,19
71,7,5,0
171,3,3,0
208,5,6,141
146,6,3,0
660,3,1,0
156,1,6,124
638,4,5,67
171,7,5,0
69,2,3,301
311,6,1,9
27,2,3,9
90,3,2,10
709,1,2,0
224,7,0,0
29,7,1,0
354,6,3,0
708,5,3,0
212,5,4,36
29,5,4,9
432,7,7,73
257,3,2,31
160,7,6,0
505,7,7,0
32,4,0,0
306,5,3,9
387,2,6,149
382,1,0,0
552,6,6,94
229,3,5,8
333,7,2,0
628,0,3,116
535,7,1,0
229,6,5,16
215,4,7,25
517,1,3,275
712,6,3,0
274,0,5,0
563,3,5,26
152,7,1,0
564,7,0,0
404,1,5,149
482,5,6,45
347,3,3,21
263,7,7,0
75,6,0,0
32,6,5,9
199,5,5,0
475,2,2,34
397,2,7,83
487,0,3,14
2,0,3,3
647,7,2,0
595,1,4,34
495,3,3,131
240,2,2,17
415,2,2,12
431,0,4,55
672,6,6,0
625,2,2,157
393,1,6,7
611,4,3,0
28,3,7,0
190,5,2,4
30,5,4,0
141,7,2,0
370,6,0,0
98,4,5,23
163,6,0,0
442,5,0,0
699,0,1,0
420,3,4,12
488,2,0,0
563,7,0,0
431,1,3,144
665,2,1,0
634,4,7,0
598,6,6,17
6,2,6,0
612,0,2,0
444,0,6,13
329,1,4,93
405,4,2,0
34,5,6,6
590,7,7,10
529,7,0,0
94,2,4,83
645,7,5,19
161,4,5,234
124,4,0,0
318,2,7,67
270,7,7,0
651,2,5,114
175,5,1,0
452,5,5,86
625,2,0,0
187,7,1,0
215,4,0,0
288,3,1,30
135,0,5,109
297,7,6,15
248,1,7,0
380,6,4,0
106,7,4,0
495,5,1,0
605,7,2,0
421,4,0,0
112,5,7,27
571,3,4,194
364,5,7,22
197,7,1,0
395,1,5,41
198,4,5,0
377,1,3,114
335,6,7,36
678,0,4,12
154,1,7,121
560,2,2,0
590,6,7,10
6,7,4,0
730,4,3,213
96,6,6,6
595,7,6,0
393,4,1,7
428,6,1,0
721,4,6,472
96,2,3,29
106,3,7,37
352,6,4,21
701,6,3,13
223,4,6,5
52,6,0,0
617,2,2,46
418,7,3,0
671,0,2,12
513,6,2,0
507,0,4,85
394,6,0,0
102,1,0,0
707,1,6,43
212,7,2,0
14,6,0,0
328,3,3,103
656,6,4,0
701,7,1,0
45,1,1,6
276,4,0,0
38,5,5,195
103,7,3,0
529,1,7,40
291,2,1,0
596,6,2,0
615,1,2,28
657,2,4,0
536,5,6,0
419,6,2,0
687,4,2,0
537,0,6,9
648,5,3,31
233,4,7,8
628,3,1,19
443,6,6,0
41,0,3,129
205,2,7,8
103,6,0,0
64,7,7,42
580,2,5,105
238,5,4,13
291,7,5,0
251,5,7,22
117,6,2,4
660,6,0,0
696,2,7,147
628,6,5,11
30,7,6,0
107,5,2,0
484,7,0,0
370,4,6,0
302,2,6,55
476,6,0,0
573,7,1,0
116,7,7,60
583,0,0,17
516,7,7,9
675,3,7,33
145,4,7,41
377,0,5,131
307,4,4,43
337,0,2,27
397,4,3,0
292,2,7,19
121,6,0,0
36,5,7,49
95,7,3,0
272,6,7,0
316,6,0,0
130,7,0,0
394,5,0,0
243,6,3,5
361,6,1,0
504,2,4,190
443,4,0,0
124,5,6,4
285,1,3,65
516,7,1,0
478,1,7,138
423,7,1,0
389,5,5,41
366,2,2,7
251,7,0,0
667,1,2,63
644,4,4,37
194,0,0,0
430,7,1,0
451,0,1,20
649,2,0,0
134,7,2,0
438,5,7,40
184,6,1,0
721,2,5,309
374,0,6,74
649,2,6,204
587,4,6,0
520,0,6,243
174,6,7,4
310,3,6,324
112,1,6,10
272,3,6,9
299,6,2,0
132,2,6,163
60,4,3,27
40,0,4,147
163,3,2,4
647,3,0,0
284,7,4,5
487,1,2,0
231,7,2,0
514,0,5,0
247,2,7,0
165,7,5,44
484,6,7,14
130,4,6,11
364,3,4,7
250,4,1,5
386,6,5,18
402,3,6,138
231,5,5,26
256,0,6,72
399,5,3,0
719,7,6,35
721,0,2,59
32,1,5,115
260,0,7,36
110,3,6,20
466,4,3,0
96,4,3,60
391,0,1,0
606,1,2,57
641,4,5,86
466,2,4,0
564,4,2,0
172,6,3,15
383,4,5,114
518,4,6,91
431,0,7,132
163,3,4,106
576,6,3,27
616,1,0,0
440,4,3,0
75,2,0,0
292,2,0,0
170,7,5,0
380,2,4,50
163,6,4,4
480,6,1,0
511,6,1,0
154,1,6,73
631,4,5,0
486,2,7,64
497,6,4,8
199,0,4,0
103,4,2,0
93,3,1,12
644,6,3,19
1,5,0,0
162,7,2,0
312,6,5,10
547,1,5,169
650,5,3,0
124,2,4,13
541,6,6,15
678,2,6,21
418,6,6,0
418,1,2,0
423,4,4,31
274,4,3,56
340,1,6,44
440,2,0,0
619,5,1,0
731,1,2,177
612,5,2,0
250,7,7,0
600,2,5,167
114,2,7,33
106,2,6,29
230,1,1,0
504,5,7,67
617,7,4,0
504,3,3,129
32,2,7,18
234,0,6,21
209,6,5,73
651,2,3,122
351,3,2,48
202,3,3,8
40,7,3,0
710,4,3,22
83,5,5,57
154,0,0,4
72,7,1,0
408,1,2,137
556,0,5,58
357,5,3,10
47,0,0,0
443,1,0,0
101,3,1,0
72,5,5,12
578,5,4,44
716,6,6,13
51,4,0,0
298,0,4,6
132,6,1,4
299,7,4,0
364,1,7,35
618,3,0,0
282,3,5,23
706,2,2,0
651,0,6,71
140,7,4,7
452,5,4,20
730,5,0,0
571,5,1,0
723,5,2,14
25,1,5,18
593,4,1,34
58,3,2,24
73,6,2,0
25,0,2,9
707,0,4,35
445,0,1,0
56,4,6,0
221,1,0,0
656,2,2,20
391,2,6,18
244,0,7,5
35,1,0,0
333,4,7,46
623,6,1,0
35,2,4,435
708,0,0,0
513,6,1,0
667,1,7,216
421,4,1,7
532,2,7,111
610,5,4,18
721,7,3,59
117,0,5,27
294,6,4,0
68,4,4,94
703,6,7,22
574,4,2,0
654,5,1,0
624,6,3,0
727,1,6,2346
235,4,5,50
81,6,4,22
366,5,7,17
300,4,7,40
325,2,2,57
64,3,2,0
381,4,7,107
590,0,0,0
456,0,6,56
634,5,4,0
691,1,4,0
645,2,3,49
108,1,3,23
252,3,3,36
459,4,0,8
81,7,4,4
551,7,7,31
215,2,1,5
54,1,7,0
37,3,5,61
299,0,4,0
604,1,6,82
272,1,0,0
608,4,6,0
267,5,4,9
291,0,6,0
382,7,0,0
26,7,4,0
76,1,3,0
286,0,4,41
16,3,5,213
442,4,0,0
567,6,2,0
549,4,1,31
533,5,4,9
588,4,4,34
299,6,6,30
699,2,4,169
197,3,7,5
120,6,5,4
486,5,6,8
520,2,0,0
633,5,0,0
248,0,3,0
345,4,7,0
672,3,5,683
342,3,3,64
573,5,7,58
522,5,7,99
39,1,2,140
725,7,6,45
156,2,3,169
134,4,6,213
537,5,1,0
481,2,1,45
272,3,4,0
39,3,3,75
313,6,4,6
114,1,5,23
81,7,7,10
210,6,6,16
174,3,5,4
250,6,4,0
81,7,3,4
341,0,7,21
394,7,1,0
79,6,0,0
63,0,6,455
707,1,1,0
293,5,1,0
109,1,6,23
76,3,7,4
614,7,0,0
371,4,4,7
388,4,1,23
219,2,4,16
538,1,3,9
293,3,5,64
244,2,3,14
388,7,3,0
167,0,0,0
658,4,4,0
263,0,0,5
296,1,6,6
177,2,6,12
316,7,3,0
120,2,3,35
161,3,6,1175
522,1,6,214
39,1,7,143
283,3,6,41
199,1,2,0
70,1,0,0
449,0,4,45
138,3,1,35
643,6,6,0
610,7,7,0
662,3,6,204
266,2,5,56
522,7,0,0
432,3,1,8
393,6,4,0
285,7,2,0
373,5,6,22
62,0,3,94
387,3,1,0
118,1,0,0
96,4,1,6
131,4,7,261
699,2,6,687
3,2,0,0
341,2,5,48
532,5,5,31
618,3,4,103
153,3,5,124
578,3,5,440
300,6,5,79
273,2,1,0
453,1,4,13
511,0,3,15
233,7,4,0
98,6,7,27
42,0,1,14
532,2,3,49
562,3,4,0
182,1,0,0
150,4,1,0
174,5,3,0
722,2,7,191
439,5,5,0
278,3,3,23
445,1,3,53
471,1,1,0
426,6,6,0
666,7,4,12
644,0,7,30
99,3,1,13
479,3,6,393
684,1,7,54
722,4,3,45
26,2,7,20
334,5,2,6
392,0,5,0
360,6,4,28
0,4,1,8
467,5,4,8
621,2,4,36
127,2,4,0
376,7,1,0
622,7,0,0
408,4,6,539
697,4,3,99
192,4,4,25
6,6,7,0
371,5,0,0
451,2,7,73
237,7,7,0
474,1,0,0
310,0,6,441
66,3,5,1556
473,5,6,21
226,3,6,5
708,1,1,13
267,3,7,38
659,4,5,51
566,7,4,0
374,7,1,0
567,1,3,126
330,1,0,0
197,3,3,5
720,6,7,36
328,7,5,0
393,0,3,0
160,1,7,128
193,1,6,28
339,0,2,17
396,3,1,0
554,7,4,0
48,3,7,15
107,3,1,6
220,5,0,0
318,3,0,0
486,0,1,0
646,1,4,37
711,1,0,0
470,5,6,8
576,5,2,0
538,3,7,0
341,0,2,27
77,6,1,0
281,2,3,18
386,5,6,23
43,3,5,1089
279,2,5,9
292,0,4,30
229,4,3,21
433,2,2,144
293,2,1,0
439,4,6,25
252,2,0,14
700,7,0,0
628,2,0,0
542,4,1,0
694,6,0,0
161,1,1,14
71,0,1,6
86,7,3,0
430,3,3,31
688,4,5,107
180,7,3,0
238,1,7,72
634,2,5,0
328,5,4,26
436,4,5,66
589,2,5,61
368,1,1,0
583,4,7,27
730,1,3,295
620,7,6,28
176,1,4,0
64,2,2,45
421,0,6,51
252,0,3,36
113,1,2,20
722,5,5,517
223,7,5,0
527,3,7,123
48,3,3,36
313,6,2,0
81,6,6,69
83,4,5,205
553,5,2,0
579,0,0,0
436,5,7,53
42,6,3,0
452,3,6,106
219,4,5,26
145,2,6,62
266,0,6,52
633,3,3,19
99,7,7,4
633,2,4,11
7,6,0,0
530,3,6,230
105,6,5,0
300,2,5,9
106,0,1,4
31,4,7,3
67,0,5,816
498,2,4,117
534,1,6,15
202,4,6,16
652,6,5,39
14,0,2,24
16,7,1,0
140,4,1,11
12,7,4,5
289,3,6,58
452,2,5,58
310,5,1,0
726,2,0,0
229,6,0,0
626,6,4,49
535,2,4,0
292,4,2,0
225,0,1,59
207,0,2,295
426,6,5,24
164,0,2,73
609,3,5,0
339,4,2,0
264,6,0,0
419,2,0,0
78,0,0,0
115,4,0,0
0,6,2,0
48,6,2,0
524,4,0,0
367,0,5,0
602,0,4,92
216,2,2,16
318,0,5,10
530,6,6,15
101,1,4,0
183,3,2,4
605,1,3,121
536,6,0,0
152,1,0,0
573,3,2,10
568,3,0,0
451,7,2,0
337,4,6,146
94,4,4,28
264,7,3,9
155,3,7,142
76,2,0,0
408,0,2,51
270,3,2,5
570,1,5,142
24,3,4,25
162,5,6,132
276,0,5,0
53,1,1,0
436,0,7,20
111,3,1,0
275,7,7,5
533,7,3,0
101,6,2,0
251,4,1,0
91,4,2,6
284,6,6,32
94,2,6,83
323,1,6,32
225,7,4,8
508,2,6,176
610,4,4,11
475,2,7,61
239,0,7,26
467,3,2,0
615,6,3,0
297,2,1,0
663,1,1,12
602,2,6,260
302,5,1,15
409,7,5,7
316,7,2,51
338,3,7,33
422,3,3,75
273,5,7,5
349,2,0,0
616,6,7,11
270,4,1,5
524,1,2,67
143,7,1,0
267,3,0,0
201,7,6,5
332,0,0,10
537,5,2,0
362,5,3,7
244,2,1,5
513,7,1,0
510,2,5,9
161,2,1,7
84,6,0,0
196,2,0,0
602,7,5,28
383,4,7,46
306,2,0,0
310,4,1,6
225,7,2,0
522,2,1,0
245,0,7,17
162,2,7,30
31,0,2,0
247,7,6,0
333,2,2,20
116,1,7,54
707,6,4,0
544,6,1,0
123,6,0,0
433,0,6,172
544,4,6,129
593,7,7,17
631,3,3,0
83,6,7,26
408,2,2,51
170,1,5,0
279,3,3,32
503,2,6,1209
265,0,4,32
147,2,4,7
268,6,1,0
102,2,1,0
582,1,3,34
658,3,1,12
20,7,7,36
137,6,5,56
451,5,5,33
103,5,3,4
120,5,0,0
127,1,5,24
30,1,6,3
557,4,0,0
582,3,7,44
15,0,7,118
171,7,7,0
87,4,2,0
647,4,6,213
120,5,2,11
210,4,6,287
590,7,4,17
570,6,4,10
482,3,0,0
87,5,5,130
548,1,5,224
318,1,6,6
1,7,4,0
403,1,0,18
331,0,4,26
125,3,3,0
100,6,3,0
372,5,6,0
213,3,5,371
10,4,5,174
718,7,3,0
136,2,3,42
374,4,3,50
56,5,6,0
685,7,4,0
117,3,1,10
354,7,7,10
676,4,5,107
713,2,2,0
274,1,6,38
647,2,3,49
350,2,0,0
385,3,5,275
716,3,6,147
62,3,0,12
709,5,0,0
569,3,1,10
162,0,3,41
8,7,6,5
424,2,3,82
296,2,6,0
604,1,0,11
267,4,4,38
573,5,3,52
414,3,7,0
88,4,1,10
255,5,6,120
62,2,0,0
475,0,2,21
392,7,0,0
0,5,2,0
373,3,0,0
185,7,6,0
292,2,1,0
292,5,6,0
694,7,6,21
462,2,3,27
391,6,1,0
200,4,7,0
242,7,5,5
468,3,1,21
599,7,0,0
447,0,5,25
725,5,1,14
645,1,6,67
493,7,7,0
192,3,7,20
534,5,5,15
121,1,0,0
188,6,5,7
376,5,7,39
85,0,3,196
387,4,4,11
723,2,6,3208
377,0,3,92
231,4,6,13
71,5,7,6
610,0,5,0
405,4,4,60
105,5,4,6
166,1,3,151
427,6,0,0
25,5,2,3
101,0,2,0
240,1,1,9
212,5,6,323
587,6,1,0
78,5,5,0
581,3,7,54
482,5,1,8
499,4,7,72
311,7,0,0
494,4,3,14
482,1,0,0
235,6,7,16
639,6,4,30
583,5,4,17
334,1,7,139
392,1,3,0
14,4,6,44
94,4,7,35
721,7,7,23
235,3,4,47
678,6,0,21
498,7,2,0
397,5,4,23
608,0,7,11
24,4,5,32
311,6,2,15
503,3,3,95
595,7,5,0
428,2,5,144
597,4,5,159
405,6,5,30
701,3,4,238
360,1,3,164
192,5,2,0
330,2,6,77
8,3,4,5
631,5,7,30
57,6,4,45
470,4,2,0
286,7,1,0
706,5,1,0
701,1,2,56
704,5,4,43
231,6,3,0
457,1,7,90
546,6,2,0
126,3,2,0
223,5,2,0
72,3,2,10
714,0,7,35
282,2,0,0
582,0,6,10
103,1,2,10
266,4,2,0
93,7,0,0
653,2,4,82
723,0,2,132
467,7,7,0
619,5,3,28
133,1,6,74
462,1,7,21
354,3,1,6
481,2,7,45
363,5,5,7
692,3,6,0
699,6,4,13
124,0,6,0
54,0,5,6
265,1,7,70
568,0,4,100
199,2,2,0
100,6,4,0
529,7,2,0
240,6,2,0
111,0,3,60
241,1,5,84
709,7,2,0
568,6,7,110
407,0,5,917
454,4,3,45
687,1,7,0
633,7,6,0
131,6,5,28
562,1,2,0
68,7,6,19
10,6,0,0
195,3,5,16
224,4,0,0
111,5,2,0
725,5,0,0
282,0,5,32
403,3,1,18
13,0,7,213
265,5,2,0
406,7,1,0
542,5,1,0
688,5,5,41
125,6,6,0
462,4,3,159
661,4,5,71
542,2,2,15
551,3,7,25
258,0,5,106
436,0,2,33
28,0,3,0
576,2,3,115
166,3,7,234
404,1,4,119
200,1,6,0
376,7,7,7
146,5,3,4
261,5,3,9
58,4,2,0
341,3,2,10
48,0,3,30
364,6,5,22
138,7,1,0
9,3,2,169
15,2,3,183
404,7,3,11
539,2,1,0
221,1,2,0
261,0,3,39
509,2,3,0
82,2,3,291
77,4,7,0
421,0,2,113
165,6,4,7
477,2,0,0
74,4,6,4
573,3,4,184
178,2,6,0
468,0,0,13
554,1,0,0
295,2,2,0
359,2,0,10
574,1,4,100
491,2,4,0
134,6,7,17
392,4,0,0
339,2,6,114
603,1,6,64
683,6,1,0
32,7,6,29
576,0,7,298
106,6,4,0
206,1,0,0
57,7,7,21
391,0,0,0
316,0,6,87
563,3,7,16
175,6,2,0
557,3,6,110
358,5,1,0
103,1,1,0
184,3,1,0
624,2,3,134
589,7,6,34
187,4,0,0
441,5,2,0
121,2,1,0
488,6,0,0
145,5,5,41
99,3,6,23
552,7,6,26
681,5,7,0
698,4,7,212
174,5,1,0
691,5,2,0
679,5,4,0
359,0,1,21
552,0,6,713
490,1,7,0
499,6,6,0
413,2,5,87
381,4,5,124
642,5,4,30
342,0,4,10
410,1,0,12
470,2,2,48
629,6,3,0
661,6,2,0
442,4,5,0
698,3,2,0
129,6,7,11
48,1,7,51
728,4,2,0
545,1,5,144
317,4,5,26
487,6,7,28
135,0,6,168
677,7,6,33
707,7,6,13
594,1,7,186
108,3,5,13
494,4,4,167
524,5,0,0
84,1,4,117
91,0,3,154
390,7,0,0
620,1,4,64
666,4,0,0
528,1,5,190
144,7,4,18
101,1,7,4
240,7,4,0
24,1,2,14
703,3,3,43
91,7,3,6
274,7,1,0
403,6,6,0
114,1,4,27
141,2,4,39
262,4,6,164
490,6,6,22
143,3,6,87
641,0,0,0
556,5,5,26
15,2,2,44
535,0,3,25
582,2,7,17
74,1,6,10
493,2,0,0
651,4,5,51
57,7,5,0
190,2,5,62
173,3,5,15
725,6,1,0
512,3,5,15
293,5,2,0
307,4,7,34
479,6,4,21
528,7,4,15
484,4,5,28
587,7,7,0
156,6,0,0
610,4,1,0
586,3,4,0
472,6,1,0
578,0,5,149
461,0,6,34
7,7,6,22
174,7,2,0
438,2,6,73
153,6,1,0
179,5,2,0
569,4,3,94
135,4,2,17
673,5,7,41
297,5,1,0
309,1,3,104
385,4,6,190
522,1,4,190
629,2,1,0
116,7,1,0
370,4,4,11
352,0,7,98
332,3,4,42
631,0,0,11
355,4,3,37
329,7,0,0
2,6,1,0
334,4,4,83
50,1,1,0
706,3,5,212
720,2,5,340
332,4,6,145
375,5,4,57
302,1,7,83
49,5,6,9
59,5,0,0
626,7,4,0
603,3,6,139
311,7,4,40
577,3,4,142
599,4,4,203
116,5,4,10
492,0,1,0
87,6,4,10
363,3,2,11
665,6,2,0
671,1,1,0
605,2,7,92
153,1,3,132
679,2,6,12
364,1,0,0
336,0,2,64
214,3,6,323
313,1,7,97
441,1,3,0
612,0,0,0
578,0,3,149
573,6,0,0
350,7,7,0
120,4,4,42
183,6,6,0
192,3,4,40
39,4,3,49
255,7,4,5
678,2,0,0
729,0,6,531
204,2,7,25
378,2,4,92
408,3,3,125
194,1,4,5
663,5,4,82
341,2,0,0
251,1,1,9
360,3,2,17
27,6,6,3
663,0,4,223
408,6,3,7
500,0,0,8
485,6,1,0
24,6,5,11
642,5,1,0
721,3,5,508
220,1,6,5
675,6,6,12
4,0,7,0
349,3,5,64
580,1,3,105
179,5,3,0
99,7,3,0
615,3,3,75
165,1,3,183
325,6,7,6
547,4,0,0
605,6,3,0
285,6,0,0
200,4,2,0
467,0,6,0
430,0,3,168
466,2,0,0
154,5,2,0
639,1,4,0
470,0,0,13
477,4,3,56
467,4,2,0
162,0,4,69
677,0,4,33
322,1,2,0
511,4,4,0
205,7,2,0
696,3,7,134
51,3,6,9
305,1,0,0
565,3,0,0
652,6,0,0
532,5,4,31
183,1,0,0
626,5,4,67
486,6,5,0
419,0,7,0
29,6,4,0
341,1,2,10
282,7,0,0
218,0,1,8
377,0,0,170
499,7,2,0
155,0,3,215
520,5,4,29
223,1,1,0
336,3,1,10
375,2,0,0
598,3,6,247
474,3,4,48
234,2,1,8
588,7,3,0
115,5,0,0
396,1,2,48
366,1,3,17
67,2,1,51
66,2,5,1042
104,3,7,87
475,3,7,56
568,1,0,0
305,2,1,6
336,2,0,6
371,3,6,0
578,5,2,0
589,2,2,159
613,5,4,11
568,3,2,32
214,3,2,33
438,7,3,8
623,4,6,36
269,5,2,14
269,6,2,0
124,4,4,4
155,6,1,0
653,6,7,39
428,1,0,0
685,7,3,0
523,5,5,91
50,3,7,3
714,1,1,0
101,0,0,4
220,6,7,16
646,4,6,67
95,3,3,19
406,4,3,96
3,4,5,0
603,4,1,18
200,4,4,5
644,3,3,78
218,2,4,16
691,7,6,0
201,3,4,0
517,3,5,76
412,7,4,19
707,0,5,35
701,3,6,2092
43,0,3,161
69,0,1,12
224,2,5,5
136,6,2,0
59,2,1,0
450,1,0,0
226,6,6,0
89,0,1,10
136,4,3,70
453,6,2,8
135,7,3,0
686,0,7,0
389,3,3,23
296,7,1,0
224,2,6,0
221,2,3,21
583,4,0,0
265,7,3,0
151,5,0,0
716,0,4,112
121,4,0,11
716,7,5,13
604,5,3,0
387,3,4,18
656,7,6,0
686,3,1,0
685,3,5,86
394,1,2,11
4,6,6,0
236,7,5,5
20,5,6,194
185,3,2,7
20,3,4,145
661,4,7,141
359,1,2,81
112,6,5,10
81,4,6,41
54,7,7,0
458,3,0,0
196,3,2,0
464,2,2,0
337,2,0,0
49,2,7,27
390,2,3,41
511,7,1,0
678,1,7,12
512,6,1,0
342,6,0,0
97,4,5,54
252,1,3,31
690,0,0,0
518,0,2,205
282,5,3,5
33,0,0,37
694,4,7,54
139,6,0,0
539,3,1,0
329,0,2,20
355,0,1,17
136,3,3,59
510,5,6,0
319,1,5,0
656,4,5,12
536,5,2,0
479,1,2,61
712,5,4,0
199,5,7,0
314,3,2,20
281,3,3,14
332,0,2,32
295,1,3,0
423,5,5,70
243,2,4,14
538,1,0,0
220,2,4,5
285,3,3,61
459,3,2,13
641,3,6,67
80,4,4,22
175,1,1,0
649,6,2,0
566,0,4,58
218,7,4,5
710,1,5,22
503,7,5,0
147,5,0,0
552,6,4,32
193,6,4,16
628,1,3,86
14,3,4,33
79,5,0,0
479,4,1,21
676,6,7,33
291,5,5,0
602,2,7,139
356,3,5,237
283,5,4,29
87,5,1,0
455,1,5,91
150,3,6,4
66,6,1,15
425,5,4,31
182,2,0,0
535,5,1,0
210,5,4,28
39,6,2,3
3,3,7,5
692,0,6,0
256,0,2,17
643,3,3,97
176,2,3,0
526,2,0,15
198,5,1,0
72,1,5,41
590,6,2,0
11,1,0,0
83,3,0,0
571,5,0,0
81,0,3,95
377,7,7,7
187,5,0,0
594,0,6,237
359,0,2,54
323,2,5,0
294,4,7,15
720,4,4,73
528,2,7,264
499,3,7,36
155,2,0,4
653,6,0,0
655,4,0,20
200,7,5,0
623,1,4,64
13,2,5,123
40,5,7,138
168,4,0,0
168,6,7,4
285,0,1,0
249,3,0,0
293,2,5,25
629,3,5,86
407,6,1,0
297,2,5,0
107,5,0,0
456,4,0,0
213,5,7,65
487,3,2,0
461,0,1,0
60,6,7,9
299,2,7,0
6,7,7,0
178,4,7,0
626,3,5,273
408,4,7,243
348,1,3,162
585,7,3,0
653,7,4,0
374,0,2,114
522,7,4,9
623,3,2,0
300,3,0,0
624,1,1,19
121,5,4,24
434,0,1,13
53,0,3,3
357,7,6,0
252,1,7,31
433,5,1,0
289,4,1,19
413,0,6,39
226,1,4,5
384,7,3,0
426,0,6,188
294,5,3,0
36,3,2,6
340,4,6,27
72,1,2,10
100,3,2,0
396,2,6,37
514,6,2,0
516,5,7,0
147,4,7,7
505,3,4,23
11,6,4,3
566,0,3,94
223,4,2,0
701,5,6,212
248,4,6,0
702,0,0,22
721,5,0,0
232,0,5,8
42,3,3,66
588,2,3,44
208,0,4,33
72,4,4,26
305,0,1,34
603,2,5,196
146,7,2,0
15,4,1,5
87,4,3,26
83,4,3,83
390,1,4,7
152,4,5,7
340,0,5,48
107,1,2,17
431,0,3,118
642,2,2,78
236,2,7,37
518,7,5,0
543,6,4,15
75,7,7,0
45,5,6,147
137,4,2,0
661,3,5,192
157,2,4,114
197,3,5,12
223,2,7,0
548,2,7,65
320,0,5,6
297,6,6,6
332,5,7,36
643,2,0,0
49,4,0,0
534,5,1,0
55,5,2,0
277,4,1,0
553,6,0,0
235,3,7,29
258,4,4,50
420,2,2,19
622,6,0,0
210,2,1,0
539,7,4,0
406,6,1,0
7,1,4,0
499,3,0,0
520,2,2,53
722,1,4,59
478,1,6,414
616,7,2,0
616,7,6,18
22,0,4,44
598,4,6,308
409,6,0,0
585,2,7,0
328,1,6,77
662,6,2,0
140,6,0,0
560,6,0,0
129,2,1,0
90,0,2,28
285,1,4,18
294,5,4,6
304,7,0,0
282,7,6,47
315,4,6,61
554,6,6,42
101,7,7,0
90,5,0,10
634,6,3,0
582,0,3,0
435,7,0,0
486,6,6,8
462,2,5,21
17,0,6,273
679,5,2,0
243,7,4,0
172,3,2,4
627,7,6,37
397,2,6,83
478,3,1,21
13,1,1,5
101,1,3,0
272,7,3,0
517,6,1,0
381,2,2,35
164,4,0,0
197,3,0,0
608,5,5,0
98,2,7,17
163,7,7,18
206,6,2,0
368,2,1,0
514,3,7,0
58,0,1,0
55,0,6,0
528,5,3,9
439,3,4,8
20,4,3,46
418,3,2,0
47,1,0,0
627,0,2,11
533,4,4,31
170,6,4,0
715,5,0,0
59,7,6,9
145,5,1,4
712,3,4,0
174,7,6,12
468,0,1,0
327,5,5,32
547,7,1,0
633,7,0,0
440,4,4,13
597,3,7,149
93,0,4,83
294,5,0,40
249,1,5,0
418,7,6,0
245,5,1,0
263,5,3,0
412,4,0,0
154,6,6,11
370,6,1,0
608,2,2,18
614,3,5,75
360,0,7,404
274,2,0,0
101,7,0,0
286,6,3,0
351,5,7,33
158,2,5,106
293,4,7,25
2,2,7,0
610,7,0,0
520,6,6,15
671,5,7,165
28,1,6,0
440,2,5,0
718,7,4,0
224,3,0,0
138,0,1,13
484,2,7,64
688,7,5,0
307,3,3,79
201,5,1,0
674,2,3,247
391,2,0,0
542,3,5,129
194,6,2,5
287,0,3,38
576,7,0,0
373,0,7,234
482,7,4,8
76,7,4,0
602,6,7,36
219,4,4,16
676,7,5,12
380,5,4,35
181,6,2,0
107,6,4,4
563,1,2,10
158,2,0,0
333,2,5,174
664,4,1,12
626,1,6,60
336,1,4,206
92,6,7,79
478,3,4,61
574,3,2,32
275,1,6,79
646,0,2,78
98,3,0,0
207,7,4,0
15,7,6,3
716,1,3,225
697,5,7,99
626,4,5,134
188,2,4,62
270,5,5,0
476,2,1,0
32,0,7,49
66,2,1,12
307,2,2,40
409,1,1,39
34,3,7,149
316,3,1,6
270,6,7,23
447,2,5,53
254,5,2,0
726,7,0,0
397,0,1,7
623,0,0,0
638,1,2,37
518,5,1,9
663,7,1,12
394,4,1,0
22,1,5,71
75,3,0,0
352,5,1,0
542,3,2,9
664,7,7,0
549,5,7,49
133,5,1,0
412,5,1,0
691,5,1,0
640,2,6,116
576,4,1,34
290,4,7,0
503,7,0,0
532,4,4,49
230,6,3,0
443,0,5,0
203,5,2,0
622,3,4,36
541,5,7,9
120,6,7,24
575,5,4,52
687,6,1,0
69,6,2,0
129,7,7,0
315,6,1,0
18,3,4,77
235,5,6,16
241,3,0,0
369,3,5,28
50,4,6,9
446,0,6,25
456,7,6,21
0,6,4,0
404,0,5,156
483,5,2,0
642,0,1,11
342,5,7,6
319,3,6,16
276,5,6,0
15,7,0,0
499,1,0,0
43,5,0,0
378,0,1,11
511,7,4,0
60,0,3,162
124,1,7,4
260,2,0,5
86,2,6,1049
150,4,2,0
64,6,1,0
636,2,0,0
430,6,3,39
7,4,5,3
550,2,2,65
415,3,1,0
693,3,5,214
647,3,5,157
427,5,3,75
131,0,4,76
486,1,1,8
640,7,4,0
170,2,2,0
594,5,7,105
376,2,6,177
204,4,3,8
496,4,7,100
516,2,1,9
156,3,2,11
330,0,6,273
525,7,4,0
421,5,7,39
440,6,1,0
298,7,6,19
347,7,7,6
618,7,3,0
114,4,7,10
484,2,4,28
469,0,4,180
40,6,5,9
561,0,6,0
713,2,1,0
309,4,0,0
643,4,7,127
401,1,2,71
460,0,2,42
582,6,2,0
435,6,3,0
459,2,2,69
580,6,2,0
453,2,2,13
730,3,5,399
156,4,3,4
316,6,3,0
246,0,0,0
652,2,1,12
679,7,5,0
457,2,0,0
551,5,1,0
202,7,0,0
348,0,0,6
358,4,5,216
253,3,1,5
625,0,3,146
587,7,1,0
675,5,1,0
719,1,2,134
555,5,0,0
74,1,5,19
612,7,6,28
180,0,6,7
124,2,1,0
361,3,1,0
342,0,1,0
718,6,7,35
98,7,3,0
122,5,1,0
241,7,7,0
96,6,1,4
415,5,2,0
492,7,7,0
635,6,6,0
100,5,4,0
286,2,6,29
485,1,5,59
310,2,3,83
239,6,3,8
10,4,0,0
166,4,7,80
571,7,0,0
273,1,7,0
438,3,0,0
327,6,1,16
159,7,3,25
616,0,4,36
289,0,1,6
309,2,4,25
119,5,6,6
147,6,3,0
91,3,1,19
533,5,1,0
316,7,5,0
305,3,3,55
39,1,1,3
153,4,0,0
132,1,0,0
725,0,0,95
66,6,0,0
416,4,4,7
451,7,4,0
403,1,6,190
586,3,6,10
363,5,6,50
466,3,0,0
513,1,0,0
161,3,2,11
449,2,6,78
394,7,0,0
88,0,2,44
226,1,1,0
221,3,1,0
374,5,6,7
344,1,5,0
681,1,4,0
486,3,5,28
483,0,7,81
616,2,7,121
670,2,7,172
352,4,1,0
44,1,1,3
505,0,2,53
185,3,7,19
411,6,0,0
125,7,6,0
410,7,0,0
696,3,4,350
479,4,6,366
332,2,2,10
616,0,7,75
357,0,2,33
513,5,7,0
352,5,7,21
154,4,4,55
514,5,7,9
506,6,0,0
420,0,5,75
667,7,6,12
571,3,6,242
343,3,1,0
166,7,0,0
157,7,5,4
251,1,2,36
41,0,2,106
329,2,5,103
730,5,1,0
510,4,2,15
349,6,2,0
537,3,3,0
260,7,5,0
440,6,4,0
205,3,7,28
25,7,4,0
28,3,6,0
97,2,1,13
184,2,4,43
612,2,1,0
600,2,2,64
552,4,4,68
721,3,4,200
142,1,2,28
500,4,0,0
493,4,7,36
482,1,2,86
505,5,7,76
608,7,2,0
142,3,4,70
336,0,7,439
46,0,1,3
383,5,3,11
375,1,2,135
513,0,4,9
487,5,7,0
18,7,4,0
443,5,2,0
159,3,5,567
12,6,2,0
295,5,0,6
661,7,1,0
306,3,4,74
549,0,1,25
524,5,2,0
396,5,6,18
552,7,1,0
590,6,3,27
364,0,6,120
329,4,6,77
472,5,6,27
699,5,7,35
145,2,3,14
328,5,7,113
715,5,5,35
66,3,7,259
79,4,0,0
630,0,0,11
514,2,2,15
247,3,7,0
581,6,7,0
185,6,7,7
278,3,0,0
18,4,5,276
627,6,7,37
118,4,6,20
548,3,4,184
420,0,2,24
461,0,2,27
416,0,6,7
294,4,6,9
483,4,1,8
244,0,0,9
343,3,2,0
54,7,4,0
406,1,2,23
456,0,7,56
308,1,4,25
16,6,6,0
662,4,2,0
133,2,2,28
4,5,7,0
609,5,7,18
402,3,1,11
406,1,5,406
150,0,7,4
314,0,2,36
604,7,5,18
588,5,0,0
315,4,2,6
196,6,1,0
576,1,0,0
203,4,3,12
579,0,2,71
137,2,4,115
672,0,5,749
574,6,3,10
646,4,7,86
643,0,3,60
634,0,1,0
455,1,2,86
714,7,4,0
451,6,7,8
527,7,4,23
164,0,7,791
170,2,1,0
489,5,2,0
455,4,2,0
349,5,5,44
546,2,5,160
460,0,3,34
356,4,2,0
410,4,3,149
207,5,2,0
105,3,1,4
646,7,6,30
435,1,2,58
345,4,0,0
653,5,6,31
720,1,1,0
593,3,7,88
522,1,5,176
366,5,4,7
703,5,2,0
429,6,2,7
164,2,1,0
248,5,7,14
313,1,5,16
119,5,7,17
36,1,3,252
490,5,0,0
62,5,5,69
121,2,3,52
281,4,1,0
89,4,5,73
484,5,0,0
327,0,4,61
624,1,7,86
509,6,2,0
537,5,5,0
683,6,4,21
436,7,0,0
271,2,2,0
107,0,7,23
383,6,1,11
550,3,2,15
468,1,5,56
50,2,4,3
326,6,5,51
544,3,5,160
345,2,6,6
507,2,3,15
107,1,0,0
499,5,3,28
196,5,2,0
422,2,0,7
598,4,0,27
434,6,2,20
152,0,1,7
717,5,2,0
216,4,3,13
99,5,1,0
241,5,3,9
336,1,2,44
24,4,1,9
90,2,7,69
526,3,2,38
629,3,2,11
424,7,2,0
76,7,0,0
241,0,0,5
538,6,0,0
438,4,2,66
253,0,6,17
335,7,2,0
310,1,7,34
193,1,2,20
296,1,2,0
257,6,4,17
677,4,6,21
277,1,7,9
699,1,5,294
404,6,3,48
30,4,5,3
592,5,7,88
335,1,6,675
300,5,1,0
278,7,7,0
383,1,3,92
340,7,7,0
48,1,2,34
674,1,1,0
310,5,7,15
466,1,3,0
183,2,1,0
674,1,6,214
281,3,1,0
251,6,4,0
295,4,1,0
83,5,0,4
681,3,1,0
420,7,3,0
727,3,1,36
117,6,4,23
88,0,1,10
636,7,0,0
338,1,1,6
366,0,3,22
467,3,1,0
270,4,4,9
570,3,0,0
152,5,0,0
500,1,4,59
230,1,4,26
618,1,5,110
562,1,6,0
323,3,0,0
677,6,7,0
355,0,3,98
173,4,7,12
387,4,3,53
219,7,5,13
144,4,7,7
452,1,3,111
687,1,1,0
647,3,6,157
52,0,2,0
62,6,7,51
368,2,3,0
164,5,0,0
191,6,7,0
455,2,4,86
623,3,5,156
640,5,1,0
537,1,2,0
166,0,3,87
221,6,0,0
686,7,3,0
141,0,1,0
591,3,2,34
239,2,6,34
211,7,2,0
188,6,4,0
89,1,2,98
635,3,5,30
51,6,1,0
656,4,2,0
700,0,5,864
107,3,5,23
482,0,2,36
163,3,6,2170
68,7,0,0
60,3,3,117
215,6,4,16
708,3,6,78
675,4,4,119
397,0,6,53
51,5,4,6
121,6,6,7
151,2,1,0
293,5,3,15
488,0,2,0
560,3,5,0
27,5,5,0
565,1,5,68
465,2,1,0
58,4,6,60
153,3,7,30
169,5,2,0
142,2,0,4
404,3,1,0
548,7,4,15
319,5,3,6
594,0,0,34
40,6,0,0
641,6,1,0
658,2,4,12
688,3,4,140
233,4,2,0
682,2,6,0
717,5,5,134
51,6,2,0
116,1,2,40
140,2,2,35
51,3,0,0
435,7,7,8
477,1,3,103
277,2,7,9
144,3,4,37
660,1,5,63
300,5,5,25
370,2,7,0
459,0,1,21
488,1,0,0
86,4,6,739
553,2,5,158
5,6,7,0
111,6,2,0
78,6,7,0
216,2,0,0
2,7,3,0
460,1,6,34
629,0,7,86
67,3,1,15
430,1,0,0
279,1,2,14
67,5,5,325
476,0,3,125
666,0,5,165
355,4,7,71
222,1,5,5
2,3,1,0
33,2,6,221
7,7,5,0
242,0,2,27
278,6,7,5
200,5,4,5
383,3,6,596
209,3,1,0
514,7,4,9
279,1,0,0
218,5,1,0
563,5,3,0
617,2,0,11
167,6,1,0
485,0,5,50
26,3,7,3
161,0,2,37
18,2,2,27
317,7,6,10
640,4,5,30
122,3,1,4
200,6,6,0
347,0,3,0
627,7,1,0
403,2,7,66
495,0,0,0
1,2,6,5
267,2,3,18
589,4,4,44
45,3,6,330
629,4,4,30
674,6,1,0
623,4,3,64
560,1,2,0
148,7,3,0
218,3,3,13
545,3,5,190
276,3,7,32
509,4,2,0
303,4,6,25
44,4,3,77
726,2,2,635
462,2,4,27
52,5,7,0
458,0,7,69
705,4,2,0
538,5,7,0
116,3,3,33
38,2,2,149
592,3,3,122
519,1,5,342
271,6,2,0
233,1,6,26
481,3,5,281
500,6,7,14
233,6,3,0
23,4,0,14
113,1,4,29
589,4,2,0
253,2,2,62
578,2,7,88
374,4,7,50
155,6,5,14
674,2,4,119
648,6,7,63
394,3,6,0
296,0,7,9
664,7,6,39
490,5,2,0
471,5,1,8
296,4,2,0
468,4,7,61
244,4,5,9
105,2,5,4
278,0,7,14
455,7,4,0
593,7,2,0
180,5,0,0
361,7,0,0
623,5,7,57
618,3,7,36
447,4,5,58
212,2,4,209
580,5,5,54
382,0,3,74
175,6,0,0
417,2,6,0
2,2,2,3
95,1,0,10
390,5,6,23
541,5,0,0
672,5,4,0
595,7,2,0
165,5,2,4
251,4,6,5
555,3,0,0
297,2,2,0
56,0,7,19
178,4,5,0
501,0,2,117
709,5,2,0
682,7,6,12
81,1,6,51
331,2,7,67
634,0,5,19
608,1,6,11
564,6,4,0
510,7,6,0
21,5,4,14
518,4,4,47
197,4,2,0
187,1,4,4
362,2,3,85
602,3,5,295
427,2,3,94
417,1,6,7
309,4,5,98
547,0,6,200
262,5,0,0
499,2,6,231
198,5,0,0
314,4,1,26
531,5,2,25
464,1,5,8
239,0,4,13
9,4,3,44
705,4,3,35
78,3,7,0
626,6,3,0
673,4,4,86
726,3,0,0
454,4,1,45
243,5,1,0
713,3,5,13
621,1,4,75
21,5,3,3
505,5,2,0
283,1,0,0
710,3,0,0
373,4,7,28
164,3,5,2232
636,6,5,37
337,4,0,0
566,3,1,0
606,7,0,0
174,2,2,0
603,3,1,0
273,3,3,23
638,2,2,37
529,0,3,40
555,4,5,74
340,6,3,0
393,2,6,0
388,6,5,0
145,7,4,25
690,6,0,0
696,5,3,22
499,2,2,36
561,6,6,0
391,6,3,0
289,4,2,0
290,0,7,0
45,1,5,290
168,6,1,0
565,6,0,0
435,3,4,139
479,4,3,82
37,3,6,72
224,3,7,0
380,3,0,0
312,3,0,0
155,1,3,91
477,1,6,255
235,3,6,29
254,6,7,14
31,3,4,0
559,4,3,142
679,1,6,12
65,2,5,482
699,0,5,540
195,6,1,0
571,0,1,52
25,4,7,6
45,5,2,0
579,4,3,71
731,4,5,340
77,1,3,0
612,2,5,46
220,5,5,13
403,3,2,7
368,6,0,0
212,1,5,174
614,4,1,18
608,2,5,11
535,0,4,15
476,2,5,215
426,2,6,231
596,5,5,159
346,6,2,17
468,0,5,8
562,7,7,0
731,5,0,0
689,3,5,0
448,4,4,53
183,0,6,24
515,7,3,0
654,1,6,71
440,4,1,8
177,7,1,0
27,4,3,37
42,2,2,158
577,1,7,115
501,5,6,724
325,5,3,10
401,4,3,30
91,4,7,38
334,6,0,0
272,1,2,0
192,2,0,0
493,7,3,0
258,4,1,0
353,4,3,17
200,2,3,0
163,5,4,142
640,7,1,0
264,5,5,52
266,5,1,0
43,5,4,298
100,3,5,6
702,7,3,0
604,5,7,75
631,6,0,0
187,6,3,4
507,3,1,15
28,4,3,14
289,1,3,58
41,7,2,0
407,7,3,0
377,2,6,170
193,4,2,0
150,5,3,0
438,0,6,25
484,7,5,0
359,7,4,10
68,1,0,0
377,5,7,39
143,5,5,24
314,0,7,109
688,3,5,128
436,7,4,8
542,6,1,0
546,4,4,40
375,2,5,79
535,1,0,0
139,5,6,579
513,0,2,0
151,1,6,0
549,5,0,0
121,1,5,59
723,1,5,731
323,2,0,0
727,1,1,14
209,2,0,0
466,5,4,0
223,4,1,0
203,6,6,0
181,6,7,0
53,4,4,0
284,5,6,41
644,1,3,127
491,4,5,0
586,1,2,44
691,4,7,0
634,7,4,0
578,7,4,78
404,4,2,23
666,1,2,153
22,7,6,11
28,7,6,0
279,0,4,14
713,2,6,13
720,6,6,104
469,7,3,0
352,7,2,0
630,6,7,37
300,3,2,9
617,6,6,0
586,7,3,0
456,5,7,103
356,2,7,60
170,0,6,0
201,0,0,0
484,6,5,14
64,2,1,3
28,4,1,3
13,6,7,181
544,0,3,240
524,3,6,228
287,0,2,75
193,2,3,20
612,0,3,46
148,7,5,0
641,0,1,0
707,4,0,0
593,6,3,0
715,4,2,0
341,4,1,21
142,0,6,442
207,3,5,45
191,1,7,24
40,1,7,315
325,6,4,0
388,7,0,0
647,0,5,86
82,2,5,383
311,4,3,104
632,0,1,0
540,6,4,9
285,0,0,23
521,6,0,0
99,0,7,4
217,7,6,0
218,7,1,0
532,6,2,0
469,4,1,8
419,0,0,0
726,2,1,23
505,6,6,9
212,4,4,28
365,7,3,0
722,3,1,36
155,5,5,252
600,5,3,36
227,0,0,0
538,4,2,0
187,6,7,19
5,6,4,0
673,2,3,161
574,4,4,68
80,3,3,6
404,2,1,7
709,7,4,0
499,5,5,36
370,2,2,0
407,0,2,30
254,7,2,0
698,6,7,99
634,3,5,0
125,6,5,0
692,7,3,0
675,5,4,41
680,1,3,12
329,3,7,20
683,3,0,0
671,4,3,90
212,3,2,8
390,1,7,11
459,7,0,0
400,6,6,7
698,7,4,35
106,7,7,0
342,1,0,0
257,6,7,17
611,0,3,18
557,0,2,26
652,2,2,12
471,3,7,48
244,1,6,14
367,5,0,0
217,7,0,0
36,0,0,11
305,5,1,9
301,7,1,0
655,4,7,12
673,5,5,41
702,6,7,22
661,3,2,20
124,7,4,0
413,0,4,12
653,4,5,102
691,7,7,0
40,6,2,9
409,7,1,0
333,7,5,6
372,1,3,114
410,2,4,55
682,3,3,12
113,7,0,0
374,4,0,0
334,5,4,0
428,7,3,0
592,4,5,132
361,6,5,7
605,1,0,11
550,7,2,0
392,6,0,0
92,0,0,6
691,6,4,0
515,2,2,0
311,3,4,92
625,4,6,108
80,2,0,0
208,5,3,25
45,0,5,261
602,3,0,0
24,3,0,0
146,3,6,14
580,4,2,0
32,0,5,20
259,6,0,0
603,4,5,128
263,0,3,53
531,0,5,135
148,3,0,0
117,7,5,13
245,3,7,0
651,1,7,71
137,6,7,21
522,2,5,190
182,7,6,4
368,2,5,0
381,1,2,39
260,4,7,22
319,4,2,6
664,5,1,153
525,4,6,257
232,4,4,13
162,2,6,743
688,3,2,0
641,6,7,0
489,4,1,0
387,7,6,7
328,0,4,93
9,7,4,3
461,6,7,8
45,6,4,9
329,4,0,0
221,0,4,8
628,3,6,127
294,0,5,19
334,7,6,0
361,7,2,0
477,4,6,263
719,4,0,0
7,1,1,0
225,4,2,0
382,4,6,568
536,2,1,0
712,7,1,0
566,3,2,16
287,4,3,154
72,0,4,26
530,5,7,15
429,0,3,70
643,1,4,67
719,5,3,22
692,3,0,0
18,1,5,522
13,7,6,41
453,5,1,0
129,2,2,76
720,6,4,0
43,1,3,80
352,4,2,0
5,5,6,0
322,1,5,20
92,3,6,241
28,4,6,0
473,7,1,0
260,2,2,62
84,4,1,12
632,4,2,0
478,5,5,159
567,6,4,10
176,4,3,0
203,7,6,8
365,5,3,0
638,0,4,11
571,5,5,261
117,2,5,70
118,5,1,10
626,3,4,175
55,7,0,0
197,0,2,0
106,0,4,10
642,7,6,11
306,6,0,0
227,6,2,0
120,3,1,7
726,4,2,0
121,3,3,13
348,4,0,0
428,4,2,144
366,7,2,0
86,3,4,91
504,1,6,1027
325,2,7,67
199,6,7,0
711,2,5,0
85,5,2,12
550,5,5,375
322,1,1,10
91,7,7,6
540,4,3,0
496,5,4,36
691,3,4,12
385,5,0,0
149,6,0,0
227,2,3,5
704,7,3,0
584,5,0,0
31,1,0,0
585,3,3,0
42,1,0,0
175,7,7,0
587,1,5,10
604,4,7,64
190,6,5,4
370,3,2,0
444,5,3,0
271,1,1,0
709,4,4,78
457,7,3,8
7,2,0,0
368,1,3,0
191,0,5,53
679,3,3,12
299,1,7,0
657,1,0,0
14,6,7,46
459,1,5,48
131,0,7,87
237,2,2,34
111,7,7,33
59,1,7,500
469,3,1,13
490,1,2,14
494,3,2,45
546,4,1,49
92,3,5,256
210,1,5,105
261,6,4,14
481,2,2,8
369,3,3,0
186,1,6,7
674,1,5,107
445,4,0,0
141,6,0,0
154,7,4,0
65,5,4,19
90,2,1,6
668,7,4,39
716,6,1,0
261,7,3,14
117,0,4,33
554,7,1,0
365,5,1,0
201,6,4,0
316,6,7,6
351,7,1,0
645,7,0,0
199,0,5,0
594,3,1,27
608,2,1,0
635,3,1,0
722,6,6,45
234,1,5,34
433,0,5,152
472,7,6,21
52,5,4,3
224,7,1,0
164,7,3,4
470,3,7,48
89,1,0,4
708,1,6,43
199,4,7,0
376,5,3,74
4,6,5,5
711,3,4,0
498,2,0,0
559,4,5,16
669,0,2,51
359,4,7,71
261,2,5,94
195,1,2,12
30,2,3,6
242,6,1,0
592,7,2,0
346,3,7,0
397,5,1,11
597,1,3,149
452,6,3,0
532,2,1,0
273,6,0,0
437,1,2,25
217,6,7,0
400,0,4,71
198,1,1,0
680,5,5,0
593,1,2,88
119,7,3,0
403,0,0,0
576,5,0,0
488,3,5,0
477,5,6,151
435,6,1,0
328,0,2,36
15,7,7,3
445,3,3,33
393,0,2,0
218,4,4,16
284,0,4,32
422,0,6,82
13,1,3,118
408,1,3,188
489,1,3,0
408,4,4,55
329,2,4,135
345,7,2,0
45,3,3,37
456,4,6,27
521,6,6,23
487,3,0,0
126,1,6,4
97,1,6,6
219,2,2,13
53,0,4,0
390,3,6,41
53,3,0,0
82,6,7,35
527,2,6,1392
222,6,2,0
491,2,7,0
192,7,7,5
36,2,5,178
78,2,0,0
532,1,7,49
656,5,7,0
523,4,7,152
470,0,5,42
62,3,2,3
467,0,5,8
521,0,0,15
488,3,3,0
592,6,0,0
508,3,4,29
167,4,2,0
25,5,5,14
264,2,0,0
444,4,0,0
377,5,4,50
277,5,1,0
336,5,5,98
108,7,6,4
83,3,7,69
548,7,0,0
549,3,1,9
578,5,7,54
341,0,5,71
428,4,4,70
700,6,2,0
563,0,0,10
391,2,5,11
29,2,6,0
527,2,1,0
616,0,2,64
577,2,5,450
233,4,4,26
519,6,2,0
657,1,3,0
196,7,5,5
642,1,4,60
582,7,1,0
409,6,6,31
192,7,1,0
391,5,1,0
700,2,5,1137
637,3,1,30
332,1,0,0
486,7,6,0
293,2,2,25
655,4,5,39
478,5,0,0
711,4,6,0
62,5,4,24
275,0,0,0
287,6,0,0
157,5,7,14
135,0,0,7
197,5,6,0
430,1,4,55
62,1,1,0
52,4,6,0
112,1,0,4
625,1,4,97
268,2,4,29
34,1,0,32
712,4,0,0
457,6,1,0
100,5,5,0
224,2,1,0
398,6,1,0
444,6,1,0
220,4,7,13
278,3,5,5
628,0,7,78
597,7,7,10
160,3,3,69
522,5,6,76
236,4,2,0
492,2,5,28
490,3,1,0
619,6,3,0
352,1,5,114
404,0,1,7
464,6,5,0
450,5,2,0
669,0,5,274
253,4,0,0
198,6,5,0
22,7,1,0
716,5,5,78
690,4,0,0
410,6,5,12
423,4,2,0
160,1,3,84
620,6,6,46
185,7,7,0
208,2,5,45
442,0,6,20
98,0,6,13
281,3,5,61
492,3,1,8
141,0,0,4
281,5,2,0
247,1,3,0
16,0,1,19
80,1,6,6
670,6,5,20
35,7,1,0
362,7,3,0
700,3,0,0
130,1,4,80
570,5,7,110
680,1,2,12
432,2,0,0
526,4,7,99
166,6,1,0
577,6,2,0
134,3,6,196
136,5,5,331
272,3,2,23
88,1,6,322
296,6,4,6
300,5,2,0
190,0,0,19
181,4,2,0
614,0,3,64
218,3,5,50
532,0,4,31
320,6,2,0
521,3,6,167
116,6,5,6
704,6,2,13
198,7,1,0
460,6,5,48
427,3,4,51
542,5,5,111
644,5,1,0
443,5,3,8
307,1,7,34
316,4,1,20
147,3,5,30
98,6,1,0
417,0,2,0
541,1,7,40
338,2,5,146
543,0,0,15
345,2,0,0
599,4,0,0
494,6,3,0
587,4,1,34
505,4,5,167
427,0,5,101
518,1,3,152
523,1,3,85
547,0,2,49
128,7,3,0
625,0,2,67
418,5,4,0
85,4,5,211
326,3,1,0
607,4,6,0
613,0,2,36
288,5,4,0
433,4,3,91
508,6,4,0
626,4,1,11
614,2,3,36
322,5,7,0
337,2,6,249
245,4,3,14
167,6,0,0
646,0,6,164
609,6,7,0
54,5,1,0
274,5,2,0
140,0,3,83
282,7,4,29
525,5,7,53
217,3,6,47
90,7,6,16
131,6,3,0
535,3,2,0
211,4,6,408
345,6,2,0
614,1,7,36
22,3,0,0
320,7,2,0
473,1,5,199
145,6,2,0
483,5,4,45
600,6,6,46
467,0,0,0
194,7,0,0
447,6,1,0
298,3,3,40
710,4,6,0
437,4,0,0
559,3,7,16
170,7,3,0
578,5,5,115
640,7,7,11
36,2,7,261
28,5,1,0
356,7,1,0
606,7,7,36
404,1,7,101
221,5,1,0
605,0,5,28
467,1,2,8
465,4,6,0
618,4,7,92
567,1,1,16
343,2,0,0
554,0,2,84
234,0,0,5
667,6,3,0
371,0,4,0
425,6,1,0
5,0,6,0
364,7,3,0
15,4,3,17
174,6,2,7
215,5,0,0
240,3,2,9
1,3,1,0
433,1,7,157
702,2,5,618
537,2,4,0
227,3,5,16
243,0,4,17
522,6,0,0
403,5,6,53
405,6,1,0
372,6,7,39
203,2,0,0
9,3,1,33
12,2,1,0
99,2,0,0
458,1,7,90
138,7,4,0
583,6,3,10
180,6,0,0
501,1,2,131
626,5,2,49
421,2,1,0
298,3,1,0
273,1,1,0
441,6,6,0
84,6,6,16
731,7,4,59
207,1,5,169
671,3,7,102
14,5,4,0
168,2,6,139
567,4,6,168
49,0,7,12
501,2,1,8
348,3,3,44
159,1,4,62
341,5,0,0
513,1,4,0
711,7,6,13
437,6,5,0
25,3,4,32
185,2,1,4
39,1,5,224
632,2,4,0
689,6,4,0
575,7,1,0
173,5,5,15
278,6,1,0
727,6,2,14
562,6,3,16
77,2,2,0
275,6,5,38
163,0,3,139
682,7,7,0
61,2,3,147
534,7,7,0
502,1,2,64
659,3,4,0
276,0,6,9
254,2,1,0
508,4,0,0
621,2,1,0
495,6,5,22
686,6,5,0
694,6,2,0
135,2,4,63
51,0,3,9
729,1,4,236
52,7,6,0
618,6,2,11
457,2,4,111
298,7,1,0
649,6,0,0
669,5,1,0
434,0,7,139
407,5,5,89
93,5,4,12
139,6,5,31
533,4,7,55
508,5,7,15
206,3,5,33
131,5,2,0
457,4,3,61
604,2,2,103
646,6,3,0
409,0,7,226
355,6,6,10
711,0,2,0
107,3,3,13
459,0,3,111
261,1,0,0
490,1,0,0
466,5,1,0
49,1,7,24
314,2,6,206
322,7,1,0
188,2,6,53
52,4,3,64
435,2,0,0
330,0,5,135
543,1,7,151
564,7,7,16
362,4,5,103
97,0,5,63
545,0,1,0
9,6,0,0
303,5,2,6
548,1,7,215
460,5,5,61
670,6,2,20
546,2,4,89
17,4,4,30
326,6,7,10
54,0,7,0
237,4,2,0
247,2,0,0
516,4,5,53
203,0,4,20
361,5,1,7
344,2,1,0
351,4,5,64
384,1,7,160
210,1,3,61
205,4,6,8
478,2,5,284
175,2,5,12
37,3,0,0
317,5,7,20
141,3,3,52
408,3,4,137
414,4,3,407
71,7,1,0
552,4,0,0
549,5,5,209
281,0,4,32
713,4,1,0
425,3,5,87
477,4,0,0
575,6,4,52
31,7,5,0
643,2,5,67
506,4,6,137
29,6,0,0
313,3,5,148
131,0,2,52
88,2,5,148
466,0,7,0
403,6,0,0
731,1,0,14
147,2,5,7
503,4,1,0
120,2,1,0
585,5,3,0
187,4,3,12
184,7,4,7
123,3,1,4
436,2,3,53
672,5,6,494
560,0,1,0
4,5,3,0
693,7,0,0
706,6,7,22
315,1,2,42
40,2,7,201
714,4,7,112
610,7,3,0
696,7,4,22
344,3,4,0
557,5,4,0
87,1,2,22
453,4,0,0
440,3,1,0
630,4,3,164
338,0,7,102
321,2,6,0
117,0,7,63
334,5,7,42
645,7,4,0
260,2,3,39
484,4,1,8
125,5,7,0
692,3,3,0
269,7,5,0
559,7,4,0
217,4,3,34
535,3,3,15
624,4,0,0
338,7,6,10
311,6,7,15
22,5,2,5
81,3,4,73
679,0,2,0
197,3,1,0
33,4,2,0
130,2,3,59
316,1,6,36
538,1,1,0
428,6,4,7
731,6,1,0
723,0,6,1688
233,6,5,21
657,6,1,0
74,5,2,19
699,4,2,0
623,6,0,0
285,7,1,0
124,7,5,0
350,1,4,75
205,4,0,0
260,5,3,14
444,0,0,0
515,6,6,0
177,7,4,15
478,2,0,0
138,4,7,135
652,2,7,63
40,1,3,634
614,3,1,11
549,1,3,111
580,6,7,34
1,6,2,0
161,6,7,11
46,3,2,32
47,7,0,0
289,2,2,83
469,6,3,27
534,2,5,15
234,1,3,13
407,5,4,23
52,3,0,0
383,3,5,727
161,3,1,23
70,0,0,12
56,3,7,64
89,2,0,0
481,5,4,22
376,5,5,7
351,1,7,98
691,5,5,0
700,3,6,2438
236,5,4,8
354,7,1,0
709,5,3,0
101,3,5,6
270,0,3,0
392,6,7,0
237,4,5,68
17,0,2,14
443,6,7,0
129,1,2,109
621,5,4,18
178,1,6,15
303,7,4,0
264,6,1,0
290,5,0,0
33,5,5,25
286,3,2,18
381,1,4,28
351,4,0,0
145,0,1,0
0,3,1,5
255,0,1,14
238,3,6,47
659,0,3,12
311,7,2,0
308,6,4,6
594,7,7,0
418,3,5,7
525,7,0,0
638,5,0,0
111,3,0,0
51,3,7,15
499,3,2,0
395,0,3,0
345,0,1,0
53,7,7,0
129,4,6,91
532,2,5,120
383,0,0,11
523,0,4,38
183,7,5,15
656,5,4,0
684,1,0,0
248,5,0,0
474,6,3,0
317,6,4,6
490,1,5,0
277,0,4,0
721,6,2,0
649,7,0,0
131,6,7,11
123,5,2,0
116,1,0,6
149,7,6,0
574,5,4,10
431,2,1,7
521,5,6,29
570,0,3,158
422,7,7,7
263,0,5,14
385,4,1,11
715,4,5,393
314,2,5,129
157,3,4,110
345,1,4,0
386,3,3,23
575,7,7,0
442,1,0,0
440,0,7,8
193,0,7,33
371,0,1,0
615,4,4,11
35,0,2,77
452,6,4,33
451,5,3,20
199,3,0,0
197,2,1,0
442,5,1,0
76,2,6,4
509,0,5,53
250,1,2,9
74,7,4,4
308,0,7,74
393,3,6,7
167,4,0,0
705,3,5,259
110,4,3,27
352,1,3,114
652,0,4,114
396,3,0,0
716,2,5,294
89,0,7,85
62,0,1,3
122,6,0,0
552,4,3,200
553,0,4,58
534,2,7,40
420,3,2,0
338,1,2,37
637,0,4,11
223,7,6,0
484,7,1,0
651,3,6,122
484,3,6,100
628,7,0,0
506,2,1,9
152,7,5,0
638,2,7,60
687,2,7,0
117,0,3,83
399,5,1,7
26,5,6,0
478,7,2,0
605,0,4,82
190,7,2,0
308,1,7,104
675,2,4,95
114,3,3,17
600,7,6,64
242,6,2,0
440,0,3,20
134,7,1,0
589,3,1,17
244,4,6,5
208,6,2,0
224,2,0,0
103,7,1,0
280,6,7,5
410,3,5,700
635,5,5,11
273,0,4,0
389,7,6,11
523,5,1,0
551,3,1,15
660,7,0,0
204,6,1,0
500,5,2,0
672,6,0,0
190,5,6,19
709,1,5,0
2,2,3,0
436,4,1,33
525,7,5,23
513,5,6,0
653,3,2,12
39,2,0,0
96,4,5,54
8,7,3,0
308,2,1,0
310,1,2,49
278,6,2,0
422,5,1,19
357,2,3,75
578,6,5,27
377,6,7,17
590,5,6,10
260,1,3,116
148,2,5,0
92,2,2,67
15,5,3,0
450,2,2,86
590,4,2,0
299,3,7,0
100,0,7,4
472,1,0,0
578,2,6,369
136,5,1,0
17,7,7,3
679,1,3,12
532,4,6,31
16,6,0,0
608,7,5,0
32,3,4,9
588,2,4,17
300,1,7,30
100,4,1,4
191,1,2,12
710,2,6,13
437,0,1,0
423,7,6,7
91,6,0,0
174,6,5,0
422,4,3,12
143,5,1,0
687,5,6,0
667,2,2,294
290,0,3,0
237,6,3,13
312,7,3,0
231,3,6,21
40,7,4,49
152,3,7,32
655,5,4,0
678,1,6,12
595,5,6,230
513,4,5,0
280,2,3,38
96,0,5,43
352,6,0,0
548,4,3,65
633,5,2,0
597,2,3,105
126,4,6,0
286,2,2,29
532,1,4,31
108,7,3,0
517,0,6,47
704,2,5,212
192,5,1,16
472,6,4,8
173,0,5,4
520,6,3,15
496,0,6,137
70,1,4,111
283,1,4,18
421,7,2,0
546,0,2,49
20,7,2,0
335,6,0,0
126,5,0,0
703,4,7,35
198,3,6,0
328,6,0,0
426,4,1,19
403,4,5,89
205,5,6,12
503,4,2,0
4,4,0,0
261,7,7,9
4,5,2,0
599,4,5,203
349,7,6,0
190,4,3,31
56,6,4,9
278,1,7,23
370,0,4,11
382,6,5,35
609,4,1,0
198,1,6,5
307,6,7,9
20,3,2,5
622,6,4,57
114,2,0,0
198,7,4,0
405,0,0,18
114,3,5,63
250,6,6,0
641,4,3,30
296,5,1,0
382,2,2,17
51,7,0,0
394,7,2,0
242,2,2,17
5,3,4,0
395,1,4,0
671,1,5,623
581,1,3,115
663,3,0,0
282,5,7,29
620,5,5,139
247,7,3,5
453,0,3,66
59,6,0,0
725,3,7,590
373,3,6,74
677,7,4,0
219,6,7,8
61,6,7,21
71,5,1,0
304,2,5,117
132,3,1,0
318,5,0,0
270,3,7,5
548,5,7,209
317,3,6,67
254,6,6,31
247,0,6,0
295,4,0,0
311,4,6,334
285,3,0,0
143,4,7,17
606,5,5,28
524,5,5,123
146,0,3,18
246,5,2,0
56,7,7,0
70,2,7,169
272,6,1,0
52,3,6,6
542,7,4,0
300,3,5,40
498,1,5,131
56,1,7,54
77,6,7,0
543,2,5,249
197,6,5,5
466,0,6,0
703,2,3,56
457,4,2,0
728,3,1,73
288,5,5,34
100,5,0,0
631,6,6,0
536,4,2,0
359,6,0,0
618,2,4,110
563,7,6,10
223,0,5,0
596,5,3,0
143,0,4,42
57,2,2,216
350,1,5,179
126,1,0,0
525,4,5,228
501,6,7,36
252,7,4,0
380,5,5,107
201,6,5,5
654,7,4,0
80,4,0,0
39,6,5,57
58,5,2,3
536,0,0,0
1,4,3,51
225,1,3,0
571,3,0,16
319,6,1,0
373,1,5,148
428,2,6,238
108,0,5,10
303,7,3,6
457,5,6,13
558,1,1,0
693,1,4,95
280,4,1,5
709,2,6,35
287,6,2,0
663,7,6,63
387,1,6,78
40,1,2,49
422,4,6,19
359,4,3,152
504,7,5,9
137,2,7,42
579,4,4,115
92,7,2,0
305,6,4,19
558,6,0,0
112,0,6,10
711,0,4,13
219,5,6,16
449,3,0,0
0,5,1,0
653,0,4,20
510,3,0,0
240,3,1,5
246,0,2,0
606,0,7,46
49,3,0,0
192,2,2,5
706,6,6,0
334,3,4,71
269,1,6,0
352,3,5,152
176,2,4,0
113,6,3,0
582,5,4,17
310,5,0,0
490,1,4,8
706,6,4,35
358,2,7,54
31,0,6,0
283,4,5,70
317,3,4,6
65,3,4,87
56,0,4,81
573,4,7,587
253,3,7,72
649,1,5,114
657,3,6,0
409,7,3,0
236,2,0,5
620,6,2,0
328,6,2,0
421,5,0,7
661,2,2,286
83,6,4,0
507,5,1,0
474,4,7,34
492,6,4,28
183,4,3,7
415,1,1,7
628,5,6,19
589,2,3,44
254,3,2,9
243,3,6,44
338,7,1,0
693,3,0,0
163,1,2,51
63,2,0,0
565,0,3,58
74,2,0,0
611,2,6,28
415,0,3,24
136,3,2,70
652,4,7,12
666,3,1,20
625,0,4,60
183,3,1,15
561,5,3,0
545,4,5,65
622,2,0,0
147,6,2,0
572,1,4,52
387,5,5,23
337,3,6,206
672,5,7,12
37,1,7,263
513,0,7,15
254,4,4,39
8,6,5,22
88,0,0,4
222,3,7,5
285,4,7,52
536,3,5,9
722,2,5,613
153,3,0,0
312,2,7,71
299,4,0,0
305,7,7,9
525,7,1,0
602,7,7,0
678,6,2,0
593,6,1,0
385,5,2,7
129,3,2,28
715,2,3,169
622,0,3,64
704,7,6,0
76,0,6,12
676,5,4,12
307,0,7,64
331,3,5,145
674,0,5,161
4,2,6,5
79,0,4,0
212,7,7,0
723,3,6,3812
455,3,3,73
195,2,4,16
297,6,1,0
71,1,6,96
353,1,0,0
213,5,6,448
472,0,3,130
74,2,4,10
104,3,3,10
479,2,2,34
83,0,3,310
541,5,3,15
224,3,5,5
691,4,4,0
600,2,7,149
601,4,5,185
0,0,7,33
584,7,6,0
383,7,3,11
377,5,1,0
77,1,5,0
650,3,1,12
168,1,7,53
193,2,6,28
30,5,5,0
38,4,3,20
395,2,5,7
72,0,5,38
572,0,7,226
264,6,5,18
338,0,0,27
669,6,5,0
694,0,5,181
133,2,7,74
192,0,0,0
338,6,4,0
66,4,6,446
459,2,0,0
278,1,3,23
282,7,2,0
631,1,1,0
189,5,7,12
286,6,6,14
370,7,6,0
504,0,6,723
356,0,3,141
374,6,4,7
692,7,7,0
94,3,6,152
316,7,4,10
112,4,4,17
216,7,3,13
596,1,2,61
504,7,6,47
160,6,4,14
131,1,1,17
432,6,0,0
438,0,2,33
223,2,6,0
144,5,5,44
537,0,4,0
513,1,2,0
408,5,5,113
506,5,5,53
272,7,1,0
342,6,4,0
260,5,4,27
157,6,6,11
320,7,1,0
372,3,1,0
429,5,5,55
40,4,5,195
730,7,5,45
645,3,2,30
556,4,6,52
131,2,6,285
512,0,7,0
278,1,1,0
269,4,0,0
478,2,1,0
365,1,2,28
545,0,2,104
148,3,7,4
42,5,7,37
540,6,1,0
606,7,5,0
658,2,7,20
443,7,0,0
358,5,7,27
537,1,1,0
549,6,0,0
34,7,2,0
478,2,4,117
583,0,2,17
236,1,4,13
539,2,6,0
231,4,2,0
454,3,3,58
423,0,7,82
312,2,4,139
33,4,4,298
513,4,3,9
13,4,0,0
569,5,7,58
725,6,4,73
38,2,7,154
468,0,7,8
112,0,7,6
451,5,2,0
654,3,5,31
242,2,7,31
430,5,2,43
124,1,6,4
684,0,7,66
98,4,2,4
557,6,1,16
296,0,6,0
473,3,3,82
16,0,0,14
373,2,2,120
8,2,1,0
540,7,2,0
560,6,7,0
110,0,7,20
473,5,2,8
216,0,6,47
223,5,0,0
417,7,7,0
276,3,1,0
60,0,4,135
678,0,5,12
193,7,5,8
665,1,4,82
656,0,2,0
727,6,3,82
524,2,5,161
370,0,7,7
529,3,6,304
174,4,4,7
382,3,3,35
611,3,2,0
650,7,2,0
552,7,3,0
128,2,7,56
399,4,5,83
308,7,1,0
373,6,7,57
507,2,0,0
48,1,1,0
330,6,5,57
24,2,7,14
541,7,7,15
612,5,5,18
197,1,5,5
643,6,4,0
536,4,3,9
700,3,1,35
373,3,5,103
397,6,4,18
607,6,3,0
240,2,0,0
82,6,5,146
569,3,2,42
610,5,6,0
288,7,4,0
75,6,3,4
17,2,2,22
36,0,3,195
235,4,1,8
143,5,7,31
461,1,7,96
228,7,3,0
0,2,4,14
385,3,0,11
309,2,3,74
99,6,0,0
118,0,7,27
559,6,3,0
3,3,1,8
501,0,6,674
518,2,1,0
457,6,2,0
697,4,5,112
250,5,6,0
729,6,1,14
241,2,1,5
124,5,4,0
374,2,5,85
379,0,6,177
605,1,2,46
389,2,2,30
487,1,5,22
723,3,3,191
523,3,1,38
684,2,3,33
539,1,2,9
678,6,1,0
297,7,7,0
438,3,1,8
721,7,6,14
635,4,5,11
696,2,0,22
591,6,1,0
386,6,0,0
408,6,0,0
692,3,1,0
155,3,0,11
119,1,4,4
519,1,1,23
268,7,6,5
196,5,0,0
416,2,3,0
633,1,1,0
594,1,0,0
571,3,3,94
418,7,7,0
453,4,4,25
107,2,4,37
394,0,5,0
401,1,7,131
140,4,3,163
69,7,3,12
650,4,4,31
384,0,2,41
602,6,5,110
482,5,3,0
409,6,5,43
245,4,0,0
342,6,6,6
102,7,0,0
516,0,1,0
392,0,7,11
157,3,6,187
84,5,6,60
596,2,1,10
624,5,7,67
31,6,3,0
80,5,1,4
704,4,7,56
63,5,5,322
709,3,1,0
337,5,7,17
385,7,6,30
653,5,4,31
387,6,0,0
444,1,2,13
522,6,1,0
289,1,6,79
129,5,3,42
214,7,4,12
306,0,6,128
219,5,3,8
459,1,0,0
556,0,3,94
30,5,6,0
573,2,6,561
79,2,5,6
63,6,3,12
713,7,3,0
62,1,6,226
493,2,5,203
321,7,5,0
485,2,5,72
698,0,3,91
299,3,1,0
5,3,2,0
651,6,3,0
380,6,5,11
591,5,3,17
186,5,3,0
314,7,5,10
118,2,5,50
258,1,7,53
521,6,7,0
372,0,3,107
419,4,4,0
120,5,5,21
96,0,2,17
475,3,6,130
637,0,0,0
433,4,0,0
487,4,3,64
133,1,1,4
51,0,1,0
193,5,0,0
298,5,7,0
21,0,5,120
671,0,5,988
305,6,7,0
350,0,2,6
24,0,3,40
447,7,6,13
173,0,7,0
401,5,2,96
43,2,2,61
399,3,7,202
274,4,4,5
37,7,1,0
665,2,2,82
223,5,7,0
128,7,5,4
47,7,6,3
166,6,0,0
93,2,6,117
430,4,2,0
115,1,5,93
608,0,6,57
560,0,6,10
238,6,6,0
294,3,4,9
38,2,6,190
403,3,6,215
707,1,0,0
598,5,1,10
40,4,0,3
334,2,1,10
280,5,6,29
584,1,5,0
709,1,0,0
687,2,5,0
663,1,5,184
421,0,7,43
293,7,6,43
9,1,7,331
639,6,3,0
681,6,3,33
516,7,5,15
472,0,7,117
369,7,2,0
633,2,5,0
48,2,6,30
608,5,4,0
77,2,1,0
209,4,0,8
489,6,3,0
436,0,6,66
421,1,7,51
396,0,4,11
625,2,4,97
667,1,6,294
702,5,0,0
336,5,4,17
413,0,7,43
710,1,7,22
187,3,2,0
344,2,3,0
166,1,5,535
66,7,3,3
176,4,4,7
714,7,7,13
107,6,7,0
535,5,0,0
174,0,6,0
90,4,5,63
304,2,6,92
373,5,5,85
473,2,2,48
129,5,2,0
280,5,3,32
158,0,7,80
728,2,4,1048
653,0,6,31
507,7,3,9
57,0,7,226
715,6,0,0
250,3,0,0
442,0,2,8
467,5,3,0
273,3,0,0
357,5,1,0
284,0,2,32
83,2,1,4
445,6,3,0
582,1,5,88
322,2,1,0
114,2,4,43
60,1,0,0
263,2,3,50
426,0,7,156
673,6,7,21
498,6,2,0
679,3,0,0
285,7,6,29
585,4,5,27
578,3,2,44
531,0,3,55
144,3,2,11
405,6,2,0
423,2,3,94
364,6,3,0
277,0,3,41
194,0,1,8
223,1,0,0
674,4,5,173
412,3,7,43
561,5,4,10
421,3,0,0
486,5,7,36
74,6,1,0
394,4,0,0
94,6,4,6
460,7,2,0
140,5,6,547
646,3,7,116
13,5,1,0
148,6,4,0
105,2,2,20
45,7,7,3
605,6,7,75
615,4,3,18
24,3,3,32
707,7,4,13
356,2,1,0
485,2,6,86
75,1,4,6
702,5,7,22
456,2,6,111
700,2,7,134
383,3,7,35
458,1,3,69
409,4,0,0
308,5,2,0
344,6,5,0
680,3,0,0
403,7,6,18
135,1,5,98
199,3,6,0
97,7,6,29
100,7,3,0
191,1,5,31
308,4,2,0
530,1,1,9
78,5,3,0
113,0,5,17
292,5,4,9
258,5,3,5
37,5,6,32
667,6,5,114
707,4,4,22
729,5,4,45
80,6,4,6
672,2,2,33
726,6,0,0
58,7,0,0
47,6,7,3
211,2,5,174
33,2,4,326
369,6,1,0
477,2,3,146
107,7,2,0
358,2,6,1254
511,3,5,15
687,6,3,0
583,2,5,44
320,7,5,0
303,2,0,0
209,7,0,0
625,5,6,78
660,3,3,82
636,5,5,11
19,7,0,0
300,0,6,9
281,7,7,14
265,4,4,14
662,6,7,20
186,7,0,0
668,1,3,141
128,2,2,21
328,2,1,16
724,1,6,2573
707,0,0,35
307,7,5,49
232,3,5,16
57,6,5,94
157,1,3,48
145,6,1,0
155,2,2,30
7,5,5,0
481,1,4,36
481,6,6,45
203,2,2,28
305,3,7,43
53,2,4,0
38,3,5,143
710,1,2,0
49,2,0,0
480,3,3,81
704,5,0,0
370,1,7,0
341,0,4,37
276,1,0,0
131,2,7,105
319,6,6,6
534,1,7,9
65,6,7,171
296,3,5,34
169,4,6,7
597,2,7,132
650,7,6,12
731,2,3,222
106,1,4,6
490,4,5,14
606,4,6,18
348,1,4,21
160,0,1,30
5,7,7,0
503,0,1,14
728,3,0,0
6,7,1,0
554,4,5,142
147,7,5,11
333,1,1,6
503,1,2,131
415,2,4,24
118,7,1,0
624,7,4,11
48,2,4,27
63,0,1,3
676,4,3,66
172,4,5,89
17,3,3,49
230,3,7,13
136,3,7,74
307,0,5,83
580,0,7,98
558,0,4,0
115,4,1,17
275,4,7,5
517,5,2,0
28,6,4,0
134,4,2,0
138,3,3,42
253,0,3,31
53,4,0,0
20,0,3,104
487,4,7,8
17,6,5,14
701,7,7,0
256,5,5,89
307,6,2,6
292,1,2,25
158,0,5,87
81,7,6,10
140,2,7,87
293,5,4,0
415,6,2,0
248,2,5,0
271,2,7,0
404,7,5,0
261,7,6,9
145,4,1,7
232,6,4,0
585,5,0,0
701,4,6,1370
458,0,4,82
14,3,1,19
474,1,4,61
360,0,4,114
399,5,4,60
168,1,4,0
637,5,5,37
719,7,2,0
183,3,3,24
328,6,5,32
343,3,0,0
56,1,5,90
394,3,2,0
702,2,0,0
257,4,1,14
640,6,0,0
311,2,0,0
718,2,5,203
710,7,0,0
332,5,2,16
590,3,7,166
19,4,7,22
247,7,7,0
665,6,1,0
115,2,1,0
349,0,5,44
487,6,6,0
376,4,0,7
385,6,7,0
14,2,7,131
634,1,2,11
724,5,3,45
566,7,0,0
583,1,5,10
603,3,5,167
169,0,5,19
336,7,6,17
649,6,1,0
720,4,2,0
588,6,2,0
202,2,4,12
234,2,6,26
480,7,2,14
689,7,1,0
645,5,5,67
673,3,1,0
303,2,1,0
6,4,2,0
136,0,7,170
699,6,5,35
447,7,2,0
241,5,7,14
336,7,5,0
396,0,6,11
122,6,5,0
75,5,3,0
556,4,2,0
462,3,1,0
221,3,0,0
516,7,6,38
401,3,3,41
234,7,0,0
622,1,7,185
118,1,3,203
277,3,4,18
177,0,0,0
199,1,5,0
234,2,0,8
638,0,3,60
439,6,7,0
357,6,2,0
449,3,7,8
646,0,1,0
27,7,4,0
295,6,6,15
562,3,0,0
318,4,5,32
133,6,2,0
452,5,1,13
85,3,5,547
159,2,6,377
492,5,2,0
8,0,1,3
93,0,5,69
693,4,3,95
327,2,3,109
560,0,7,0
444,0,3,20
571,2,6,368
664,4,2,0
302,3,1,0
368,3,6,0
513,7,2,0
204,0,4,25
53,7,5,0
636,3,5,11
346,5,2,17
555,6,3,16
433,1,1,0
321,2,0,0
157,0,6,69
144,4,1,4
728,2,5,1688
292,3,1,6
82,1,6,111
290,5,5,0
358,2,2,48
189,6,4,4
71,6,1,0
301,1,2,92
179,5,4,0
688,6,4,0
184,6,4,0
539,1,0,0
418,2,7,0
358,6,3,21
449,2,1,0
198,0,5,8
176,4,6,0
605,2,3,103
257,7,3,5
607,0,0,0
612,7,4,0
351,1,2,87
465,6,0,0
207,6,1,0
68,2,4,135
295,2,3,0
161,6,4,77
126,4,3,7
66,5,1,3
222,6,3,5
687,0,7,0
97,4,2,0
134,6,4,21
430,6,6,82
331,7,5,0
596,0,5,61
121,1,1,0
549,4,6,624
496,5,7,22
595,2,3,115
50,2,5,21
297,7,0,0
569,7,1,0
465,7,1,0
119,0,2,23
35,3,7,221
35,2,6,441
192,7,2,0
129,1,5,292
28,6,5,0
558,1,5,42
556,7,2,0
294,6,2,9
292,1,0,0
47,2,3,23
127,5,1,0
479,6,1,0
47,2,6,86
321,3,4,0
601,2,7,220
417,3,5,0
440,0,2,0
487,3,5,14
706,4,0,0
69,5,3,0
97,2,6,27
266,1,1,18
451,3,4,45
83,2,3,284
5,0,5,0
693,3,1,140
698,1,7,337
55,5,3,0
517,1,4,61
227,1,5,13
326,0,5,139
82,6,3,0
174,1,3,0
660,5,0,0
124,1,3,0
379,4,3,39
173,3,4,7
103,6,2,0
632,2,5,37
684,6,5,21
218,4,0,0
94,1,6,51
565,4,0,10
635,2,6,11
580,0,3,115
597,0,0,61
33,2,7,218
444,2,5,8
482,6,6,8
384,3,6,500
141,1,7,74
305,7,2,0
161,5,1,4
726,1,0,0
503,2,5,362
106,3,3,20
50,6,7,0
11,0,6,208
727,2,5,2360
478,4,7,130
702,5,2,0
310,5,3,55
50,5,1,3
484,3,0,0
654,3,2,12
513,6,7,0
535,6,7,0
208,6,7,8
491,7,7,0
626,4,0,0
372,4,4,46
712,0,0,0
32,0,6,20
514,5,6,0
316,2,5,83
336,3,6,351
553,2,2,52
11,2,4,483
482,7,0,0
611,1,5,11
213,0,5,109
439,2,6,25
88,0,7,225
579,5,4,0
579,3,3,61
498,2,7,86
681,7,6,0
666,3,3,39
327,7,4,0
358,0,7,270
706,3,1,0
151,5,1,0
554,3,2,42
123,1,5,0
684,7,7,0
30,4,0,0
355,1,5,114
700,5,3,22
248,6,3,0
44,7,1,0
560,1,6,10
333,3,6,139
433,4,4,139
360,7,6,0
51,3,1,3
703,1,3,112
176,6,3,0
60,3,6,49
18,2,6,1491
523,0,1,85
400,2,6,138
646,7,4,0
381,5,3,35
42,5,3,6
16,1,7,114
718,2,2,78
654,2,1,12
307,4,5,98
116,5,0,0
458,2,1,0
433,3,4,99
311,5,3,43
127,4,3,0
65,6,1,0
541,3,3,89
43,4,2,0
295,2,4,6
495,7,1,0
405,7,1,0
617,5,6,36
406,5,2,30
290,4,1,0
534,6,0,0
494,5,0,0
94,1,3,152
551,3,5,1143
278,5,6,9
329,1,2,71
661,4,2,0
237,1,1,5
87,3,3,57
479,6,3,8
637,2,0,0
681,4,2,0
475,1,2,34
116,0,7,27
479,4,4,103
176,3,3,84
165,2,5,1105
224,6,7,0
595,2,6,457
653,7,6,122
455,0,0,20
40,5,0,0
98,1,4,4
378,7,1,0
12,4,0,0
369,7,1,0
510,6,2,0
469,2,7,103
151,3,2,4
661,7,7,31
703,1,7,225
25,7,3,0
93,0,6,132
469,2,6,82
394,1,5,0
446,6,6,33
529,4,7,25
447,3,3,33
1,5,3,0
191,4,5,34
468,5,3,8
552,2,2,52
548,0,2,40
660,7,7,0
518,5,5,85
449,0,2,33
229,7,3,0
298,3,7,0
375,1,0,0
270,7,0,0
479,2,3,172
350,1,3,114
607,5,3,0
263,7,5,14
120,3,6,42
579,0,3,78
522,3,4,61
429,0,7,113
701,3,3,190
568,5,2,0
322,3,2,6
332,1,5,103
104,7,0,0
380,5,3,22
672,0,2,95
372,4,2,0
209,7,2,0
21,3,2,3
714,2,6,91
295,6,0,0
662,2,3,419
580,2,2,105
370,2,5,28
408,1,0,7
717,6,1,0
540,0,7,25
376,1,3,358
483,1,5,86
22,5,5,46
70,6,3,6
368,0,0,0
608,2,4,0
163,6,3,11
223,0,6,0
531,7,2,0
72,2,6,44
138,6,6,63
197,2,0,0
611,6,7,0
469,0,2,56
228,6,6,0
213,3,4,73
337,2,3,75
391,7,5,0
401,7,5,0
46,6,0,0
410,2,6,857
413,2,3,24
552,2,7,135
581,5,7,34
664,7,4,0
517,7,5,0
577,0,6,254
549,4,7,169
25,3,7,11
402,6,6,7
330,3,4,87
25,1,4,3
691,2,0,0
485,4,3,45
676,0,3,107
39,1,6,491
209,5,3,8
62,7,2,3
473,0,5,117
669,1,2,90
301,4,2,0
169,1,0,0
301,0,2,40
206,2,3,53
158,4,6,263
18,7,6,74
45,7,1,0
317,6,1,6
528,6,0,0
156,3,4,117
482,6,4,36
338,5,3,33
113,1,1,0
250,1,3,14
513,4,6,0
667,2,3,408
435,7,2,20
320,1,0,0
525,2,4,152
262,2,7,14
354,2,2,27
450,7,4,13
243,1,3,44
500,7,6,14
368,3,3,0
180,4,4,4
106,5,1,0
711,0,0,0
556,1,6,42
588,7,2,0
280,6,4,14
41,0,0,32
457,1,3,96
339,0,6,75
58,0,5,130
107,2,7,17
146,0,5,11
705,4,7,35
7,4,1,0
573,2,3,194
192,5,4,25
360,4,3,79
629,6,1,0
122,3,4,11
377,6,0,0
662,1,1,0
620,1,0,0
655,5,6,0
548,2,2,40
637,3,6,19
397,0,0,0
390,2,5,11
536,6,6,0
31,1,3,3
127,7,4,0
692,1,2,0
712,3,2,0
509,4,3,85
607,1,0,0
143,3,7,31
632,2,6,37
190,3,1,7
108,0,3,17
273,2,4,0
238,0,0,5
356,7,3,0
223,6,5,0
587,7,6,10
137,3,5,1094
204,1,4,40
69,7,5,0
330,4,0,6
277,3,6,9
252,4,1,0
666,0,4,102
386,0,0,0
258,4,3,44
354,3,6,118
716,0,1,0
593,4,7,122
613,5,0,0
371,3,5,7
615,6,5,36
448,7,2,0
635,7,6,0
417,4,6,0
4,1,2,3
277,1,5,9
362,3,3,63
40,3,0,11
410,7,2,0
358,2,5,443
721,3,2,14
233,1,4,8
512,3,6,0
662,1,3,82
165,0,4,464
489,3,0,0
531,3,7,65
182,5,1,0
25,1,1,0
677,3,2,0
166,4,5,480
369,7,3,0
648,2,4,122
269,3,0,0
172,4,2,0
166,0,0,0
669,5,7,141
111,2,3,40
618,2,2,36
378,0,2,28
648,0,3,153
486,7,3,0
589,5,5,149
470,4,0,0
41,4,7,72
614,2,1,11
551,6,6,71
499,5,1,0
100,0,5,0
593,2,2,105
1,4,4,0
560,5,6,10
680,3,3,0
41,0,4,376
724,5,1,0
660,4,4,90
570,5,1,84
14,1,0,0
353,4,4,37
511,5,4,9
683,3,7,0
187,1,0,0
342,2,5,0
518,2,6,67
399,6,1,7
500,7,7,50
532,3,5,190
253,0,7,36
268,4,0,0
727,2,3,1284
110,5,0,0
627,1,2,97
633,3,2,19
689,5,0,0
722,6,3,0
327,0,1,10
462,6,6,8
601,0,3,103
728,1,2,259
422,6,3,31
148,4,6,0
688,3,3,74
594,1,5,142
187,5,5,27
501,3,5,493
722,3,4,200
550,3,7,65
710,5,0,0
38,1,6,315
434,1,7,197
172,6,1,0
513,5,4,0
134,4,5,226
546,6,4,0
692,1,3,0
519,5,7,76
678,4,2,21
51,0,5,3
404,2,0,0
672,6,5,41
53,0,0,0
318,0,3,16
711,4,3,0
119,5,2,4
279,1,1,5
519,5,0,0
160,0,0,14
195,5,1,0
391,5,6,11
68,2,3,277
247,4,1,0
583,1,7,27
87,4,5,162
331,6,5,20
370,6,4,0
154,1,0,0
438,3,2,8
557,1,3,74
394,7,5,0
186,6,4,12
460,1,2,48
121,5,6,13
185,1,0,0
353,2,2,17
167,0,1,0
397,4,4,60
445,4,2,0
589,1,1,0
84,0,7,284
601,7,1,0
359,7,3,0
347,1,4,6
226,1,6,5
676,7,3,21
415,4,0,0
380,7,1,0
543,4,4,289
529,2,2,80
528,0,6,614
349,5,0,0
719,4,7,112
593,7,5,17
327,4,5,51
585,3,6,10
470,1,2,61
355,5,6,102
665,5,4,82
90,0,6,126
435,5,2,13
251,3,5,14
372,4,0,0
196,2,1,5
372,0,7,50
137,6,2,0
364,2,7,50
472,6,5,34
613,7,1,0
85,1,7,132
681,4,0,0
494,2,2,100
124,3,7,0
183,0,5,27
392,0,6,0
583,5,3,0
60,7,3,6
567,5,3,16
22,6,7,8
351,4,2,0
129,7,0,0
554,6,7,16
387,4,0,0
420,7,0,0
553,1,1,0
345,4,1,0
408,7,4,7
641,0,5,37
303,5,7,6
534,3,1,9
244,1,0,0
652,0,1,0
633,4,4,0
151,7,1,0
545,2,1,0
596,1,3,115
358,4,3,33
125,5,1,0
466,5,5,0
498,6,3,36
348,6,4,10
250,6,3,0
547,3,5,270
29,0,1,0
262,6,6,5
152,5,2,0
65,7,6,49
135,5,3,0
153,0,5,158
164,6,2,0
655,2,1,0
683,4,7,0
552,3,3,184
250,4,2,5
497,3,1,14
519,5,3,0
546,7,7,0
53,6,5,0
196,5,5,12
430,6,1,0
121,1,6,28
484,1,6,59
402,1,4,18
4,2,1,0
257,7,4,5
498,2,1,0
47,5,3,20
215,7,3,0
711,2,4,0
198,4,7,0
170,0,7,0
711,4,7,0
247,0,3,0
731,3,2,82
57,1,7,388
711,0,7,13
296,7,7,0
115,3,3,106
580,4,1,27
538,0,1,0
11,2,5,263
362,5,0,0
16,0,3,155
656,4,4,12
504,7,1,0
255,0,4,14
119,1,7,27
586,6,2,0
187,2,6,58
134,2,5,111
382,4,7,63
46,1,1,3
129,0,7,240
241,5,4,27
168,3,7,15
304,4,2,0
337,6,5,21
610,1,3,11
238,7,5,13
149,3,1,0
581,1,7,17
114,0,6,17
495,3,7,64
463,7,2,0
175,0,1,0
418,4,2,0
507,6,6,15
620,4,7,64
727,7,4,95
224,4,4,0
644,0,6,49
634,5,3,0
378,2,7,107
184,4,3,31
15,0,4,104
278,5,1,0
487,2,4,14
623,2,5,185
283,1,6,47
104,4,4,0
625,7,0,0
708,7,0,0
344,5,0,0
380,3,2,28
111,1,7,50
315,0,6,83
481,6,0,0
474,2,6,186
412,7,0,0
641,7,3,0
467,0,3,8
110,5,2,0
346,3,6,0
110,0,3,56
119,4,1,6
666,5,3,51
114,3,6,40
369,6,3,0
297,0,3,0
617,6,1,0
196,3,1,0
353,3,5,156
335,3,2,16
38,5,4,9
660,0,6,12
82,0,2,132
117,3,5,56
157,3,2,7
695,1,6,226
258,5,1,0
653,2,6,114
625,1,1,0
125,3,6,0
244,7,3,0
676,2,5,161
597,3,0,17
305,4,3,123
235,2,2,13
621,4,4,103
86,3,7,211
499,4,2,0
107,4,2,0
624,1,6,67
648,0,1,20
312,3,6,212
267,7,3,75
286,1,7,79
267,4,7,29
390,2,1,0
711,1,1,0
11,5,0,0
549,2,6,574
527,3,0,9
393,1,2,7
323,4,7,0
593,5,7,54
291,0,2,0
125,3,4,0
615,7,6,0
50,2,2,12
82,7,3,0
316,3,3,26
144,0,2,23
657,0,1,0
293,0,6,15
208,0,0,12
366,4,3,120
339,3,2,21
558,0,7,10
477,6,6,96
522,0,2,91
230,3,1,5
524,1,3,137
572,1,5,158
305,0,0,6
316,1,2,57
721,5,4,14
403,1,3,48
0,5,5,3
76,6,5,4
57,1,6,126
462,7,7,0
456,4,2,0
709,7,0,0
12,4,4,85
490,7,0,0
227,1,7,5
182,3,6,19
637,7,0,0
617,5,3,0
273,2,7,5
582,2,1,0
169,7,7,0
615,4,1,57
393,0,5,0
394,0,7,11
531,1,4,49
677,6,0,0
637,1,4,11
340,1,0,0
79,5,4,0
720,0,3,281
708,6,1,0
445,6,5,13
373,6,0,0
258,7,0,0
372,0,4,28
684,0,5,21
364,3,7,68
672,0,1,12
601,3,2,28
286,7,3,0
659,2,3,12
454,3,5,53
672,4,3,416
389,5,0,0
608,0,1,0
24,5,7,6
130,5,6,7
294,4,2,0
14,6,3,147
367,3,7,11
43,6,1,11
141,5,4,7
390,5,4,7
95,6,3,22
381,5,7,148
524,6,7,15
207,3,7,33
157,6,3,11
89,2,3,69
225,6,6,0
547,5,4,15
318,5,5,6
374,0,0,7
242,1,7,27
614,7,7,0
303,6,6,40
679,0,3,41
568,4,5,100
588,1,2,44
609,1,3,0
63,5,7,34
15,2,0,0
624,5,5,127
104,0,6,4
215,2,2,16
313,0,0,6
235,3,0,13
302,3,4,128
86,2,4,202
628,0,1,19
679,5,1,0
69,0,7,472
350,2,6,54
604,7,4,36
668,1,5,286
726,7,1,0
516,2,4,29
76,5,0,0
3,1,1,0
113,2,4,37
112,0,3,27
248,2,0,0
480,0,2,28
337,1,5,81
442,2,4,13
559,4,2,116
262,3,6,120
626,0,3,97
444,6,3,0
603,2,7,121
101,6,3,0
426,3,6,212
354,6,4,0
484,6,0,0
721,5,1,0
641,2,1,0
140,1,1,4
280,2,2,18
85,5,0,0
648,0,2,12
578,7,0,0
289,0,4,34
222,6,6,0
173,7,0,0
700,4,2,0
628,4,3,164
387,6,1,0
608,5,1,0
569,2,3,135
10,1,4,426
328,6,3,0
164,2,5,599
271,6,4,0
174,1,7,7
581,4,6,54
282,0,7,32
484,3,4,59
480,5,5,153
668,6,2,0
471,4,7,82
536,0,5,0
173,3,2,15
517,1,6,38
314,0,3,61
111,1,0,0
58,6,2,0
663,4,2,0
202,3,4,12
573,5,1,74
710,5,5,13
538,7,7,0
351,0,7,156
234,3,2,13
311,4,4,19
444,6,6,0
308,0,4,89
383,2,7,63
571,1,7,110
539,3,0,0
211,1,5,182
176,5,3,0
639,2,5,78
116,5,6,27
116,0,0,10
503,4,6,588
68,6,5,96
147,4,2,0
670,7,3,0
132,4,7,146
328,7,2,0
566,7,7,10
598,0,4,98
660,5,7,0
336,3,3,125
48,5,1,0
2,5,6,0
178,0,6,12
5,4,2,0
685,3,1,21
115,2,0,6
602,0,2,64
203,4,4,36
712,6,2,0
58,6,1,0
16,4,4,24
183,4,2,0
483,7,5,22
554,3,3,100
618,6,1,0
482,4,0,0
189,5,1,0
199,4,0,5
85,3,3,95
159,0,1,4
581,2,7,98
145,4,5,48
454,4,4,53
424,5,5,43
182,0,7,12
606,3,3,11
156,3,5,139
446,5,2,8
503,1,7,203
532,5,7,49
629,2,3,97
336,0,1,6
156,4,0,0
143,2,7,28
307,1,1,19
414,7,3,7
537,6,0,0
499,3,5,181
235,1,7,13
395,4,4,11
550,7,1,0
100,5,6,0
657,4,0,0
73,4,7,19
318,2,2,16
375,7,0,0
378,1,2,63
454,1,5,33
248,4,4,0
526,0,2,23
97,6,4,29
27,4,7,0
495,6,2,0
651,0,1,20
587,2,1,0
356,5,4,10
430,0,0,12
67,7,7,64
139,6,7,21
654,0,3,31
248,7,7,0
149,5,6,0
49,7,0,0
294,7,3,0
54,2,0,0
127,4,1,0
57,7,2,0
281,7,4,29
575,4,7,235
486,1,0,0
569,4,1,26
29,4,2,20
121,0,3,21
564,1,7,68
84,4,2,28
316,1,3,57
365,7,1,0
365,2,3,39
627,2,6,224
229,3,3,5
347,4,2,0
397,3,1,23
413,5,7,12
251,3,4,106
40,2,1,0
484,2,6,109
54,3,5,3
367,2,7,7
383,2,5,675
58,7,5,0
376,5,4,50
673,3,3,54
692,0,2,0
657,3,0,0
487,7,0,0
571,7,1,0
56,2,5,60
395,1,1,11
97,1,1,0
105,7,4,23
334,7,5,0
49,7,2,0
353,3,1,6
309,5,3,58
533,2,1,0
222,5,4,5
239,7,7,0
683,1,3,0
248,6,0,0
343,1,3,33
264,4,0,0
56,2,6,34
465,3,2,0
41,2,0,3
682,5,1,0
700,1,1,22
688,1,1,0
611,5,1,0
650,6,4,39
221,6,4,0
344,4,6,6
625,6,4,127
201,4,1,0
473,6,7,21
335,6,4,26
82,0,3,304
152,4,6,30
720,1,7,132
119,0,4,54
98,5,4,13
597,6,6,71
624,5,0,0
397,6,7,11
266,2,6,38
73,1,3,38
670,5,3,31
450,3,5,106
354,2,7,87
437,5,4,20
86,6,0,0
209,0,5,61
461,6,5,13
255,2,6,72
87,7,3,0
166,7,1,0
712,4,1,0
480,1,0,0
684,6,1,0
498,7,4,8
468,4,3,8
355,4,2,0
474,2,7,82
349,6,4,10
381,7,3,7
502,6,1,0
360,4,0,0
620,0,6,64
100,6,5,0
676,6,5,0
244,2,0,0
344,5,4,0
710,4,0,0
542,6,2,0
204,5,1,0
680,2,3,0
232,5,0,0
16,1,1,14
712,6,4,0
640,0,5,19
196,0,0,8
661,6,1,0
78,0,5,0
280,5,5,23
8,6,0,0
263,5,0,0
351,2,7,146
634,3,7,0
671,7,7,20
425,2,4,31
690,4,7,0
694,6,1,0
145,5,6,0
247,5,0,0
91,2,1,4
381,0,2,22
658,5,1,0
303,1,5,132
241,7,5,31
429,3,5,125
61,6,2,3
603,5,6,28
598,1,0,0
644,0,2,97
553,3,1,10
631,0,3,30
111,0,2,13
387,3,6,119
542,0,7,120
55,3,5,0
239,1,0,0
274,0,6,0
92,3,4,69
34,6,1,0
617,0,4,18
253,4,5,31
239,4,2,0
512,6,2,0
567,7,3,0
1,2,3,0
205,7,0,0
381,6,2,0
634,6,1,0
285,2,4,41
672,4,6,469
395,2,0,0
174,3,2,0
492,4,3,8
232,1,7,21
518,1,4,53
518,1,7,61
499,5,2,0
631,0,6,0
557,2,0,0
196,3,0,0
713,5,1,0
328,2,5,135
425,2,6,137
273,6,7,0
32,4,3,0
696,0,5,203
160,2,4,66
664,3,2,102
14,2,5,99
405,5,7,112
64,6,2,0
9,3,3,145
669,4,4,90
491,0,2,22
393,1,0,0
438,3,6,33
123,7,1,0
50,0,0,6
222,5,6,0
137,1,6,275
39,4,1,14
495,5,4,8
416,1,2,7
289,2,0,0
537,6,7,0
512,4,1,0
28,7,7,0
706,2,7,69
88,3,3,38
74,1,0,0
335,4,1,6
360,0,1,0
187,4,4,43
279,1,4,5
364,2,0,0
248,3,3,5
525,4,1,23
386,4,4,101
360,1,5,362
196,1,3,16
115,0,4,27
700,1,3,203
51,6,5,0
692,7,0,0
131,3,4,63
428,3,7,55
338,6,3,0
417,4,0,0
268,1,7,29
487,0,4,8
693,5,7,202
233,4,1,0
380,2,0,0
624,4,5,243
276,7,1,0
553,2,1,0
268,2,2,0
72,3,6,73
411,7,3,0
200,2,4,0
197,7,0,0
697,6,0,0
558,0,3,42
666,3,7,102
386,5,1,0
622,5,7,149
731,1,3,141
250,5,7,5
249,4,5,0
345,0,4,0
685,1,7,375
147,6,5,0
220,6,3,5
665,6,4,20
108,0,6,13
563,2,3,0
356,6,0,0
356,2,2,87
111,1,2,23
613,6,2,0
209,3,0,8
650,7,5,0
187,1,1,0
93,5,5,51
223,3,3,0
655,5,7,0
665,3,2,12
712,7,7,0
229,6,6,0
6,4,1,0
62,1,0,3
355,2,3,64
325,2,1,0
30,1,4,0
725,3,6,2795
480,6,2,0
516,5,0,0
208,7,2,0
207,6,5,16
429,1,5,87
61,6,0,0
159,2,3,114
277,4,7,0
650,5,2,0
532,0,1,0
21,0,2,24
447,2,4,45
291,3,6,0
640,0,0,60
704,3,2,13
183,6,7,4
525,1,7,176
459,6,6,48
698,4,4,43
567,3,5,100
137,3,0,4
252,2,5,58
389,7,0,0
384,2,6,1222
243,7,0,0
153,1,1,0
0,4,5,17
50,1,4,19
347,0,0,6
2,2,5,3
415,1,0,7
412,1,2,39
603,7,3,11
685,6,6,33
129,6,3,4
503,4,5,245
76,7,6,0
17,3,6,454
616,7,0,0
393,3,7,0
124,2,3,0
441,6,5,0
591,1,3,186
430,1,1,24
446,2,7,33
615,6,1,0
4,0,6,0
138,5,0,11
195,0,1,0
367,6,2,0
44,1,5,771
485,3,3,14
456,3,7,90
694,3,7,86
426,1,5,87
266,0,5,9
155,4,0,0
508,6,2,0
675,6,7,41
576,6,0,0
621,6,0,0
506,3,5,395
527,4,3,85
454,5,7,53
617,1,2,0
347,7,0,0
102,3,2,0
698,1,5,169
153,5,4,14
23,6,0,0
350,0,0,6
233,2,2,8
583,6,7,17
388,2,3,30
575,3,3,152
434,2,3,144
579,0,6,176
724,5,2,0
584,1,4,0
94,7,3,6
532,7,3,0
16,0,5,191
143,6,2,7
572,2,6,410
101,0,3,0
400,2,0,0
418,0,4,0
26,6,6,0
630,7,6,19
167,0,7,208
551,4,1,40
12,6,1,0
60,2,4,262
487,3,6,8
589,0,6,71
420,6,5,7
530,7,6,9
727,7,6,95
354,0,0,10
334,6,2,0
96,5,1,0
698,4,0,0
60,0,2,81
70,5,0,0
150,5,5,0
614,3,7,18
172,0,3,12
565,5,1,16
513,4,4,0
77,2,6,4
15,3,3,44
399,4,0,0
286,6,2,0
716,6,0,0
250,1,6,22
287,0,4,38
95,4,0,0
467,3,4,8
617,7,2,0
377,3,0,0
61,5,6,21
527,1,4,61
507,2,6,205
627,6,4,67
545,7,3,0
232,3,4,34
158,0,1,4
18,4,6,440
138,1,1,0
204,2,3,169
106,6,1,0
354,3,0,6
31,4,2,0
659,0,1,0
423,0,4,94
417,5,7,7
20,4,4,24
472,7,7,0
336,3,2,44
515,4,5,0
419,7,6,7
517,4,7,67
105,2,6,20
276,5,0,0
218,2,3,37
163,6,5,25
379,2,0,0
385,6,0,0
714,6,0,0
613,0,0,0
461,7,2,0
49,7,3,0
390,0,0,0
103,6,3,0
601,1,1,11
475,5,4,90
276,7,0,0
642,2,5,116
207,2,7,36
27,6,3,0
541,5,1,0
571,0,5,177
263,2,4,67
592,6,1,0
187,6,2,0
623,7,0,0
326,5,7,32
391,2,2,0
175,0,2,0
560,7,1,0
14,7,3,5
588,3,5,71
230,7,1,0
126,4,2,4
42,6,0,0
10,6,1,0
68,2,1,0
529,4,5,144
425,5,6,39
182,5,4,7
467,1,1,0
208,1,5,149
391,4,7,7
219,3,4,29
412,1,4,43
6,0,5,0
712,3,5,0
106,5,7,10
187,6,4,12
252,7,5,9
234,1,7,13
231,0,5,21
346,2,1,0
284,2,2,32
211,3,0,0
46,4,3,14
412,6,5,31
406,1,3,156
274,0,7,5
423,2,5,113
494,5,7,36
6,4,4,0
464,0,2,0
499,7,1,0
66,5,0,0
148,0,5,0
24,6,4,3
175,7,2,0
263,3,5,84
32,7,1,0
366,7,7,0
724,4,7,567
141,5,6,163
638,1,6,30
201,0,1,0
522,2,4,167
426,1,4,39
113,1,3,54
305,4,0,6
447,1,7,25
491,2,6,0
519,7,4,0
77,7,1,0
206,1,1,0
633,3,4,11
544,7,7,9
192,6,5,33
584,7,3,17
195,0,3,12
368,4,7,0
59,3,2,9
381,6,6,22
26,0,6,11
150,7,4,14
264,2,1,0
51,2,2,12
726,0,3,826
226,7,6,0
255,7,6,0
65,1,7,425
370,5,5,0
109,5,5,20
183,0,3,38
597,5,6,1365
494,7,1,0
514,6,0,0
283,6,6,52
547,7,4,0
616,3,2,0
618,2,5,46
670,2,6,1102
731,5,1,23
664,0,6,204
11,1,1,0
63,1,4,54
525,5,3,9
222,4,0,0
720,5,3,14
123,7,5,0
129,1,4,139
82,4,4,69
603,6,0,0
77,0,7,0
722,5,3,14
600,0,6,185
399,1,4,60
528,2,0,0
175,5,4,0
642,6,5,30
690,1,7,0
684,2,5,66
231,2,7,34
376,3,4,124
547,5,2,9
533,5,2,0
555,7,5,16
697,3,7,471
615,3,7,57
253,7,5,17
105,5,3,0
714,5,2,0
32,2,2,49
142,6,7,17
178,6,2,12
23,2,0,0
198,5,2,0
648,6,5,39
448,7,6,0
424,4,1,19
515,3,4,23
724,4,0,0
599,4,1,17
338,7,5,0
562,6,4,0
510,5,0,0
40,5,1,43
389,3,4,89
448,0,6,45
693,6,3,0
463,5,7,42
642,4,6,67
384,5,7,30
305,2,4,79
143,5,2,13
289,5,6,0
589,4,0,0
290,2,2,0
106,7,1,0
475,7,1,0
120,4,3,46
129,1,0,0
307,0,6,211
442,6,2,0
418,2,4,0
336,0,3,173
106,5,0,0
187,5,1,0
349,1,4,44
241,2,3,39
106,4,1,0
35,7,7,9
470,2,0,0
410,0,3,113
60,0,5,271
16,1,0,0
365,2,2,11
55,6,3,0
727,4,5,2382
634,1,6,30
4,1,1,0
227,1,3,5
400,3,5,156
300,7,2,0
460,7,3,21
166,3,5,1079
250,1,1,5
378,7,0,0
433,3,0,0
550,4,2,0
68,3,1,12
339,7,5,10
337,6,2,0
586,7,0,0
326,3,2,16
93,1,0,0
112,1,2,17
678,2,1,0
338,6,0,0
353,0,2,33
464,2,4,0
676,7,6,0
573,0,0,0
602,3,2,18
377,7,3,7
578,0,0,0
665,3,4,71
724,4,5,708
598,2,0,0
661,2,4,368
352,0,6,108
359,3,4,98
171,6,6,0
431,7,1,0
390,4,6,11
485,4,7,81
243,5,4,14
375,6,3,7
128,3,6,46
659,3,3,82
175,2,2,0
390,3,5,23
351,6,3,0
607,1,2,64
160,1,1,0
431,3,7,43
157,0,2,153
407,7,2,0
609,1,5,0
685,7,2,0
300,2,3,15
699,6,6,147
348,7,2,0
188,2,1,0
576,7,6,0
604,1,2,82
432,0,5,91
202,0,5,5
255,6,1,0
722,6,1,0
104,4,5,0
133,2,4,118
540,7,5,25
93,7,5,19
459,4,7,27
552,2,0,0
332,7,1,0
367,2,2,11
571,6,5,32
465,0,6,0
708,5,4,0
275,7,1,0
151,6,1,0
551,4,4,55
686,4,2,0
259,5,7,22
101,3,7,0
657,5,1,0
29,4,3,37
54,5,7,0
656,6,5,31
474,6,6,21
229,2,6,26
654,3,0,0
185,5,7,24
473,1,7,56
146,2,4,4
552,1,0,26
350,4,0,0
201,3,6,0
166,5,6,128
165,3,5,1683
56,0,2,115
575,4,2,0
264,7,6,5
546,0,1,31
394,6,6,0
220,2,3,8
489,4,4,0
218,0,6,93
91,4,0,0
516,2,7,23
236,0,6,34
631,1,2,19
594,2,2,44
268,6,2,0
412,2,5,156
383,4,4,103
288,6,4,34
639,2,0,0
230,3,4,21
494,5,6,8
461,6,1,8
197,5,0,0
395,4,5,11
140,0,6,910
641,6,6,30
154,3,2,23
58,4,3,39
412,3,0,0
197,6,7,5
119,1,3,70
196,2,6,16
20,4,7,60
85,4,6,89
189,5,6,19
511,1,4,15
657,4,4,0
538,5,0,0
140,1,4,66
598,4,1,0
641,0,6,60
339,0,4,33
70,3,5,427
645,6,3,19
727,2,0,0
4,0,5,3
403,4,6,89
636,6,7,11
683,5,2,0
683,1,1,0
618,2,3,57
318,5,4,16
232,5,6,13
269,4,3,84
615,5,7,57
396,3,5,23
67,7,6,15
375,2,6,92
24,7,2,0
91,1,6,162
368,0,1,0
440,7,5,0
108,3,4,0
365,7,6,7
177,5,0,0
281,5,5,41
251,7,7,39
558,4,6,52
661,0,6,63
642,1,6,67
512,0,0,15
134,0,2,143
210,5,3,8
20,0,7,393
674,1,4,66
486,5,3,0
275,1,0,0
607,3,2,0
374,2,4,205
552,3,0,16
596,1,4,71
562,6,1,26
73,5,3,0
471,6,5,61
228,7,5,21
134,0,3,35
168,7,7,4
14,2,0,0
387,0,7,53
411,3,6,180
368,6,6,0
11,6,6,11
218,7,0,0
690,4,3,0
687,7,4,0
209,7,6,5
622,7,6,18
300,7,5,0
320,1,4,6
167,2,6,757
234,4,1,8
626,2,0,0
153,2,6,297
362,0,7,148
573,0,6,587
636,7,5,0
603,4,4,46
650,6,0,0
566,3,3,84
248,3,7,9
650,0,1,12
251,6,6,0
613,6,4,0
497,6,0,0
588,2,5,54
281,3,0,0
572,5,6,152
339,4,5,64
637,5,4,0
329,3,4,32
600,1,4,203
614,7,2,0
686,1,6,0
323,0,2,0
273,0,0,0
252,3,1,0
571,3,7,68
530,1,4,25
296,4,3,74
9,6,2,0
256,5,2,0
178,1,7,0
349,5,1,0
371,3,3,7
722,1,3,368
373,7,4,0
726,3,7,1194
335,5,7,26
460,7,0,0
568,3,3,52
23,2,4,30
658,2,6,12
244,3,1,0
344,1,7,0
217,4,6,37
633,6,6,0
381,1,1,0
578,6,2,0
692,7,4,0
85,6,1,0
78,1,7,4
591,7,1,0
239,5,0,0
502,7,3,0
194,5,7,20
127,2,2,0
253,6,1,0
466,2,7,8
173,1,3,4
684,2,7,54
723,4,7,531
144,1,7,51
169,0,4,15
83,7,2,0
283,3,4,9
292,0,0,0
76,3,6,4
694,6,3,202
672,5,2,41
325,3,5,46
404,2,2,60
526,3,7,190
412,5,6,55
128,5,5,28
381,7,7,22
324,5,2,0
224,6,6,0
420,0,7,19
705,4,6,112
413,0,0,0
576,1,7,176
647,5,3,0
102,5,0,0
632,5,5,0
74,5,3,0
299,3,0,0
687,0,1,0
128,2,4,13
177,4,3,0
364,7,1,0
266,0,7,29
284,1,1,5
701,4,0,0
214,4,5,161
270,2,5,0
93,7,4,12
35,0,6,267
663,1,4,141
180,0,7,15
478,0,5,165
193,7,1,0
268,3,0,0
356,4,3,60
190,3,7,15
59,2,2,34
142,7,4,0
111,1,5,43
373,1,1,7
684,5,4,54
416,1,6,0
16,0,2,68
376,1,5,159
432,7,2,20
111,3,7,54
550,6,3,9
684,5,0,0
399,3,2,37
482,1,6,137
390,0,3,0
532,1,0,0
285,4,6,32
525,2,3,99
299,4,4,0
445,1,2,25
260,3,4,31
10,1,7,377
357,1,5,233
621,2,3,75
603,5,4,64
537,3,4,0
526,0,7,281
85,5,5,146
117,7,1,0
554,3,7,110
71,2,1,0
429,2,6,106
518,1,6,53
648,7,2,114
535,2,5,0
636,5,3,0
81,3,6,146
683,1,2,12
590,2,3,115
471,2,2,111
470,4,7,27
632,5,3,0
513,2,3,9
602,3,4,121
331,4,1,20
639,7,3,0
146,7,3,0
293,7,3,0
573,0,2,94
441,2,3,0
160,4,7,279
87,0,4,83
528,2,6,1023
206,4,2,0
27,3,7,0
558,1,2,0
655,0,6,20
467,3,7,0
342,1,5,27
720,2,6,472
1,4,6,0
622,7,1,0
21,5,7,19
423,5,6,0
236,2,4,42
482,7,1,0
494,0,6,64
363,2,2,22
237,0,2,42
630,5,4,49
266,5,7,47
719,0,3,350
611,0,4,11
269,2,6,18
541,4,0,0
95,6,1,4
35,6,0,0
155,5,6,37
450,7,0,0
726,5,7,458
564,2,4,52
603,0,1,11
335,6,2,16
692,6,5,0
721,0,3,222
60,6,3,60
32,4,6,3
20,1,1,14
384,7,6,41
529,2,7,104
467,1,6,61
349,0,0,6
565,3,5,52
716,1,1,0
510,0,7,15
376,6,6,7
192,5,6,36
625,5,7,19
727,0,2,458
715,6,5,22
463,1,4,0
617,3,7,64
417,5,0,0
93,7,3,6
160,1,2,69
616,5,7,46
289,0,5,9
714,3,5,43
554,2,1,0
684,6,6,41
469,3,4,82
324,7,3,0
542,2,6,80
55,6,1,0
460,4,5,77
230,0,2,13
633,3,6,37
712,3,1,0
474,5,4,13
207,0,3,93
15,0,1,8
647,7,7,37
691,2,4,0
718,1,2,69
503,6,6,36
187,2,5,50
340,5,0,0
549,7,6,9
604,6,6,18
459,2,3,96
155,0,1,11
532,2,0,0
94,4,2,0
671,7,2,0
664,3,4,71
41,4,5,209
318,6,1,6
207,2,2,16
201,1,4,0
424,3,3,70
42,7,1,0
101,4,1,0
578,1,7,105
33,1,2,97
356,2,4,64
429,5,4,19
152,4,4,25
706,6,2,0
646,3,0,0
614,5,3,0
186,7,1,0
644,5,0,0
315,1,5,103
463,6,3,0
495,7,4,8
434,3,4,86
340,2,3,48
444,3,7,25
331,7,7,6
102,1,6,0
214,6,6,33
564,5,6,58
439,3,5,40
86,1,6,810
281,7,6,32
537,0,2,0
303,4,2,0
373,2,6,249
191,2,7,24
239,3,0,0
313,3,0,0
653,1,7,90
270,3,0,0
111,6,1,0
588,3,7,10
419,0,4,0
267,5,7,14
552,4,5,519
294,0,7,15
111,6,6,6
74,0,6,10
333,0,3,67
340,1,3,87
447,0,2,20
440,3,7,8
391,3,2,0
558,4,5,58
443,0,6,8
433,1,4,45
662,1,2,133
304,0,6,79
496,6,7,189
82,0,7,154
442,2,2,0
511,6,0,0
320,6,4,0
245,6,6,0
428,5,3,24
652,6,3,0
53,1,2,0
723,3,4,281
567,5,0,0
386,4,3,66
122,6,2,0
654,3,7,51
119,3,2,0
20,1,7,557
561,0,0,0
704,4,3,225
21,6,7,8
295,7,1,0
167,5,6,98
622,2,6,121
711,1,6,0
483,3,6,153
275,5,7,5
625,4,0,0
695,4,3,33
20,5,1,0
552,2,6,964
117,5,2,4
357,2,4,64
649,4,2,0
228,2,3,21
473,1,1,0
443,3,7,8
56,4,3,6
39,7,4,3
393,2,5,7
9,5,0,0
248,5,4,0
689,3,2,0
352,2,3,54
553,6,7,26
483,5,5,50
463,2,5,13
525,6,7,91
405,7,3,0
703,3,2,43
504,3,5,737
667,4,4,82
243,0,7,5
446,6,1,0
308,0,1,0
225,1,7,5
232,3,3,21
239,3,1,8
82,4,0,0
196,6,2,0
590,3,4,660
206,6,6,20
260,1,2,36
389,6,7,0
9,4,0,0
585,6,4,0
703,1,5,268
708,5,7,22
301,1,1,6
724,3,3,104
637,3,5,30
46,6,5,14
363,3,6,210
509,7,3,0
451,6,5,40
491,3,7,0
128,5,4,7
440,2,1,0
419,5,5,12
527,0,0,0
55,4,6,3
248,3,2,0
352,3,7,37
551,6,7,15
723,6,5,59
24,7,7,3
604,0,4,57
441,0,2,0
68,6,0,0
434,7,6,8
388,6,2,7
551,1,4,40
650,4,3,141
503,1,6,607
446,5,6,8
523,4,3,53
551,0,6,710
360,5,6,284
421,6,7,12
521,4,2,0
205,5,5,48
105,3,6,63
46,0,2,11
339,0,7,75
72,1,6,12
575,5,2,58
589,1,4,44
511,4,6,0
667,7,7,12
100,4,7,6
130,7,2,0
8,3,0,0
463,1,3,27
5,4,3,0
351,2,1,10
584,1,3,10
195,4,0,0
552,3,1,52
219,1,2,8
469,4,2,0
77,1,7,0
475,0,4,69
272,2,3,5
55,0,2,15
691,4,0,0
458,0,5,61
359,3,6,497
53,5,2,0
578,1,2,54
728,1,4,141
199,4,5,5
600,0,0,0
555,5,3,0
441,7,4,0
452,7,4,0
307,3,1,6
160,5,4,4
138,2,0,0
627,3,5,127
503,3,1,14
419,4,3,7
190,2,2,24
548,2,0,0
332,5,6,83
193,7,6,12
152,3,4,23
628,3,2,30
509,3,4,47
525,0,2,114
202,6,6,0
413,2,7,31
258,0,2,22
478,1,4,48
286,1,5,41
365,5,7,22
480,3,1,22
141,6,6,7
580,1,6,54
457,4,1,13
325,1,4,87
516,4,1,15
599,3,1,44
459,0,0,0
590,6,1,0
339,4,6,91
671,6,7,39
15,1,5,153
26,1,4,3
356,2,0,0
82,7,5,32
362,7,4,28
381,1,6,262
668,3,7,153
34,0,3,387
628,3,4,37
359,2,7,125
493,0,7,100
424,0,4,94
218,4,3,26
366,5,1,0
457,4,4,96
416,0,5,12
397,5,0,0
34,3,0,0
359,1,7,222
267,2,2,23
515,6,1,0
124,3,0,0
9,1,1,0
458,0,2,34
254,3,1,5
8,5,3,3
22,5,4,8
128,5,0,0
51,5,2,12
187,3,7,53
570,3,6,293
630,3,4,19
390,1,0,0
515,2,6,9
457,7,4,0
499,4,4,45
496,1,1,8
160,2,0,4
243,5,7,31
592,6,4,0
550,4,6,789
134,2,3,91
515,1,7,0
694,7,3,12
674,6,3,21
379,1,7,107
129,4,1,11
413,7,5,19
562,3,2,0
392,4,2,0
160,7,5,11
493,0,0,28
258,2,5,67
581,0,3,54
366,7,0,0
181,2,7,24
730,6,7,14
114,1,7,27
367,7,1,0
576,7,7,10
89,1,5,209
539,4,0,0
522,5,0,0
411,4,1,0
242,0,1,5
696,6,1,0
49,3,4,21
433,7,0,0
279,7,3,0
472,3,5,130
115,2,5,43
645,4,2,0
257,7,2,9
4,4,5,0
365,3,0,0
507,4,4,61
370,6,6,0
308,2,0,0
97,1,5,40
437,4,1,25
319,4,0,0
186,0,6,12
485,6,3,0
608,3,7,0
259,2,3,53
402,6,5,11
76,5,6,4
219,0,5,34
386,1,0,0
728,6,6,200
547,3,2,31
38,5,3,29
572,0,3,219
412,1,7,51
480,2,0,0
192,2,7,53
469,3,7,34
95,7,4,0
369,6,2,0
207,7,0,0
522,3,6,219
618,7,5,11
728,5,0,0
300,1,5,34
407,4,2,0
147,7,6,0
152,6,6,7
22,1,3,36
385,7,5,11
492,6,0,0
529,1,5,129
276,7,2,0
411,5,4,43
298,0,0,0
227,4,2,0
415,0,5,0
83,6,0,0
526,4,6,486
241,7,3,0
166,1,7,933
547,7,0,0
80,5,4,12
467,1,3,0
516,1,6,15
207,0,7,53
258,4,0,0
307,4,2,0
294,5,7,15
242,3,2,9
330,0,3,42
185,4,4,15
308,2,4,58
414,0,5,24
0,7,5,0
72,4,2,0
81,1,4,294
573,0,5,200
343,2,7,6
46,0,0,14
376,1,2,39
533,5,3,9
7,7,2,0
451,0,6,53
396,0,1,0
470,3,2,13
108,7,4,10
520,5,3,9
36,2,4,149
289,6,6,83
592,5,2,0
27,7,1,0
429,5,1,0
446,3,4,25
710,5,2,0
633,6,5,19
380,0,0,28
184,5,6,7
192,0,3,33
658,1,3,0
333,5,7,57
535,6,3,0
682,0,2,0
311,6,3,6
105,0,4,20
563,2,6,0
421,0,1,7
433,6,1,25
128,1,6,7
464,3,2,0
311,0,6,750
311,3,5,402
464,4,5,13
241,3,7,27
527,1,3,129
598,7,2,0
532,5,2,15
188,6,2,4
555,4,4,142
401,6,6,37
503,0,7,362
393,5,5,0
423,6,2,0
477,4,4,61
699,0,4,203
602,2,2,36
684,7,2,0
407,7,1,0
606,4,3,103
302,0,6,79
382,0,0,0
158,5,5,172
619,7,5,0
203,5,5,8
252,6,0,0
116,5,5,54
200,7,1,0
54,4,1,0
571,2,5,252
115,5,7,17
465,2,2,0
15,3,0,0
149,6,3,0
585,7,1,0
135,7,1,0
587,4,5,0
476,3,7,34
115,0,5,29
641,5,7,37
99,4,3,40
195,3,1,0
177,4,6,4
404,6,7,0
271,0,6,0
597,0,7,274
60,4,5,57
249,6,7,0
596,4,0,0
44,3,5,992
155,4,3,7
93,4,5,136
234,7,2,0
152,7,2,0
259,7,2,0
711,6,0,0
302,0,7,172
103,7,2,0
83,5,3,10
23,7,3,0
108,7,1,0
297,7,5,0
554,4,0,0
377,4,2,0
384,0,4,112
186,6,7,7
585,1,0,0
444,4,6,13
346,0,7,0
89,6,5,26
249,1,3,5
294,2,3,15
86,2,5,310
144,6,1,32
544,6,5,0
561,5,1,0
7,3,6,14
124,0,1,0
346,6,6,0
403,7,2,0
624,5,1,11
476,5,0,0
351,3,1,0
297,0,6,0
556,4,1,0
233,5,1,0
92,5,5,114
499,7,3,8
412,6,6,12
556,5,6,26
688,5,2,0
445,6,1,0
387,6,5,7
463,0,5,0
425,7,2,0
114,5,3,50
661,6,6,20
163,3,5,1434
710,2,3,13
699,1,2,246
117,3,7,6
53,6,2,0
228,7,1,0
80,2,6,12
58,6,7,109
70,7,4,0
576,1,1,10
94,3,3,47
493,5,5,28
114,5,5,46
466,5,2,0
181,6,3,0
517,5,3,0
364,4,3,46
319,2,7,10
2,1,1,0
647,7,5,30
81,2,1,4
89,3,2,16
231,1,1,5
115,6,3,4
313,1,3,42
180,0,1,0
497,6,3,22
654,7,6,0
256,6,0,0
325,0,5,83
378,5,5,68
544,4,2,0
491,6,3,0
184,2,7,34
244,6,2,0
470,6,6,8
147,0,7,4
253,7,2,0
498,3,0,14
279,3,1,9
414,5,7,12
270,6,5,9
639,5,7,60
670,2,0,0
190,0,2,43
278,6,5,88
690,2,2,0
347,0,6,0
497,6,5,72
506,4,7,38
304,6,0,0
348,3,1,0
15,3,2,5
1,4,5,5
448,7,1,0
729,0,7,331
418,4,0,0
492,3,5,0
195,5,0,0
587,7,5,0
428,3,3,51
158,7,7,4
592,4,6,88
396,1,7,7
241,3,5,39
442,0,0,0
110,4,0,0
161,3,0,7
200,0,1,0
288,0,6,6
560,7,5,0
681,2,0,0
140,3,2,11
546,3,6,190
514,4,6,9
352,2,5,125
477,4,7,13
253,3,3,31
592,2,3,203
328,6,4,0
179,2,4,0
434,2,0,8
276,4,1,5
564,4,1,26
621,2,5,139
194,5,3,16
571,6,6,10
607,6,6,11
357,0,7,156
661,1,7,133
65,1,0,0
325,5,6,20
391,3,6,0
450,1,2,53
53,0,1,0
302,2,0,0
269,2,4,5
433,6,6,20
236,4,0,8
463,1,5,0
664,2,4,172
510,7,3,0
432,5,3,33
508,0,4,76
336,4,6,480
300,6,4,19
293,3,4,58
151,6,6,0
28,7,5,0
722,3,0,0
588,4,5,17
590,4,4,122
456,0,3,69
706,1,0,0
362,2,2,57
63,7,0,0
157,5,6,117
516,6,3,0
314,3,5,129
34,5,3,14
484,1,5,28
562,5,7,16
372,0,0,7
680,2,2,0
295,6,2,0
579,3,2,10
283,5,0,0
463,5,5,13
489,6,0,0
689,4,7,0
137,2,5,432
378,5,1,0
515,7,4,0
465,5,7,0
643,3,7,37
138,3,4,74
178,0,1,0
638,7,3,0
423,6,5,51
135,0,3,109
38,5,1,0
561,2,2,0
593,6,2,17
390,5,3,18
603,0,0,11
562,5,0,0
588,5,7,61
74,0,5,35
589,0,7,54
701,1,7,268
315,4,1,32
580,7,0,0
139,7,2,0
144,1,1,0
39,4,7,77
223,7,0,0
216,7,0,0
641,3,0,0
438,0,7,8
613,7,0,0
253,1,0,0
61,6,6,6
170,4,3,0
603,7,5,11
57,3,7,177
18,7,2,0
510,6,1,0
281,2,2,14
468,6,3,0
78,0,1,0
704,2,1,13
623,6,4,28
48,6,3,0
380,5,1,7
365,0,1,0
216,3,5,64
389,7,5,18
697,1,2,134
557,2,6,94
373,0,0,22
375,2,4,199
450,3,0,13
640,3,1,0
695,2,4,140
560,4,6,0
141,7,4,13
119,3,0,0
135,2,2,70
414,0,1,7
493,6,4,8
656,4,3,20
414,2,0,0
375,3,7,96
604,2,1,28
434,2,4,66
522,0,7,161
172,1,6,12
191,7,2,0
295,6,3,0
534,0,2,80
550,6,4,25
468,7,3,0
5,5,7,0
533,5,0,0
599,3,2,71
608,7,7,0
363,5,3,17
111,5,0,0
118,0,0,6
61,3,6,75
280,2,4,14
268,4,7,18
328,5,5,83
47,3,6,63
616,5,2,0
611,4,0,0
527,0,5,746
498,0,6,145
576,0,0,17
75,7,5,0
719,2,1,0
240,4,0,0
222,1,1,0
437,3,4,25
77,7,3,0
217,7,1,0
672,7,2,0
419,3,6,12
152,3,2,117
580,7,4,0
426,4,7,125
257,3,7,22
302,2,4,324
498,2,3,59
400,5,2,0
77,4,1,0
594,5,1,0
89,1,1,22
617,5,0,18
274,5,6,0
157,5,1,0
266,3,3,32
459,5,2,0
688,4,3,41
81,1,5,211
196,1,5,20
657,7,6,82
308,6,5,9
675,5,7,41
653,0,1,12
137,3,4,83
269,4,7,9
625,4,5,116
300,3,4,25
397,0,5,119
647,0,7,134
519,5,1,0
590,2,7,247
40,7,5,9
320,6,3,0
381,0,6,585
325,1,2,170
460,7,7,42
222,6,7,0
710,3,4,0
387,0,0,0
502,5,3,0
162,4,4,37
594,6,5,88
232,6,7,34
89,2,1,32
68,1,3,222
668,7,0,0
697,7,2,0
620,2,3,36
409,1,6,445
97,6,2,4
652,5,5,39
536,1,7,9
520,0,0,9
47,3,0,0
347,3,0,0
396,4,1,11
583,7,5,0
425,1,1,7
596,2,2,44
269,6,7,29
63,0,3,64
574,7,7,10
150,3,1,0
727,3,7,626
588,4,6,27
81,3,5,35
666,2,2,133
305,6,3,0
526,1,3,76
149,0,6,0
403,3,3,60
354,2,4,108
282,5,0,0
628,6,7,11
213,7,2,5
678,0,2,12
462,3,3,27
622,5,5,149
654,0,5,12
495,2,3,167
682,6,6,0
53,0,5,0
309,7,7,6
509,1,4,15
205,3,0,0
567,7,7,16
314,5,0,0
177,4,5,0
366,6,3,7
72,0,1,0
114,7,5,0
359,4,4,21
571,1,5,177
615,2,0,0
273,5,2,0
242,5,6,5
719,6,7,35
718,5,7,125
335,0,4,139
466,6,7,0
397,1,3,126
177,0,7,4
440,4,2,0
711,5,4,0
524,5,3,38
316,6,4,10
678,7,3,0
701,6,1,0
705,7,4,0
506,3,6,137
222,0,2,5
46,5,2,9
232,0,4,0
228,0,0,0
636,3,2,0
539,3,3,0
325,7,3,0
591,1,6,132
716,4,6,69
127,0,6,0
552,4,1,26
278,7,3,0
46,7,1,0
453,5,3,8
567,0,0,0
424,6,6,39
388,2,6,89
176,7,2,0
350,7,2,0
170,0,1,0
372,3,4,7
486,4,3,100
416,3,6,7
428,7,1,0
619,2,4,149
728,4,4,663
274,3,0,0
454,1,0,0
312,6,3,0
161,2,4,106
368,5,7,0
474,4,5,77
435,0,5,73
676,1,4,66
487,2,2,0
353,7,4,10
563,7,3,0
521,0,5,167
393,7,2,0
591,7,7,0
588,6,1,0
676,3,4,74
2,1,4,3
184,0,4,15
231,1,2,16
113,6,1,0
406,0,0,18
140,5,1,0
142,7,3,0
298,2,0,0
161,6,6,41
428,1,3,82
85,7,5,4
140,0,7,222
599,5,3,61
661,5,3,12
334,1,4,51
672,2,7,181
326,7,4,0
139,4,3,91
378,2,6,199
554,4,4,84
722,2,0,36
487,0,7,8
357,4,5,129
21,4,1,8
203,3,3,25
669,7,4,0
264,1,3,163
532,7,4,31
593,5,3,17
385,7,3,0
591,5,5,54
520,4,6,91
154,4,0,0
632,2,3,0
74,7,7,0
195,6,3,0
271,0,2,0
286,0,1,9
320,6,7,6
515,2,5,0
384,1,2,112
240,1,3,103
422,5,4,51
63,3,5,406
320,3,0,0
315,1,7,83
497,1,0,8
147,4,6,4
13,4,4,82
385,2,3,101
438,1,7,45
481,7,2,0
119,4,3,50
99,5,5,6
47,4,0,0
536,6,7,0
441,1,7,20
226,7,2,0
560,4,7,52
170,6,2,0
680,0,7,12
719,4,6,259
313,7,6,32
362,6,2,0
117,0,1,4
94,0,3,57
668,4,2,12
493,0,2,109
207,7,7,5
718,6,1,13
186,7,3,4
367,6,1,0
164,5,2,11
578,5,1,0
167,5,7,4
541,4,5,71
342,4,4,0
407,1,6,1096
289,3,3,43
25,3,3,23
658,0,0,0
547,7,2,0
356,3,7,10
599,1,6,149
293,1,2,9
155,7,7,0
133,3,3,70
695,2,3,148
84,2,5,357
562,3,1,0
19,4,0,14
450,0,7,53
34,7,5,6
479,0,1,13
440,6,0,0
131,1,4,307
519,7,5,0
661,0,4,20
466,4,2,0
475,6,4,0
133,4,4,17
266,3,6,32
416,3,3,7
491,5,2,0
500,3,2,14
50,1,3,19
465,4,0,0
366,0,0,0
541,0,2,25
177,7,0,0
562,1,1,0
496,5,5,50
133,0,1,11
348,5,2,0
684,6,2,0
490,2,6,0
684,7,5,0
386,1,5,167
565,5,4,16
280,7,7,0
642,6,6,11
142,0,5,213
50,0,7,6
155,6,6,4
725,4,0,0
263,0,1,0
85,7,3,60
505,4,1,0
12,4,2,0
585,1,6,0
458,2,3,42
606,3,6,139
199,1,0,0
567,0,4,194
427,4,3,31
321,1,3,0
8,0,5,24
59,5,5,162
306,5,2,6
646,5,4,30
616,4,3,18
179,0,3,4
254,2,5,62
27,7,3,0
720,2,7,95
607,2,4,28
655,2,6,12
443,3,2,0
118,6,2,4
560,3,3,10
137,6,0,0
728,5,1,163
439,5,3,8
689,6,1,0
236,6,7,0
49,1,6,15
315,4,4,20
698,7,6,35
720,6,2,36
591,4,7,318
207,0,6,88
328,7,6,26
84,4,6,120
51,1,7,3
279,7,2,0
558,5,5,10
13,5,0,0
3,3,6,3
700,6,7,43
727,7,0,0
237,4,7,21
624,4,4,164
334,7,7,26
39,4,2,0
416,3,7,7
591,7,0,0
179,2,2,4
711,5,7,0
85,6,5,10
421,1,0,0
407,5,0,0
458,0,3,90
346,5,1,0
68,5,2,3
226,6,0,0
697,5,5,125
108,2,6,4
200,6,2,0
272,2,2,5
286,1,4,29
220,2,2,5
323,1,2,0
259,6,1,0
394,2,2,0
516,5,1,0
216,7,4,5
323,7,0,0
236,3,3,34
104,7,7,0
282,3,2,9
439,1,7,8
295,2,7,15
318,1,1,0
116,7,6,4
721,2,3,200
384,6,2,0
393,4,0,0
347,2,1,0
485,4,0,0
184,0,0,0
257,0,3,44
233,5,3,0
63,3,4,150
269,3,7,9
178,7,3,0
522,6,2,9
398,4,3,18
465,2,3,8
230,6,5,16
415,5,0,0
437,1,0,0
191,6,3,4
225,5,2,8
491,2,2,0
448,1,1,8
156,0,5,197
349,4,6,37
93,3,2,26
293,4,2,0
162,5,1,0
166,1,2,23
524,5,7,91
11,6,7,3
20,7,6,85
626,5,0,0
271,2,1,0
28,2,6,3
702,5,1,0
258,7,7,9
160,3,2,30
36,7,3,0
123,3,6,7
491,3,3,14
45,3,4,23
45,4,7,9
273,4,3,29
435,3,2,13
391,7,7,0
210,1,6,121
100,1,4,0
262,7,4,39
601,6,1,28
409,6,1,0
469,6,6,0
343,6,3,17
471,7,5,0
552,1,4,42
247,6,1,5
407,0,7,507
168,1,5,103
654,1,4,20
674,2,5,288
194,5,5,48
151,5,7,0
368,1,0,0
86,1,2,190
675,1,4,0
181,5,3,0
141,4,2,0
575,5,1,0
74,2,5,38
634,7,3,0
558,3,7,16
243,2,3,17
153,5,3,4
215,0,6,96
673,6,5,12
503,1,4,36
451,0,4,20
358,2,0,0
126,7,1,0
235,7,6,0
47,3,7,23
391,6,5,0
98,2,2,4
284,4,6,47
421,6,5,7
92,2,7,132
647,2,1,0
89,4,2,0
326,5,1,0
370,7,3,0
263,6,4,17
483,4,7,8
584,0,2,17
447,2,6,25
258,0,3,31
349,4,4,48
470,2,5,125
403,6,3,96
572,0,4,100
106,2,3,4
231,2,1,0
688,0,5,235
111,7,3,6
596,3,7,105
322,2,6,0
193,1,5,25
179,7,7,0
238,3,3,42
70,3,1,3
574,3,7,116
347,5,4,10
544,2,7,89
296,4,4,0
202,1,1,12
350,1,6,125
23,0,6,49
55,0,1,0
210,5,6,247
130,7,7,0
351,1,3,216
558,3,3,16
197,2,7,5
504,1,7,257
687,1,0,0
391,3,3,18
389,0,3,41
488,7,6,0
361,1,6,886
330,2,1,16
133,4,6,98
11,0,4,188
181,6,0,0
644,7,6,19
465,6,1,0
506,7,0,0
551,4,6,375
232,5,1,5
610,0,7,0
149,2,6,0
703,7,4,13
131,3,1,13
257,7,1,0
729,7,5,73
208,4,4,40
180,7,0,0
267,0,7,47
83,7,0,0
292,7,4,0
16,2,6,200
467,3,3,8
480,1,5,245
5,7,1,0
614,2,5,82
241,6,0,0
726,5,4,531
638,6,4,0
639,3,0,0
588,0,2,27
396,6,5,0
513,6,3,0
717,6,2,0
70,3,4,30
320,7,3,0
82,7,6,12
676,1,0,0
522,1,7,114
262,1,5,80
322,4,4,6
577,3,5,494
119,2,2,17
222,0,0,0
531,5,5,49
219,0,1,5
538,7,5,0
371,6,7,0
325,2,4,83
29,4,6,0
270,6,3,0
58,2,3,207
339,4,7,17
88,0,3,107
267,0,1,5
221,5,3,0
249,6,3,5
195,4,7,33
284,3,5,9
650,7,3,12
197,4,1,5
372,7,3,0
633,6,2,0
44,5,3,0
351,3,4,108
551,1,6,878
450,7,5,20
286,4,5,38
670,5,5,235
153,4,6,30
441,3,2,0
303,5,1,0
409,3,7,106
534,6,7,0
458,2,6,69
310,0,1,6
252,7,1,0
146,2,2,14
581,6,0,0
139,3,1,4
599,6,5,17
276,3,4,5
508,0,7,53
344,4,2,0
146,4,1,0
156,3,6,117
252,6,5,17
248,4,3,5
48,5,7,9
211,6,7,61
659,7,7,0
321,4,5,10
441,4,1,0
8,5,1,22
237,1,7,90
705,2,3,246
105,0,1,4
512,1,6,0
396,5,7,48
183,4,6,15
194,7,7,8
205,4,1,16
592,5,0,0
631,1,4,0
387,0,2,41
5,5,0,0
728,4,0,0
182,4,7,31
431,3,4,118
483,5,6,22
647,2,4,194
74,6,4,0
615,3,0,0
159,4,7,96
226,7,0,0
449,1,1,0
383,0,6,1067
165,1,0,4
708,7,2,0
341,2,4,37
700,6,1,0
312,3,5,422
692,3,4,0
426,2,3,55
249,7,7,0
544,4,3,31
46,1,4,11
301,3,3,368
277,3,5,14
622,1,6,57
541,4,3,9
301,6,6,196
102,0,2,0
624,2,1,0
547,0,4,144
458,2,7,61
152,0,3,44
564,5,5,16
220,3,1,5
467,4,5,0
406,0,4,96
481,3,3,50
578,0,6,237
206,3,7,68
451,2,1,0
53,6,6,6
110,3,4,37
291,6,3,0
720,5,7,163
457,2,2,27
656,7,0,0
214,5,2,0
605,5,7,46
418,7,5,0
531,6,1,9
247,3,4,5
258,0,1,14
100,3,1,0
122,6,3,0
710,6,6,0
112,5,2,0
617,3,0,0
238,7,1,0
400,5,1,0
70,2,2,27
722,1,0,0
169,7,6,15
713,2,7,13
534,7,6,25
117,2,1,13
645,2,0,0
293,3,1,30
692,2,7,0
680,5,6,0
38,7,1,0
148,2,7,0
67,7,5,15
118,2,2,40
467,6,0,0
226,7,3,0
694,2,2,74
649,3,1,0
718,1,3,212
37,2,5,172
603,7,1,0
328,5,1,0
205,0,4,48
28,4,5,0
381,5,4,28
723,3,2,36
385,1,0,0
601,4,4,139
352,7,6,0
629,0,6,49
582,4,7,17
246,3,5,0
304,0,0,19
441,2,6,33
387,4,6,89
256,4,2,0
538,4,5,15
408,0,1,24
160,3,6,955
417,1,2,0
360,6,2,0
103,0,0,0
648,7,3,0
428,4,7,43
408,5,1,0
241,5,1,0
353,6,2,0
149,2,0,0
403,5,7,11
185,2,4,34
680,0,3,21
724,5,4,36
363,1,4,92
484,7,6,14
647,1,6,127
599,5,4,44
6,4,7,0
201,3,7,5
135,1,1,4
719,7,3,0
128,2,5,28
480,6,7,72
425,3,3,31
57,3,0,0
350,4,6,102
463,6,1,0
100,7,4,0
214,0,0,5
29,3,4,0
716,5,0,0
46,6,4,3
238,3,4,59
589,7,1,0
660,7,5,12
102,4,4,0
343,1,2,6
259,1,6,31
19,3,6,865
600,7,1,0
724,2,1,14
549,6,4,0
481,6,2,14
130,5,1,0
460,4,1,21
477,2,1,0
352,6,2,0
413,3,2,12
271,0,7,0
136,1,0,0
201,1,3,8
194,7,3,0
122,1,0,0
107,1,6,13
717,5,7,43
264,2,3,47
354,0,5,81
708,0,1,13
339,3,3,81
338,0,1,6
533,3,4,71
462,1,1,8
494,0,7,100
235,4,7,16
391,2,4,18
303,2,6,64
705,6,6,22
303,3,5,34
60,5,3,15
191,7,7,4
236,2,2,21
32,4,1,9
246,0,3,0
89,1,4,28
183,5,2,7
585,6,1,0
402,6,4,11
705,7,6,13
463,0,7,8
340,0,0,6
217,4,5,29
262,1,0,5
35,5,5,195
389,5,2,0
63,5,3,21
368,6,5,0
659,6,0,0
431,3,5,219
719,4,5,225
176,3,7,4
76,1,0,0
390,0,7,11
190,6,3,0
64,5,2,3
638,7,6,0
433,6,3,20
155,1,2,37
70,5,6,54
699,3,0,0
657,5,6,0
29,7,6,0
18,5,1,3
118,4,0,4
378,3,1,11
471,4,5,82
407,0,4,261
356,6,4,10
59,7,1,0
431,0,0,12
399,6,3,41
296,1,4,0
689,6,3,0
455,7,6,13
619,7,4,28
609,2,5,0
730,3,1,45
515,0,2,9
195,7,5,5
208,1,4,68
510,4,5,15
716,3,4,268
681,7,4,0
237,2,5,55
492,2,3,64
41,6,0,0
580,3,1,27
683,7,5,0
180,4,7,4
587,0,4,10
536,2,7,0
234,6,7,13
9,0,7,169
607,7,4,0
21,1,4,65
621,7,6,0
143,1,5,74
390,0,5,7
281,4,4,52
392,5,4,7
174,3,4,0
406,3,3,23
451,0,3,40
186,1,5,24
400,7,1,0
406,0,7,507
579,7,0,0
473,6,4,111
584,6,6,0
533,0,7,80
478,4,2,0
374,3,7,28
143,7,6,4
556,2,6,142
20,2,5,959
284,1,2,5
590,5,5,254
406,7,7,41
73,6,7,16
555,7,3,0
500,4,1,8
148,0,0,0
398,2,2,78
556,3,3,42
361,1,4,148
683,2,1,0
137,4,4,42
697,6,7,471
677,0,3,33
337,2,4,125
7,0,4,3
425,5,7,55
23,2,6,55
181,7,7,4
329,7,2,32
637,6,2,0
306,6,6,6
424,3,2,24
316,5,7,20
155,0,4,51
179,7,2,0
580,1,7,88
150,3,4,7
459,3,1,13
128,4,3,7
219,5,2,5
327,6,4,6
115,4,4,33
686,0,6,0
299,2,0,0
154,3,3,59
506,7,5,29
394,4,5,7
176,2,6,0
638,5,4,19
563,0,6,0
693,3,7,107
718,7,5,0
245,5,6,5
72,2,5,38
23,5,6,17
646,0,4,127
25,1,3,34
220,1,4,5
515,3,3,9
347,5,5,6
110,2,6,54
698,2,0,0
32,5,6,14
515,4,4,0
413,4,7,24
55,6,2,0
440,6,2,0
124,2,6,4
609,4,2,0
676,5,3,0
140,2,0,0
418,4,7,0
204,6,7,28
179,2,7,0
315,5,2,0
479,1,7,111
215,4,5,65
296,0,2,9
304,5,5,117
206,4,0,0
152,1,5,55
647,7,0,0
163,7,1,0
255,6,6,67
157,7,4,11
351,2,5,114
284,7,2,0
241,2,7,58
444,6,2,0
10,0,3,642
491,1,2,8
47,2,4,32
498,0,1,14
374,4,2,0
544,4,4,71
720,1,4,163
187,4,2,0
616,3,3,75
633,1,2,11
426,0,1,12
542,0,6,104
336,7,4,10
100,2,6,6
719,5,1,0
165,1,7,398
139,4,7,70
3,3,0,0
711,4,5,0
280,1,6,29
435,2,3,111
387,5,6,18
629,0,3,86
581,3,3,34
282,7,5,5
463,5,3,0
67,3,0,0
647,5,0,0
246,4,0,0
495,3,2,22
511,0,7,9
490,3,4,8
570,1,2,58
694,7,1,0
184,1,4,7
176,3,6,19
181,1,2,4
675,4,7,86
168,4,7,19
464,7,6,0
682,7,1,0
658,3,4,20
251,3,6,31
214,7,0,0
64,1,4,75
404,6,1,0
447,2,1,0
398,7,1,0
298,4,1,0
290,0,1,0
80,2,5,16
121,0,1,0
512,1,1,0
3,4,2,0
303,1,7,113
235,7,2,0
503,1,0,8
145,1,2,11
160,7,1,0
595,3,3,105
656,2,0,0
558,1,7,16
432,3,0,0
476,1,7,117
330,2,5,119
11,5,3,0
513,7,3,0
12,1,7,114
570,2,6,177
441,4,4,0
216,6,2,0
386,6,7,18
505,1,6,199
18,0,6,565
578,5,3,0
176,7,6,0
432,6,3,13
75,1,6,0
608,7,1,0
251,1,7,5
410,7,7,0
74,5,6,0
574,2,1,10
22,4,4,36
193,1,3,61
347,4,5,17
660,2,3,141
471,1,4,96
50,7,4,6
677,0,0,21
219,2,3,8
727,5,4,531
294,7,0,0
593,3,2,10
564,5,3,16
26,5,7,0
413,3,5,132
214,2,1,0
449,2,4,78
173,6,5,0
631,7,5,0
91,3,6,275
626,4,6,108
724,0,4,272
574,4,1,26
693,2,4,300
58,2,5,355
91,0,0,10
540,4,1,9
415,4,7,7
71,3,4,12
307,1,6,147
574,2,4,303
498,1,2,86
650,2,0,0
113,0,2,29
369,5,0,0
634,4,2,0
420,4,0,0
463,3,7,8
658,6,3,0
67,0,6,1243
179,3,6,27
639,0,0,0
177,5,5,0
408,2,1,7
292,6,5,34
175,4,3,4
85,3,0,12
721,6,6,132
509,2,7,38
402,7,2,0
195,2,5,25
630,0,1,0
410,3,7,51
33,1,4,301
34,1,7,923
715,5,1,0
71,2,5,117
136,4,4,48
469,5,3,8
712,0,5,13
57,0,0,3
383,5,6,557
226,5,1,0
278,2,5,47
535,1,3,25
50,6,2,0
417,4,4,0
503,3,4,117
257,4,6,111
159,4,5,245
604,4,1,11
327,4,7,67
43,7,2,3
314,4,5,71
121,5,2,0
515,5,5,0
258,4,2,0
730,7,3,14
246,1,6,14
525,4,7,295
20,2,7,306
331,6,0,0
84,6,1,0
633,7,7,0
639,2,6,37
145,3,3,18
279,2,1,0
705,1,7,156
331,0,1,6
380,2,5,181
10,6,2,0
263,4,3,62
308,6,2,0
227,6,1,0
672,6,1,0
4,3,4,0
461,4,7,21
443,7,6,0
585,1,2,17
228,7,4,0
266,1,6,18
159,2,5,187
393,7,7,0
396,2,5,30
252,2,1,0
536,3,0,0
93,6,0,0
463,3,3,21
231,5,4,0
210,4,1,16
252,6,4,0
343,2,5,0
400,5,5,66
193,6,5,48
284,3,7,32
155,3,2,11
249,6,1,0
390,5,5,7
431,3,3,87
713,7,4,0
267,7,6,9
350,1,7,75
271,7,3,0
555,1,1,16
2,6,4,0
183,5,0,0
421,1,3,101
162,0,6,249
489,0,5,0
374,0,5,131
412,0,7,63
337,4,3,44
86,3,6,863
85,0,1,4
308,2,5,113
721,3,6,427
484,4,2,8
709,2,4,0
104,6,4,4
686,4,4,0
476,2,3,241
206,0,6,109
474,5,6,42
334,4,5,180
251,7,3,0
685,0,2,309
520,1,5,281
599,3,7,88
243,3,3,22
658,7,0,0
202,5,7,0
495,5,3,22
486,6,7,0
357,3,2,21
37,6,2,9
264,1,1,14
663,3,1,20
336,5,2,0
13,3,3,90
505,0,6,342
673,7,6,41
292,6,4,15
535,7,6,0
284,5,3,5
471,2,3,324
152,5,4,4
367,1,2,0
693,3,3,202
381,1,0,7
343,1,0,0
530,7,2,0
580,0,2,61
610,6,4,0
197,1,4,0
517,5,1,0
14,1,5,58
225,0,6,5
10,3,0,3
468,2,2,21
20,5,4,33
580,5,2,10
358,6,6,152
42,6,1,0
643,6,0,0
55,1,4,3
379,6,0,0
285,0,7,47
499,3,6,312
554,1,2,26
564,7,3,0
120,1,5,17
222,2,4,5
18,1,3,55
221,2,2,8
15,6,0,0
223,4,0,0
267,0,4,14
648,5,7,141
364,4,0,0
436,5,0,0
361,7,4,7
10,7,0,0
182,0,2,43
49,1,1,0
677,3,0,0
452,2,6,40
179,1,1,0
533,6,1,0
650,0,3,153
161,1,4,44
108,5,3,0
159,2,4,98
352,5,5,33
374,6,7,11
252,2,7,0
137,6,3,129
656,0,3,12
617,1,3,46
359,5,4,64
481,0,2,36
391,6,7,0
723,2,0,0
252,6,7,17
147,2,3,11
2,2,6,3
383,1,4,114
481,3,2,8
457,0,5,56
526,4,3,76
177,5,4,0
385,0,4,66
371,2,0,0
414,1,4,7
403,2,1,0
484,7,2,0
141,6,4,7
729,3,3,141
390,6,2,0
448,3,2,0
200,0,6,0
540,6,5,9
400,6,3,66
589,4,1,10
207,5,7,5
245,2,3,14
328,3,5,135
715,2,2,134
512,5,2,0
615,4,2,0
61,7,6,0
356,1,1,6
121,2,7,24
667,5,1,20
104,2,2,6
517,3,1,9
561,4,4,10
711,4,4,0
622,0,5,28
708,7,6,0
436,6,2,13
104,1,7,13
706,1,5,56
62,0,4,105
619,4,5,149
227,2,5,8
717,7,4,22
483,3,1,0
537,4,4,0
406,7,2,0
273,5,1,0
332,0,4,109
498,5,6,100
495,0,7,81
140,3,5,895
672,2,5,630
495,0,4,100
107,5,5,4
438,2,3,20
372,3,6,28
400,0,3,101
193,2,1,0
129,6,1,0
203,7,1,0
115,1,2,112
17,5,2,5
589,1,7,78
125,0,1,0
633,4,2,0
204,0,5,28
563,4,3,0
695,7,5,0
610,1,2,0
371,1,2,0
335,5,6,350
11,3,1,5
273,0,5,9
576,0,4,318
388,5,7,11
192,1,4,8
10,5,0,0
726,7,7,45
356,6,5,10
655,0,2,31
673,0,3,74
446,1,6,25
687,0,4,0
272,3,7,14
144,4,6,32
508,7,4,9
284,1,0,5
280,1,1,0
179,3,7,0
613,5,1,0
368,7,0,0
211,5,1,0
731,1,4,73
18,4,3,77
86,6,7,10
581,2,2,27
283,2,7,18
259,5,4,17
407,2,4,108
40,7,2,0
729,4,4,132
455,6,5,8
236,6,3,13
685,6,1,0
112,4,3,10
618,0,5,92
356,4,6,81
275,4,1,5
435,1,6,91
10,3,4,208
548,1,1,0
47,6,6,18
240,0,1,17
181,4,7,4
64,1,0,0
422,1,6,63
135,1,4,21
704,5,3,35
260,3,1,9
182,5,3,4
482,2,5,203
360,5,1,0
497,3,0,0
200,7,7,0
706,0,6,134
140,7,7,7
549,2,4,160
261,2,7,62
162,2,5,224
115,2,3,66
91,2,3,67
247,1,7,0
262,1,4,58
33,4,1,80
260,6,1,0
101,2,5,6
36,6,4,18
236,7,0,0
171,2,6,0
268,4,5,14
370,7,0,0
409,1,2,101
359,1,0,0
473,7,0,0
128,0,4,17
643,5,6,86
599,1,0,10
493,7,5,8
264,5,4,14
608,2,3,28
383,2,3,170
715,1,3,303
190,1,5,81
218,3,4,8
615,5,4,11
422,5,2,0
515,2,0,0
403,1,2,126
239,5,2,0
434,7,4,25
124,6,2,0
527,6,3,15
531,3,6,224
67,5,1,0
369,0,1,0
695,1,3,193
651,6,6,12
720,4,5,141
338,2,2,87
506,1,4,47
554,0,3,94
564,0,1,0
596,1,6,203
110,7,6,4
410,7,4,12
528,6,2,9
156,6,1,0
295,0,0,9
710,7,1,0
461,4,6,56
727,1,5,1629
642,1,0,0
454,4,6,33
493,3,0,0
248,0,2,0
267,2,5,29
480,7,3,0
583,7,6,54
451,2,4,53
16,7,0,0
330,7,6,0
272,0,4,0
230,1,0,0
184,3,0,7
679,3,5,21
700,4,3,56
451,6,4,13
612,2,7,0
370,2,0,0
55,4,7,3
355,2,5,102
724,6,4,45
457,3,0,8
16,1,4,19
92,2,3,53
676,1,2,41
225,4,6,5
81,6,3,0
218,5,5,21
456,6,4,77
213,5,3,25
335,3,7,42
357,4,7,71
425,7,6,7
565,2,7,126
239,3,5,47
512,6,4,0
573,1,3,184
664,2,0,0
538,7,1,0
461,0,5,27
276,6,5,23
509,3,0,0
400,7,7,0
652,6,6,39
21,6,5,11
78,4,0,0
84,5,2,0
442,1,4,8
704,1,3,125
379,4,5,148
122,2,6,11
401,6,1,0
662,3,5,223
158,3,0,0
662,6,3,0
640,3,5,67
363,6,7,17
178,0,0,0
668,2,6,427
449,1,2,66
117,7,7,23
631,5,0,0
727,0,1,45
582,3,5,71
88,6,3,16
598,5,2,10
384,0,6,704
494,7,4,8
604,5,6,28
595,2,7,105
375,6,6,0
417,5,2,0
264,5,0,0
290,4,4,0
354,7,2,0
419,3,0,0
253,5,5,27
133,1,4,39
409,4,7,195
726,2,5,3503
269,5,1,0
424,5,1,0
514,0,0,0
624,5,2,11
160,3,1,14
680,2,1,0
689,2,7,0
105,0,7,10
238,1,1,0
360,3,3,114
415,0,4,24
437,6,2,13
353,5,3,17
655,3,4,39
690,1,4,0
672,1,3,161
664,6,6,20
395,0,5,0
707,6,6,13
178,6,5,0
623,7,3,0
537,2,6,0
109,4,2,0
536,1,0,0
319,6,0,0
214,5,5,105
474,7,7,8
385,3,3,30
456,6,7,69
352,1,6,114
569,5,6,32
665,6,5,63
321,7,6,0
175,3,4,12
291,5,2,0
29,6,6,0
532,1,5,65
568,2,2,52
181,5,5,24
614,5,2,0
671,6,6,39
166,7,2,0
340,1,1,10
117,3,6,50
37,0,2,138
509,1,7,38
258,3,7,9
464,7,3,0
705,6,0,0
292,5,0,0
689,7,7,0
709,5,5,43
449,6,2,0
693,0,7,247
188,0,5,27
59,3,4,66
156,0,1,0
50,6,1,0
130,7,3,0
181,5,2,0
110,6,4,4
382,2,0,7
511,7,5,0
195,3,0,0
682,1,1,0
55,0,0,6
310,0,5,206
397,7,4,0
581,6,2,0
107,7,7,0
648,4,6,102
15,7,5,11
397,1,7,48
235,0,4,5
363,3,0,0
384,3,3,53
62,6,5,12
499,0,4,64
505,7,6,9
705,2,4,112
62,5,2,0
650,6,6,0
268,2,1,0
216,6,5,26
75,3,4,0
317,3,7,36
485,4,6,64
666,6,6,12
549,3,6,470
549,2,7,80
570,6,5,32
405,5,5,78
137,5,0,0
681,3,4,12
329,5,6,93
508,6,5,9
356,6,3,0
391,4,2,0
101,3,3,4
34,6,3,3
542,3,4,104
48,3,0,0
287,4,7,38
266,3,1,0
544,3,4,95
390,0,1,0
117,3,0,0
674,0,6,300
666,7,6,12
444,4,5,13
709,1,4,22
120,6,1,0
561,3,6,10
192,7,4,20
494,0,2,59
80,6,7,10
539,4,4,15
547,5,7,80
526,1,7,176
639,3,1,0
276,4,2,0
146,7,6,7
228,1,4,0
626,0,2,78
372,3,2,46
87,6,5,57
219,3,7,21
466,4,0,0
237,5,5,21
317,1,3,20
148,7,7,0
690,0,6,0
577,5,3,0
62,4,5,81
467,7,1,0
74,0,1,6
149,2,2,0
714,5,0,0
178,0,5,4
335,5,3,20
584,4,7,0
179,6,5,0
81,0,4,73
484,4,6,95
464,5,5,8
95,2,4,41
364,4,1,22
613,5,5,28
389,4,0,0
81,4,0,0
590,7,1,0
729,2,0,0
7,1,2,3
516,0,2,15
81,6,7,0
514,7,6,0
111,2,0,0
613,3,7,18
290,7,6,0
509,1,6,29
333,5,2,0
308,7,0,0
274,6,7,5
407,4,0,0
28,3,5,0
593,0,3,159
66,6,6,15
539,1,7,0
532,3,7,95
193,0,4,20
560,4,5,16
238,6,4,5
359,2,4,125
205,5,3,0
607,3,4,0
680,6,7,0
75,6,4,0
672,3,6,642
352,5,3,10
586,4,1,0
349,3,7,44
390,3,2,18
211,2,4,68
587,0,5,0
298,0,5,0
476,1,5,302
654,0,7,20
408,5,7,87
650,2,4,51
609,1,4,11
301,4,6,9
58,7,1,0
290,7,1,0
626,4,4,86
114,4,5,33
465,4,1,0
450,5,5,8
26,7,0,0
184,4,2,0
512,4,3,23
533,1,4,15
162,6,4,0
402,2,5,172
598,2,1,34
364,5,3,7
82,5,5,184
176,0,7,0
404,0,2,23
228,1,6,5
343,2,6,48
474,2,1,0
264,6,4,29
254,5,4,111
175,1,7,15
144,2,3,37
12,5,1,0
8,6,1,0
525,5,4,61
506,3,0,9
688,0,1,0
166,1,6,853
573,5,6,419
623,5,4,82
715,6,6,35
295,1,2,6
456,5,5,90
192,0,6,33
527,0,7,199
124,6,3,0
698,1,0,22
21,1,1,5
119,7,0,0
199,3,2,0
223,4,7,0
315,5,6,0
577,7,4,0
223,6,1,0
54,6,4,0
671,4,7,122
448,0,4,25
258,7,2,0
554,2,0,0
212,5,2,12
493,3,7,50
116,6,4,0
80,1,4,19
292,0,6,43
694,3,5,255
728,0,0,59
458,3,3,96
62,6,0,0
297,2,6,0
96,4,6,20
526,5,3,129
529,1,3,71
277,0,7,14
439,1,6,0
300,4,1,6
289,5,4,15
397,3,4,112
314,1,3,57
435,7,1,0
449,0,6,58
131,5,5,59
710,5,3,0
299,3,3,83
213,5,2,12
300,1,4,34
346,1,7,0
334,5,6,170
561,6,5,0
634,6,0,0
573,2,5,200
173,7,7,4
81,6,1,0
462,6,0,0
499,6,0,0
440,0,4,0
427,6,6,7
631,2,6,11
194,3,0,0
332,7,0,0
539,5,4,0
432,2,5,119
68,0,0,9
616,4,4,46
704,7,5,22
171,0,6,0
478,0,1,61
707,4,2,13
502,7,4,8
347,7,4,0
123,5,5,4
674,2,6,354
323,4,6,6
35,6,2,0
30,0,2,0
723,0,5,812
99,0,4,0
448,3,7,58
188,5,0,0
48,3,5,69
214,0,5,93
255,2,3,94
629,4,1,0
709,4,7,0
61,1,3,192
517,0,5,47
125,3,7,0
67,2,3,147
506,4,0,0
593,4,0,17
580,5,6,27
465,0,4,0
286,1,0,0
229,5,7,5
51,6,7,0
99,4,6,0
686,0,4,0
264,0,7,75
371,3,1,0
455,0,2,20
486,0,2,8
336,3,4,102
208,1,3,149
630,4,7,60
449,7,4,8
611,2,4,11
178,7,7,0
207,6,6,16
191,2,6,50
127,7,2,0
295,0,1,0
607,3,6,57
139,5,0,0
96,2,5,46
311,4,1,15
285,5,3,5
558,3,1,0
330,6,0,0
128,5,2,0
334,3,2,10
217,4,1,0
677,7,2,0
536,4,4,0
698,2,1,0
627,0,6,60
82,5,6,89
552,1,1,10
277,0,2,0
309,6,2,0
532,6,5,9
337,3,4,54
502,4,1,0
353,1,6,216
567,1,0,10
199,1,6,0
551,1,5,488
713,6,0,0
502,6,7,14
299,4,5,9
619,2,7,75
555,1,4,32
721,2,2,82
223,0,2,0
131,1,7,111
599,2,7,159
680,3,7,0
212,0,1,0
721,7,4,14
460,4,3,77
480,2,5,189
277,7,5,5
425,6,7,137
44,5,4,6
379,1,2,46
535,7,7,0
406,6,4,0
389,2,6,60
290,7,2,0
530,2,7,65
116,3,0,0
225,7,7,0
481,4,7,28
231,0,0,13
464,1,6,0
128,0,6,35
34,3,3,181
523,4,4,319
100,7,7,0
181,7,3,4
709,3,6,22
385,6,6,0
65,0,2,34
312,1,0,0
222,4,7,5
725,1,4,259
200,4,0,0
164,7,1,0
122,4,6,0
623,0,2,46
449,6,0,0
316,4,4,67
205,0,7,65
87,3,4,126
422,7,1,0
28,7,4,3
595,6,2,0
71,3,1,6
188,2,2,19
622,1,3,156
571,5,6,135
583,7,7,0
386,6,6,11
333,3,2,0
52,3,2,0
638,6,3,11
488,1,2,0
168,7,6,0
493,5,3,14
51,6,6,0
197,5,1,0
295,1,7,15
603,5,1,0
59,0,3,166
246,0,7,5
334,0,3,93
584,6,1,0
128,6,5,17
61,5,7,27
480,0,3,159
313,3,7,36
68,4,0,0
685,4,5,95
655,2,2,0
336,2,2,48
4,7,6,30
40,3,5,215
353,3,6,156
35,1,6,433
378,1,7,79
49,5,2,0
607,0,4,11
674,3,3,161
672,1,0,0
461,2,1,8
377,7,4,0
632,0,3,0
313,0,3,71
49,5,3,24
128,1,1,4
538,2,7,0
341,1,7,33
536,1,5,15
538,0,2,0
300,1,3,30
309,3,0,0
251,4,4,22
104,0,2,10
323,2,1,0
595,5,1,10
626,0,0,0
582,7,5,0
148,0,1,0
387,2,1,0
316,4,7,20
645,1,0,0
18,6,2,0
499,6,4,8
501,0,0,8
32,7,2,0
554,5,7,52
257,0,0,5
555,6,1,0
417,3,4,0
655,4,3,63
126,7,4,0
598,2,2,88
442,4,3,25
259,3,3,36
324,2,3,10
434,2,7,106
312,7,0,0
24,1,1,3
452,1,5,86
469,5,6,21
626,6,1,0
685,0,6,128
559,4,4,26
155,4,5,59
179,0,2,7
134,4,1,4
448,7,4,13
505,5,4,29
490,2,2,0
467,6,7,0
519,3,1,38
19,6,6,68
95,3,6,51
513,2,2,9
704,1,0,13
124,2,2,7
212,5,1,16
137,6,4,7
122,7,5,4
237,6,5,16
79,3,6,4
44,5,5,387
539,5,2,0
166,0,4,322
618,5,0,0
316,1,7,36
245,0,2,5
412,2,0,0
94,1,1,0
656,2,6,12
116,4,1,0
169,3,2,0
172,0,6,12
470,6,2,0
536,2,3,0
48,2,1,0
206,5,7,73
217,7,3,0
255,1,4,44
592,1,4,105
351,6,5,33
504,0,0,9
62,6,6,6
724,0,7,590
596,1,5,132
19,1,0,0
165,0,6,2213
409,4,2,0
188,0,3,43
78,0,7,6
29,5,0,0
313,2,5,164
714,0,0,22
46,2,0,0
548,6,2,0
565,1,1,0
302,2,2,15
64,6,6,19
683,3,1,33
215,6,5,5
363,0,3,39
470,5,7,13
507,2,1,0
35,3,6,221
725,0,2,132
358,3,5,399
395,3,3,0
566,5,7,68
233,4,0,8
127,5,7,0
162,1,6,377
270,0,2,0
253,7,1,0
279,0,7,32
369,2,0,0
481,0,3,59
107,2,0,0
476,2,6,194
520,4,5,67
687,4,0,0
490,6,3,0
691,0,0,0
262,2,0,0
717,0,3,203
693,4,7,41
25,4,3,80
340,2,1,0
631,0,4,30
418,4,6,0
602,7,0,0
120,4,1,13
367,0,0,0
640,1,3,11
68,1,1,0
178,2,5,7
426,4,5,87
535,4,7,0
109,4,6,10
446,3,6,45
236,6,6,5
278,2,2,32
190,7,1,0
334,4,3,67
205,0,5,85
17,1,5,276
527,1,1,9
689,3,7,0
613,6,1,0
339,7,0,0
47,4,2,0
451,7,6,20
32,6,0,0
545,3,0,0
213,7,4,5
604,0,0,18
623,7,2,11
151,4,5,0
455,5,3,53
315,2,5,51
303,3,4,79
399,7,3,0
474,2,0,0
304,6,3,9
687,2,1,0
270,5,0,0
721,4,3,236
698,6,5,43
261,5,4,27
235,7,7,13
621,6,4,18
436,2,0,0
549,6,7,49
668,0,4,165
681,2,5,12
92,4,7,47
476,4,5,90
170,2,0,0
679,4,2,12
591,2,2,78
63,2,2,39
306,6,5,9
359,7,5,6
726,4,7,554
43,1,5,1347
550,2,5,350
559,3,0,0
721,1,2,82
425,1,5,144
473,1,6,151
62,4,7,27
448,4,6,86
176,0,4,0
56,1,6,6
607,0,5,11
463,1,7,0
10,1,6,101
11,4,0,5
3,3,4,0
214,0,1,12
214,3,0,0
102,7,6,23
150,5,0,0
468,4,6,34
258,0,7,62
95,2,1,12
665,7,1,0
539,0,4,0
714,4,5,78
678,5,1,0
258,3,0,0
320,3,5,20
728,1,5,1806
62,3,3,39
540,6,7,0
702,3,7,112
436,7,7,8
307,0,1,6
99,3,5,4
311,1,0,34
303,4,0,0
682,0,1,0
586,1,4,0
583,4,1,0
397,1,5,227
432,0,4,111
418,1,0,0
656,3,3,12
575,4,0,0
694,5,0,0
82,7,1,0
173,5,4,4
649,7,4,90
94,4,0,4
477,7,7,8
523,2,6,252
628,4,7,37
605,3,6,92
151,4,7,4
503,1,1,22
467,0,7,0
180,4,2,0
91,7,6,12
515,3,0,0
615,3,2,28
179,4,5,34
9,3,7,191
115,6,4,23
63,4,6,130
492,3,4,45
594,7,4,0
310,2,4,89
204,7,5,12
566,7,3,0
653,1,6,122
575,2,0,10
122,3,6,13
468,7,1,0
220,0,0,8
500,2,3,109
72,3,1,0
29,1,1,0
462,5,4,8
663,5,2,0
318,3,4,6
365,0,5,39
335,5,2,6
214,6,1,0
411,3,1,0
128,4,1,0
729,7,2,0
545,5,3,55
227,7,4,0
538,2,0,0
131,2,0,7
322,3,1,0
695,7,4,12
702,6,4,13
574,5,7,32
246,4,4,9
709,0,3,22
108,7,5,6
561,6,4,0
111,6,5,4
176,5,4,0
518,6,4,67
566,6,2,0
303,7,5,0
650,3,0,0
278,7,4,9
209,1,4,20
340,0,7,48
561,2,6,0
612,0,1,11
201,7,3,0
654,2,2,51
417,7,3,0
693,1,2,107
212,1,7,93
287,2,2,29
371,2,6,11
632,5,2,0
280,0,1,9
605,4,2,11
550,3,0,9
494,5,2,0
539,5,7,0
48,2,3,24
696,7,3,56
97,3,6,33
74,0,0,0
398,5,1,0
163,1,4,55
518,2,7,29
486,0,6,36
100,7,2,0
258,6,1,9
234,3,6,26
672,7,5,12
202,3,5,25
313,7,7,0
387,7,5,18
354,5,1,6
717,1,1,0
328,2,6,119
314,1,4,0
572,0,1,32
63,0,4,117
11,5,7,17
229,0,6,8
440,6,6,0
517,2,2,67
546,1,4,25
421,7,4,0
92,1,6,114
451,2,5,152
256,5,3,5
624,1,5,194
454,3,7,58
412,3,1,0
479,0,6,751
414,5,2,0
544,2,2,31
294,3,0,0
444,7,5,0
97,1,4,10
291,6,7,0
121,7,0,0
592,1,1,34
269,4,1,9
603,2,4,64
208,2,4,154
96,1,6,29
46,1,0,0
348,7,0,0
158,0,0,0
298,7,5,0
276,7,5,0
707,5,4,13
228,0,4,8
277,2,4,14
254,1,6,36
372,1,5,11
456,4,7,233
726,0,5,1992
608,4,3,64
101,3,6,4
117,1,6,17
655,3,6,20
369,2,5,7
350,5,3,6
365,2,5,28
693,4,5,255
693,5,4,33
223,5,3,0
679,2,0,0
343,6,6,0
566,0,1,0
192,7,5,5
616,5,6,18
297,3,5,40
474,4,3,27
137,7,1,0
443,0,3,13
582,0,2,17
214,7,5,5
183,3,4,19
14,5,3,0
200,5,0,0
363,5,7,0
434,4,6,124
501,6,5,50
715,3,2,35
565,2,1,0
435,3,7,53
500,2,7,81
75,3,3,53
331,4,2,0
35,0,1,9
389,0,5,30
727,7,2,0
569,6,0,0
381,3,6,341
629,7,6,11
528,5,6,295
243,3,1,5
5,0,1,0
662,6,1,0
583,2,4,0
512,7,5,0
662,3,4,102
101,7,3,0
556,2,3,84
353,1,3,54
408,5,2,19
389,4,6,30
21,4,2,5
527,0,3,123
606,3,1,18
595,4,1,27
227,0,2,5
552,0,1,52
730,3,4,132
729,3,7,236
396,7,4,0
312,6,2,0
631,1,0,0
50,0,4,12
326,7,2,0
195,6,5,0
373,7,2,0
599,0,0,17
292,7,3,0
331,3,1,20
437,6,1,0
38,6,3,6
145,1,1,0
231,4,5,26
314,5,1,10
461,1,2,90
516,5,2,0
371,2,2,17
209,6,2,0
169,1,6,19
124,0,5,0
484,6,2,14
320,4,1,0
288,6,5,6
684,2,4,21
628,5,3,11
501,6,2,0
324,6,7,6
454,2,4,99
726,0,4,1194
680,7,1,0
412,6,0,0
135,4,0,0
448,7,5,0
385,4,5,142
20,1,0,0
524,7,3,9
152,2,5,18
449,3,4,25
335,0,1,36
547,3,0,0
532,6,0,0
42,1,7,505
529,2,1,9
115,6,0,0
138,3,5,686
369,2,6,7
572,4,7,52
517,7,2,0
202,7,3,5
632,5,0,0
342,3,4,6
183,2,7,46
288,7,6,25
557,3,0,0
431,6,5,31
652,5,4,31
194,0,6,12
181,2,6,4
301,2,7,98
599,0,2,142
139,5,3,101
46,6,6,46
31,4,4,9
673,3,0,0
607,0,7,28
171,7,0,0
344,6,2,0
139,2,4,59
223,4,5,153
620,3,6,121
628,3,7,67
36,3,0,0
512,3,0,0
221,2,4,5
391,2,1,0
597,4,0,0
613,0,6,0
667,6,1,12
104,2,0,0
621,0,5,92
427,5,7,43
140,3,7,66
670,6,1,0
711,5,2,0
314,0,5,113
22,4,0,0
533,0,6,80
145,2,0,0
66,3,1,15
576,0,2,71
575,5,3,10
629,2,5,116
591,7,5,17
697,0,0,35
156,3,0,0
461,4,5,34
134,4,4,56
104,1,1,0
552,4,2,10
315,7,0,0
394,0,1,0
222,6,1,0
598,7,5,10
366,1,4,17
540,0,2,25
486,7,7,0
454,6,1,0
249,5,3,0
466,5,0,0
178,4,0,0
185,1,5,34
163,4,7,117
721,2,4,259
253,4,4,44
242,4,4,9
84,6,3,4
259,2,2,22
40,3,6,430
621,7,4,11
378,4,4,22
579,7,2,0
513,0,0,0
1,1,0,0
717,5,1,0
524,0,6,243
311,1,5,285
603,6,7,0
104,5,3,0
716,1,0,0
385,5,5,126
48,6,0,0
311,2,5,270
258,7,5,36
351,0,3,206
568,0,6,210
83,1,1,0
612,1,7,18
12,5,7,65
145,7,3,0
433,5,2,13
399,6,0,0
354,2,5,146
627,4,3,37
715,1,1,13
518,3,5,67
206,3,0,0
113,5,5,40
298,2,3,0
432,6,5,73
436,3,0,0
197,3,2,0
562,2,7,0
548,1,6,230
395,7,0,0
181,4,0,0
699,1,0,0
174,1,2,0
359,7,2,0
185,4,1,7
238,4,6,47
251,7,2,0
246,6,3,5
98,3,6,29
268,6,4,14
126,1,2,4
423,2,1,0
557,0,0,10
657,4,7,0
460,2,5,34
374,0,3,159
158,4,7,212
415,2,6,24
312,0,4,83
372,7,0,0
347,3,6,0
688,0,2,333
685,2,2,66
393,7,5,0
619,5,2,0
713,5,5,22
210,3,6,290
415,6,7,0
185,6,2,0
696,1,1,13
372,7,2,0
464,2,0,0
339,7,1,0
172,5,3,0
183,0,4,15
324,6,2,0
27,6,1,0
82,5,3,12
269,1,4,9
452,7,2,0
206,7,0,0
215,7,4,5
726,5,1,0
469,7,4,21
458,3,1,21
459,7,1,0
568,5,3,10
143,3,5,115
293,0,0,6
636,3,0,0
206,5,3,16
230,0,3,37
448,4,0,8
328,5,2,0
334,1,2,32
370,4,2,0
155,6,2,0
508,7,2,0
86,6,5,44
561,5,6,0
4,1,6,14
87,0,6,879
388,0,1,0
567,5,7,158
33,6,4,29
72,2,7,32
697,5,3,69
501,2,7,95
731,3,5,590
329,2,2,16
624,4,1,11
316,5,5,26
477,0,4,61
728,6,0,0
556,6,0,0
293,1,3,30
731,5,2,14
202,2,5,28
357,2,6,308
545,7,2,0
505,1,0,0
127,1,3,0
689,3,6,0
637,3,7,19
206,1,3,65
410,6,6,0
504,2,6,1065
45,3,1,11
301,5,2,0
568,4,0,0
611,4,1,0
303,5,5,9
719,3,3,156
422,2,5,144
391,6,6,0
71,1,5,87
549,3,4,65
548,4,1,40
490,0,3,0
317,1,2,26
729,4,0,0
460,6,2,8
671,6,5,31
596,2,5,193
653,1,4,31
587,4,3,10
211,4,1,20
88,7,3,4
261,2,4,50
681,2,7,0
457,3,7,21
322,2,3,0
245,0,1,0
628,1,4,60
586,1,6,10
174,0,1,0
75,2,4,0
579,5,6,54
511,2,3,15
79,4,2,0
411,5,1,0
222,3,5,0
253,0,1,0
224,6,0,0
101,7,5,4
365,3,3,35
528,7,7,15
307,3,4,64
522,5,2,0
728,6,3,23
652,3,6,82
122,0,0,0
230,6,7,8
710,4,5,0
293,7,4,0
30,7,3,0
411,7,5,0
610,7,5,0
622,5,6,11
505,0,4,85
407,3,7,89
157,0,4,48
229,1,6,5
371,4,0,0
148,2,1,0
25,0,5,18
719,2,3,303
476,7,2,0
570,4,4,68
352,0,2,44
290,0,6,0
243,2,2,17
652,1,6,82
641,3,7,30
324,3,5,57
120,3,3,11
179,3,1,7
72,4,1,10
164,6,5,23
495,4,6,50
106,2,4,17
678,7,2,0
115,6,6,20
204,3,5,48
462,5,1,0
71,4,3,34
244,1,5,22
242,4,5,22
62,7,5,6
194,2,0,0
633,7,1,0
633,6,0,0
16,6,1,0
719,6,1,0
206,0,4,68
130,6,4,7
687,3,6,0
284,6,4,0
692,6,2,0
291,3,5,0
253,3,4,22
12,7,7,0
640,6,5,60
21,4,6,249
376,5,1,0
658,1,5,0
401,4,7,53
49,1,2,15
47,5,5,25
56,1,0,9
428,0,7,94
390,6,7,0
32,7,0,0
316,3,6,71
171,7,3,0
294,3,6,34
209,5,4,8
432,3,5,329
391,5,5,7
306,2,5,55
168,7,2,0
210,6,1,0
700,4,4,56
119,5,1,6
231,2,3,34
472,3,1,8
23,2,1,0
179,0,1,12
51,4,3,6
444,2,4,0
159,5,7,18
253,2,3,22
718,2,1,22
203,3,6,48
52,0,3,6
521,3,7,23
149,7,1,0
299,7,1,0
361,5,4,11
338,4,2,0
353,4,7,64
311,0,7,289
61,6,1,0
103,4,4,13
203,7,5,0
704,3,1,0
505,1,7,91
445,2,5,20
356,7,5,0
351,7,6,0
517,2,7,99
491,6,6,0
589,2,7,71
577,0,0,61
286,7,4,0
290,7,4,0
33,1,0,0
534,7,4,0
376,0,6,142
125,6,3,4
425,2,7,94
446,6,0,0
463,0,1,0
236,6,4,0
359,3,3,60
349,5,4,10
334,0,2,42
218,6,5,5
391,3,0,0
372,3,3,35
544,5,7,120
360,4,1,0
134,5,5,76
140,5,4,11
228,0,7,8
332,0,5,129
184,5,2,0
24,6,0,0
284,2,3,38
595,5,2,0
544,4,0,0
547,7,7,25
326,6,1,0
183,3,0,0
277,3,0,0
150,1,2,0
358,3,4,54
430,2,0,0
442,6,4,0
416,0,2,0
50,1,2,15
719,0,1,35
441,6,7,0
557,1,5,58
467,6,3,0
235,6,0,0
154,7,6,4
258,6,4,9
79,0,3,4
110,5,7,50
420,2,7,31
84,1,7,148
631,3,7,19
58,0,4,301
662,7,5,31
235,5,2,5
107,7,1,0
427,7,0,0
296,6,2,0
459,6,1,0
483,6,6,0
308,1,5,83
701,7,0,0
409,7,6,7
15,1,6,249
164,4,3,37
563,6,7,0
348,3,7,6
139,6,3,17
655,1,6,31
572,1,7,345
656,6,3,0
526,0,3,161
436,2,4,20
700,6,3,22
649,4,3,153
638,2,4,97
510,7,4,0
98,2,3,13
729,4,7,118
721,7,0,0
596,2,3,149
338,5,7,64
352,2,6,162
461,0,3,34
366,2,3,11
58,0,3,111
257,5,3,0
544,3,7,55
475,1,6,199
55,3,1,0
616,1,3,82
220,2,5,8
45,0,6,401
339,7,4,6
476,1,4,13
327,5,6,123
203,3,1,5
684,5,6,0
308,5,5,55
526,5,4,15
22,0,5,126
541,0,4,49
496,4,0,0
227,6,4,0
172,7,1,0
604,0,2,18
299,4,7,6
18,6,5,164
321,5,0,0
723,6,6,141
266,1,3,41
245,7,0,0
111,4,5,40
24,7,6,3
332,7,3,10
538,1,6,0
122,6,6,4
186,3,3,46
210,0,1,0
138,5,2,4
307,4,0,0
201,3,5,0
85,7,0,0
579,2,2,54
412,7,6,7
255,2,5,84
251,1,0,0
127,3,7,0
40,3,7,138
691,0,7,0
17,6,3,0
204,1,5,56
704,1,1,0
153,2,7,194
473,2,4,159
401,0,3,60
462,1,5,56
241,4,1,5
690,6,6,0
245,1,4,0
430,1,6,43
83,1,3,281
686,5,4,0
113,4,5,20
361,1,5,148
711,3,2,0
228,4,7,13
494,6,4,0
607,7,3,0
367,4,3,96
540,5,7,15
371,2,3,11
533,4,5,49
397,4,0,7
134,6,2,0
271,3,1,0
449,5,6,53
418,0,3,0
719,6,4,13
386,2,1,0
556,3,1,10
500,7,3,0
726,6,4,163
283,3,5,61
330,2,0,0
437,2,3,53
432,3,2,124
453,3,5,66
537,1,7,0
34,5,4,218
216,5,4,13
191,4,4,7
301,4,1,0
19,2,1,5
86,4,2,0
10,5,1,3
218,1,1,5
668,2,0,0
515,4,2,0
262,1,7,75
374,7,6,22
439,7,0,0
596,7,3,10
258,7,1,0
634,5,1,30
14,3,2,24
610,2,4,11
126,0,4,0
710,6,1,0
221,6,7,0
516,6,7,9
409,3,3,212
438,2,1,0
551,3,6,759
138,1,6,697
82,6,2,0
333,7,3,10
514,1,1,0
299,6,4,6
647,6,1,19
237,4,4,64
84,3,6,344
185,4,6,7
115,4,5,54
316,2,2,10
371,5,1,0
47,6,4,9
76,3,2,0
62,0,0,34
158,6,4,0
6,2,2,0
312,5,4,61
445,3,7,8
38,3,6,95
51,3,4,3
564,3,4,26
436,2,7,58
668,4,0,0
57,7,3,3
528,7,2,0
642,3,2,30
550,4,0,9
319,4,1,0
128,3,1,0
249,7,1,0
689,0,0,0
710,4,4,22
565,3,6,32
31,3,6,6
318,0,2,10
353,5,2,0
136,4,0,4
438,2,4,45
159,7,2,0
355,3,3,33
634,7,0,0
109,3,7,13
360,1,6,1153
577,7,1,0
321,6,0,0
686,5,3,0
399,7,0,0
14,7,1,0
451,2,0,8
617,5,4,11
127,1,2,4
561,3,7,0
184,7,0,0
187,7,4,12
612,5,4,0
527,3,5,579
602,0,0,0
225,0,0,5
220,4,4,16
477,5,5,249
373,7,0,0
366,7,1,0
604,3,1,28
580,0,5,27
669,1,7,306
707,7,5,13
401,7,3,7
427,4,6,176
574,7,0,0
168,0,3,43
155,0,7,114
524,1,4,38
680,4,3,21
468,1,3,34
560,0,2,16
107,2,6,17
493,1,5,334
217,0,2,21
125,2,5,11
169,7,1,0
87,3,7,67
274,5,4,0
83,1,7,399
348,6,6,21
467,1,7,0
289,5,3,0
292,3,5,98
306,7,3,0
339,6,2,0
503,3,6,1000
359,6,4,10
564,0,5,0
248,4,7,5
237,3,6,47
88,2,0,0
606,4,2,0
714,2,4,69
134,2,6,181
7,4,7,0
555,2,1,0
626,3,7,37
282,0,2,29
204,3,7,12
439,5,0,0
443,4,6,0
321,0,4,0
512,2,7,0
667,3,1,0
197,6,3,0
607,6,4,36
503,5,1,0
287,5,5,29
319,4,7,0
354,5,4,54
662,2,6,216
399,7,2,0
686,1,1,0
269,0,7,23
102,2,3,17
35,0,4,181
283,0,0,0
359,4,6,318
384,0,1,11
689,6,6,0
482,4,7,22
130,7,5,4
469,7,6,0
577,5,5,54
318,5,1,0
546,1,2,49
725,0,5,1461
187,3,4,46
388,3,4,96
372,7,7,17
252,4,0,0
19,2,5,418
615,7,7,11
444,6,0,0
504,4,0,0
101,5,1,0
696,3,1,69
588,3,1,0
560,0,5,0
513,7,7,0
661,0,7,82
426,3,4,70
439,2,5,13
398,4,5,41
154,1,1,0
169,5,7,15
496,4,5,131
24,3,6,40
413,3,6,82
598,7,6,27
345,4,4,0
424,1,5,132
119,7,2,0
418,7,4,0
344,1,1,0
626,4,2,0
481,0,5,153
169,4,7,15
221,0,6,5
459,5,6,0
724,4,2,0
508,3,6,91
640,5,2,0
675,6,1,0
398,0,6,89
105,6,6,0
492,7,5,0
509,5,2,9
323,2,2,6
354,3,5,189
528,6,4,40
592,7,0,0
213,5,5,85
516,3,5,23
160,6,3,25
436,3,6,58
172,5,5,4
716,7,3,56
217,5,6,13
302,6,5,157
302,3,5,107
104,7,3,0
283,5,5,52
656,5,3,0
649,0,2,31
6,0,2,0
582,3,4,34
668,5,3,12
344,0,4,0
445,4,5,25
387,7,7,0
64,3,6,380
559,2,3,16
722,2,1,0
715,5,6,22
47,2,2,20
85,1,5,294
114,4,3,27
246,4,7,0
699,1,3,182
569,1,1,16
29,4,0,0
684,2,6,12
45,3,7,61
519,6,4,9
295,6,1,6
146,3,0,0
685,4,1,0
639,7,1,0
50,0,6,21
51,1,0,0
132,0,3,240
432,4,2,0
612,4,7,0
186,0,4,7
262,3,5,89
52,1,6,3
632,4,0,0
362,5,7,17
567,4,2,0
240,5,5,44
199,3,3,0
627,4,2,0
698,7,0,0
149,0,4,0
423,6,4,7
600,3,4,149
387,1,0,0
278,4,5,32
361,3,6,135
720,4,1,36
655,0,5,12
204,7,7,20
488,7,4,0
659,4,4,20
204,5,6,214
139,0,1,0
652,7,2,0
14,5,1,3
640,6,7,11
21,5,1,3
379,7,4,0
455,0,1,25
176,4,0,0
52,3,3,0
96,6,3,13
269,2,3,14
468,1,1,21
409,7,7,31
660,4,7,39
493,2,1,0
35,4,6,54
395,0,0,0
705,7,3,0
41,7,6,0
468,4,1,0
563,7,4,0
303,0,2,58
667,4,1,51
29,5,5,0
514,2,0,0
487,4,2,0
499,2,3,95
86,4,5,196
136,6,0,0
596,4,1,34
88,3,6,414
712,5,5,0
529,0,4,184
96,7,0,0
403,0,2,11
458,7,4,0
404,6,4,7
181,1,0,0
399,3,4,108
2,4,4,0
361,2,7,17
726,1,7,2500
527,6,4,38
396,2,7,89
289,3,7,15
585,4,1,0
381,0,1,11
104,4,6,0
301,0,4,34
700,7,1,0
258,1,0,0
597,3,6,281
218,6,1,0
30,5,2,0
215,4,2,0
272,4,0,0
445,1,4,33
350,2,1,0
436,1,3,91
515,4,6,0
235,0,2,34
495,7,0,0
619,7,7,0
4,4,7,0
271,0,4,0
315,4,5,51
572,4,1,10
493,3,2,14
317,2,4,16
624,0,6,127
601,2,2,110
542,5,6,0
538,6,3,0
156,0,7,114
266,3,2,0
383,4,3,28
485,7,0,0
565,5,0,0
150,0,4,0
174,1,0,0
315,6,4,10
202,1,0,0
376,3,5,177
520,6,5,23
324,4,2,0
161,0,3,84
363,4,2,0
719,0,5,225
519,7,2,0
691,4,2,0
404,1,1,23
247,3,6,0
310,1,6,451
647,3,3,97
482,3,7,45
721,5,3,23
4,7,7,0
506,5,0,0
664,2,2,82
422,3,0,0
210,7,0,0
689,4,3,0
488,6,5,0
652,4,6,51
103,0,6,6
581,7,1,0
429,2,1,7
532,2,4,65
577,4,2,0
614,2,7,64
402,4,6,89
50,6,5,9
702,6,3,22
661,2,5,255
656,3,0,0
474,2,2,13
525,5,6,357
459,4,3,215
540,6,0,0
573,1,0,0
437,3,1,0
238,4,3,16
566,1,6,116
100,2,1,0
549,2,3,144
176,6,6,0
586,3,7,10
68,4,1,36
232,7,5,5
427,5,5,94
348,0,7,37
52,2,7,0
277,3,7,0
288,3,6,34
404,5,3,71
489,0,0,0
294,4,0,30
678,7,6,12
433,0,4,91
302,7,4,0
185,2,7,27
156,6,7,23
517,3,4,237
592,0,7,247
182,2,1,0
387,1,2,48
85,0,4,158
179,0,0,0
683,5,3,0
178,3,7,0
634,6,2,0
105,4,7,27
1,4,1,0
506,7,1,0
45,3,5,319
289,0,6,25
280,5,0,0
594,2,3,159
664,6,5,31
687,5,1,0
405,4,7,30
0,4,6,0
690,1,0,0
539,1,5,25
58,0,0,0
269,1,2,9
685,5,6,41
251,2,2,9
118,1,4,13
183,5,4,15
164,6,4,14
119,3,5,46
457,3,2,56
297,6,2,0
519,6,7,9
260,7,3,0
125,4,4,0
31,6,5,0
149,6,5,0
528,3,0,0
138,1,7,76
57,5,7,24
190,5,4,0
116,1,1,0
500,0,1,0
233,7,3,8
414,5,0,0
411,6,5,24
194,1,3,28
458,2,0,0
65,6,4,19
260,2,4,62
15,1,1,3
354,4,3,27
93,0,1,6
485,3,7,8
508,7,1,0
70,0,1,9
438,1,1,0
29,4,5,0
187,0,0,4
336,2,3,125
555,1,6,135
461,7,0,0
306,5,5,15
707,4,1,0
157,2,0,0
413,1,0,0
541,4,2,0
484,0,3,81
600,4,5,260
434,1,5,131
129,4,4,80
78,2,3,4
288,1,4,6
724,7,6,163
138,3,0,7
534,1,3,15
148,3,4,0
464,3,3,8
136,0,5,105
383,6,5,28
606,5,4,57
405,3,1,11
143,1,0,0
188,4,6,27
246,2,3,0
604,1,7,57
462,0,6,0
86,4,7,209
150,6,0,0
680,1,4,0
138,6,0,0
194,3,4,20
538,6,1,0
606,2,4,57
630,4,0,0
252,0,0,0
638,7,2,0
207,7,1,0
67,5,3,12
41,4,1,3
292,1,4,9
497,4,6,64
57,5,2,0
674,7,6,12
504,6,4,23
308,2,3,79
327,0,3,10
488,1,1,0
610,1,6,18
387,3,0,0
448,4,5,45
584,5,4,10
106,2,7,10
455,7,7,45
469,0,0,0
244,7,4,5
335,6,3,0
121,7,3,4
551,4,7,104
216,2,6,80
108,0,4,17
479,6,5,27
495,4,3,59
28,1,0,0
235,5,7,13
703,6,5,35
196,1,7,8
572,2,0,0
716,1,7,203
50,3,6,3
236,7,7,8
489,5,7,0
584,5,5,10
513,1,1,0
48,6,7,3
598,1,5,186
201,7,0,0
266,5,4,9
301,5,4,9
18,7,5,33
528,4,0,0
506,1,2,38
601,0,1,92
411,3,0,0
679,1,5,21
192,4,3,20
352,5,4,21
655,0,0,0
654,7,3,20
11,3,5,164
22,1,1,3
294,5,5,0
316,5,1,0
706,0,0,13
424,4,6,51
408,1,5,368
386,4,5,197
430,4,0,0
329,7,7,6
31,2,5,6
217,2,0,0
218,5,6,8
683,7,2,0
439,1,3,33
420,6,6,7
483,7,6,0
288,4,6,30
182,4,3,38
98,7,5,17
178,7,5,0
550,4,5,295
517,7,1,0
670,7,4,12
671,7,1,0
344,2,4,10
35,7,0,0
174,4,2,0
668,4,3,172
303,0,7,79
602,6,3,0
709,0,0,0
343,5,2,0
584,4,0,0
148,4,1,0
367,2,6,11
556,7,6,0
671,3,2,31
19,5,5,194
96,4,7,23
73,2,1,0
48,6,6,6
618,7,7,18
574,5,0,0
376,7,3,0
63,6,2,0
646,2,7,116
592,4,4,78
144,2,7,37
618,2,7,92
269,5,4,9
65,5,1,292
414,7,2,0
120,2,7,31
448,0,2,8
689,1,7,0
654,0,1,0
81,0,6,41
507,6,1,0
319,5,5,0
243,7,7,0
321,0,3,6
279,5,7,18
291,4,3,6
290,6,4,0
52,4,2,0
257,1,1,5
115,2,2,73
416,6,0,0
275,1,4,5
428,0,3,31
303,5,4,9
629,6,4,30
209,3,6,166
197,1,2,8
470,2,4,483
667,7,3,0
371,6,1,0
409,4,6,493
176,7,7,0
428,1,7,75
406,7,4,23
673,2,2,54
464,3,0,0
0,7,3,0
681,6,5,12
134,1,0,0
441,6,2,0
242,6,5,5
661,5,5,39
187,4,6,19
713,0,1,0
496,4,1,14
149,3,5,0
138,6,4,4
449,5,7,33
696,7,2,0
383,6,4,35
311,7,5,30
44,0,1,6
480,1,7,131
267,1,2,18
321,7,0,0
191,0,0,0
82,3,5,142
232,3,2,0
119,3,1,6
586,2,3,27
192,6,4,5
579,6,7,17
150,7,3,0
354,5,0,0
182,6,7,4
564,6,0,0
106,5,3,10
330,0,4,61
161,6,0,0
543,6,3,15
297,6,4,0
67,3,2,9
35,6,5,123
628,4,5,86
518,4,0,15
91,6,4,41
192,0,2,28
339,0,0,6
62,5,6,57
406,2,3,131
34,4,3,46
25,1,6,3
169,7,2,19
493,1,0,0
8,2,3,22
241,0,3,50
295,7,6,0
261,0,4,58
236,0,7,42
572,3,3,177
361,7,1,0
367,6,0,0
55,6,4,0
424,2,6,144
327,3,7,145
530,4,4,65
584,6,4,10
518,1,1,0
651,4,4,20
183,6,0,0
65,1,1,12
99,5,4,0
179,1,2,12
52,5,3,0
599,2,3,149
42,7,6,18
347,3,4,10
627,3,7,67
626,1,4,146
162,4,1,4
397,5,2,0
158,6,6,260
389,5,1,0
265,3,5,75
2,1,3,3
298,1,6,15
155,7,3,0
236,4,4,21
331,2,4,71
594,6,1,0
268,3,7,5
678,1,4,33
349,6,0,0
121,6,2,4
108,3,0,0
128,0,2,31
131,7,7,4
712,1,4,0
633,2,3,0
694,0,3,247
690,6,4,0
93,5,2,10
118,0,6,66
95,3,7,44
218,2,0,5
255,6,4,5
208,7,0,0
292,1,3,34
573,7,5,10
41,5,7,190
681,7,2,0
579,0,1,10
368,5,1,0
169,6,6,4
1,3,6,3
293,0,2,30
308,0,5,83
611,7,1,0
490,6,7,0
206,7,5,0
634,1,4,0
54,5,4,0
575,2,3,303
444,4,1,0
160,5,6,263
270,2,7,18
586,2,6,0
339,1,0,0
686,7,2,0
595,1,3,210
529,5,0,9
31,2,6,3
148,6,3,0
490,7,2,0
113,4,3,10
348,2,6,10
542,6,5,129
225,6,1,0
705,7,7,35
314,3,7,71
417,5,3,0
337,4,5,91
702,2,2,78
228,2,2,5
322,4,0,0
28,5,0,0
85,0,0,35
726,1,4,486
131,7,5,0
634,3,6,0
106,4,5,13
656,7,1,0
570,5,2,10
229,3,2,5
706,7,3,0
25,2,6,20
449,2,7,45
251,7,1,0
544,7,2,0
619,2,5,46
286,7,0,0
238,6,5,26
107,6,6,0
707,0,7,125
647,0,0,67
580,2,1,10
594,2,7,193
233,3,1,5
28,0,1,0
447,4,4,58
221,6,2,0
245,6,7,5
53,4,1,0
233,3,4,13
350,4,2,0
515,3,2,0
174,4,3,7
377,5,5,142
140,5,3,4
84,5,7,158
246,6,6,0
276,3,5,23
663,5,6,165
166,4,1,14
562,1,5,0
439,2,2,8
464,5,7,0
462,5,5,0
470,6,1,0
616,6,2,11
569,0,0,10
571,6,0,0
8,3,3,24
254,3,3,103
439,2,1,0
458,1,4,21
22,3,6,114
336,6,2,0
274,0,3,9
125,4,5,13
104,0,5,0
249,4,0,0
625,5,5,116
338,7,2,0
499,1,5,167
676,2,1,12
390,4,5,11
541,1,5,295
345,1,7,0
571,7,4,10
90,7,1,0
185,7,2,4
551,1,2,89
205,6,4,16
591,1,7,230
123,6,2,11
552,1,5,445
202,4,2,0
132,0,5,168
152,7,4,0
60,7,0,0
522,2,7,53
33,5,1,0
553,3,4,74
552,6,3,0
183,3,7,38
495,2,0,0
284,5,5,56
426,3,2,12
592,6,3,17
105,7,5,10
371,5,3,0
525,5,2,0
317,6,0,0
216,3,1,5
342,1,7,27
65,0,5,229
661,5,0,0
706,2,1,13
298,1,1,0
250,1,5,17
287,1,3,111
436,4,3,111
361,1,1,0
5,7,4,0
294,2,0,0
513,3,5,0
335,7,7,16
247,1,2,0
709,0,5,13
142,6,6,11
724,7,3,14
718,5,1,0
611,5,5,0
419,7,3,0
627,2,0,0
576,6,5,27
666,4,7,337
125,4,3,4
309,1,7,49
560,5,4,0
301,4,5,289
702,4,1,13
320,7,7,0
660,0,2,82
145,4,2,0
591,2,7,88
130,3,3,118
554,3,6,335
686,6,6,0
21,1,0,0
552,6,2,16
470,1,5,151
20,4,0,0
474,0,6,159
195,6,2,0
258,3,5,58
355,5,0,0
710,4,2,0
380,4,3,68
684,6,3,0
7,0,7,0
318,1,0,0
3,0,2,0
592,3,2,27
371,2,4,17
338,7,4,0
628,2,3,86
1,7,0,0
619,5,5,110
44,1,2,46
497,0,7,159
543,1,0,0
198,2,3,0
262,6,5,14
402,3,5,202
226,2,2,5
99,7,1,0
500,5,0,0
495,7,7,28
429,0,1,12
121,6,4,0
661,7,0,0
395,7,4,0
571,0,0,0
615,7,3,0
16,1,5,218
635,7,3,0
321,4,6,0
704,5,2,0
78,6,0,0
304,6,6,15
274,2,3,5
145,3,0,0
167,5,4,7
238,6,2,0
17,1,4,55
39,7,5,0
435,2,5,111
695,0,3,202
242,5,2,14
530,4,3,71
689,5,5,0
235,5,5,34
23,3,5,82
399,7,7,37
375,1,4,50
708,0,5,35
325,4,3,16
417,3,6,0
564,2,1,0
599,5,5,105
695,4,7,66
342,3,6,17
591,6,7,27
26,0,3,0
252,5,7,17
65,0,1,9
375,5,0,7
550,0,0,0
640,3,4,60
718,6,3,22
272,7,6,32
667,5,7,694
45,0,4,80
306,7,7,55
213,4,5,105
23,5,1,0
465,3,3,13
81,6,5,28
499,6,1,45
260,0,3,75
52,3,1,0
75,5,6,0
351,2,6,189
621,3,1,18
570,1,1,58
301,3,4,107
165,4,4,96
612,6,3,0
20,7,0,0
475,4,1,0
713,7,1,0
176,3,0,0
179,2,1,4
559,6,4,0
584,7,0,0
726,3,1,95
531,6,3,0
686,4,6,0
362,2,5,170
475,5,1,0
701,3,5,1664
407,2,2,66
559,5,2,0
705,4,0,0
710,7,2,0
264,0,1,18
661,3,6,165
402,1,0,7
57,3,2,85
344,6,4,6
69,4,7,54
31,0,1,0
716,6,5,125
486,2,3,14
568,2,4,142
52,5,0,0
560,5,3,0
355,4,5,87
89,5,5,73
246,5,0,0
551,2,7,151
95,3,4,47
581,4,4,115
409,1,3,270
66,4,5,292
183,1,2,15
675,2,5,119
570,3,1,0
296,5,2,0
182,1,7,15
729,2,6,1262
465,2,5,0
80,4,3,6
27,0,3,0
640,5,0,0
219,1,6,8
597,3,2,34
175,2,4,4
441,0,1,0
647,2,7,231
106,1,7,20
544,2,4,151
579,7,7,10
297,5,3,0
473,1,3,61
52,7,4,0
692,6,0,0
596,6,0,0
335,4,2,0
565,7,7,26
221,1,5,16
472,6,2,34
131,6,6,0
723,2,2,82
711,4,0,0
673,1,1,0
588,4,2,0
591,6,2,0
90,4,2,0
352,2,1,6
504,6,7,29
395,6,7,11
352,3,1,6
333,1,2,16
687,5,4,0
325,0,0,10
461,7,4,0
234,0,1,5
706,0,3,134
600,5,0,0
310,4,5,123
222,4,1,0
623,2,7,64
688,1,0,0
383,1,7,148
560,4,1,0
622,0,4,57
113,4,6,56
683,4,6,0
4,0,4,3
106,1,2,13
552,5,7,110
554,2,4,84
345,7,7,0
312,7,6,42
200,6,7,0
697,7,4,0
291,6,1,0
199,2,1,0
603,4,3,75
294,2,2,25
676,0,1,12
557,7,5,26
20,6,5,36
636,2,4,0
252,3,0,0
244,3,6,14
339,5,7,91
332,6,7,16
706,4,5,91
622,4,2,0
269,6,0,0
163,6,2,4
158,0,6,304
19,4,2,0
99,2,2,17
81,4,1,16
121,2,5,4
154,5,0,0
384,6,7,30
42,7,3,0
215,0,7,73
401,3,2,18
693,7,6,12
340,4,7,10
155,2,3,139
349,6,1,0
9,4,4,71
167,3,7,142
291,3,2,0
639,0,5,11
592,4,7,78
125,4,0,0
149,4,1,0
97,1,7,43
713,0,7,22
641,1,4,37
361,6,2,7
600,3,5,185
339,2,7,71
452,3,2,33
146,6,6,0
597,5,4,98
465,0,7,8
635,7,4,0
421,7,6,0
413,5,5,63
654,0,6,51
380,1,2,142
491,4,3,0
539,6,6,0
718,6,5,13
340,7,1,0
68,0,6,1078
351,1,0,0
501,3,1,22
702,0,4,268
326,4,7,32
373,4,5,68
224,1,6,0
145,2,4,14
720,6,0,0
141,7,6,11
217,3,3,26
420,1,0,0
359,3,5,574
494,1,5,209
9,3,5,118
165,4,7,128
507,6,2,0
144,1,6,25
328,3,0,0
285,5,4,29
701,0,2,99
153,7,3,0
229,5,6,0
453,6,7,8
694,5,2,54
613,7,2,0
490,0,7,0
382,6,1,0
414,5,4,0
369,0,3,0
33,7,7,46
90,1,7,79
8,0,2,14
31,5,3,0
462,7,4,13
82,4,1,57
388,5,4,30
77,2,5,0
623,7,5,0
706,4,6,56
344,6,7,0
137,4,0,4
561,3,5,16
142,3,7,7
87,1,7,300
470,0,4,61
458,3,6,96
706,4,4,69
35,2,1,9
588,1,7,27
87,7,6,6
491,5,4,8
171,0,2,0
277,7,2,0
686,5,7,0
144,4,0,0
703,5,0,0
141,5,5,87
373,7,1,0
409,3,2,0
113,3,4,10
391,6,4,0
527,5,0,0
422,6,6,12
188,6,0,0
237,5,2,0
627,2,5,231
586,1,0,0
22,3,2,11
59,7,2,0
412,2,3,39
130,3,7,48
297,2,0,0
424,5,6,7
92,4,6,247
387,4,1,7
264,0,4,32
132,5,5,42
7,3,2,3
644,7,2,0
636,1,2,0
398,7,6,11
204,2,6,28
269,1,3,38
55,1,6,6
53,3,6,0
28,0,7,0
338,7,3,6
568,4,2,0
168,3,5,235
436,7,3,8
152,4,3,0
114,4,6,87
604,0,3,103
10,7,2,0
262,7,3,0
286,4,4,70
637,0,6,11
309,0,1,0
308,5,3,6
629,1,7,30
511,5,2,0
719,1,5,225
647,3,7,134
591,0,2,61
647,2,6,213
486,3,0,0
531,1,1,0
400,2,1,0
690,5,3,0
66,0,2,24
424,4,3,12
382,4,5,153
66,6,5,94
236,1,1,8
336,7,7,0
277,4,0,0
156,7,5,11
602,3,1,0
3,4,1,3
614,6,7,11
19,7,1,0
15,0,5,150
257,2,6,139
524,4,1,23
616,7,4,0
118,3,4,43
36,7,4,0
277,4,5,9
346,2,0,0
3,2,1,0
642,7,0,0
712,7,2,0
261,7,0,0
515,3,7,0
515,6,0,0
164,7,4,4
427,4,7,82
160,2,3,121
276,2,2,5
50,4,7,3
664,0,0,133
324,7,7,0
620,5,6,36
485,3,5,59
579,2,4,142
722,7,7,36
525,5,5,167
513,4,0,0
182,0,1,4
47,4,1,23
94,2,3,75
572,7,0,0
22,4,3,51
483,4,4,50
727,5,6,767
507,0,0,0
503,2,4,123
707,4,7,22
343,7,3,0
189,4,2,0
54,6,2,0
715,1,4,238
54,1,0,0
115,6,1,4
560,5,5,10
367,7,5,0
607,0,1,11
677,5,1,0
461,3,6,56
729,3,6,1144
681,1,7,0
137,7,7,11
356,3,1,17
291,3,0,0
34,4,0,3
435,6,2,8
379,2,3,103
135,3,2,7
728,0,4,354
645,2,4,146
719,2,0,0
550,1,5,344
293,3,2,0
297,3,3,9
323,4,4,0
615,2,5,64
224,7,6,0
705,7,1,0
165,1,5,380
140,6,4,4
542,2,1,0
709,6,3,13
695,3,4,119
569,0,5,94
694,0,1,12
549,0,6,439
514,0,3,0
355,5,3,17
610,3,2,0
594,4,1,27
324,0,0,6
248,6,7,0
655,3,7,0
516,6,0,0
116,0,2,50
482,4,6,145
658,2,3,0
454,6,6,13
498,5,2,0
408,2,6,1083
565,7,0,0
171,1,5,0
688,1,2,342
257,1,5,53
534,4,5,25
122,5,7,4
430,0,7,118
510,5,2,9
185,6,1,0
180,6,1,0
512,4,6,9
667,5,4,39
138,4,1,13
562,2,6,10
232,6,3,0
446,7,4,0
638,5,6,19
81,3,7,117
369,4,0,0
680,3,5,12
372,2,2,46
138,1,2,66
450,2,3,66
408,1,6,1107
281,5,1,0
487,3,3,28
83,4,6,342
720,0,5,281
98,1,0,0
412,3,3,12
2,5,4,0
428,4,5,106
491,3,1,8
238,7,3,0
98,1,5,33
165,7,3,0
125,0,7,0
576,2,5,677
238,6,7,0
645,6,7,30
265,4,1,0
463,5,4,0
16,7,6,3
634,2,1,0
266,6,4,0
417,1,0,0
675,5,3,33
572,3,0,0
55,5,4,0
118,2,0,4
22,1,0,0
292,6,6,19
579,7,5,27
448,0,3,45
380,0,2,57
654,5,2,0
362,7,2,0
706,2,6,91
500,1,1,0
185,3,1,4
391,5,3,11
650,4,1,31
268,0,0,0
185,1,3,27
190,4,2,0
187,7,0,0
580,5,4,78
539,7,2,0
381,6,5,17
250,7,0,0
77,7,5,0
222,3,3,0
704,1,5,190
203,0,5,8
27,0,0,0
552,1,7,116
667,3,2,12
629,1,6,127
473,7,5,0
346,1,4,17
475,7,5,8
290,1,4,0
47,0,6,32
68,3,6,1712
142,7,0,0
55,3,6,3
84,5,0,0
699,5,1,0
305,7,3,0
523,7,1,0
314,5,5,42
77,0,4,0
19,4,3,24
399,5,6,30
38,3,1,6
507,4,6,91
497,0,4,81
319,0,0,0
569,6,1,0
98,7,2,0
654,7,5,0
445,0,4,58
68,0,1,6
449,5,2,8
692,0,3,0
330,6,2,0
89,3,3,28
167,1,2,30
388,0,7,37
690,3,7,0
579,7,6,10
190,1,1,0
658,7,6,90
468,1,4,13
263,2,0,0
172,4,6,4
64,5,5,64
369,3,7,0
312,2,2,36
579,2,3,115
322,6,1,0
116,2,7,40
357,3,0,6
259,3,0,0
703,5,4,78
678,6,5,0
270,5,3,0
506,5,4,9
74,7,2,4
231,2,5,16
51,7,4,0
511,3,3,0
185,7,1,0
634,0,2,0
707,3,2,13
3,2,4,0
330,2,3,77
182,5,6,7
38,4,1,3
430,5,7,82
147,6,4,0
356,2,5,48
24,0,7,43
86,5,3,10
355,2,2,10
395,0,4,0
613,6,0,0
61,4,1,90
265,1,4,5
207,1,1,0
625,0,0,0
461,1,6,69
183,6,5,4
157,0,1,4
383,4,0,46
126,5,5,0
523,6,7,9
647,7,1,0
423,1,5,132
424,6,3,70
539,6,5,0
667,1,0,12
542,3,3,71
61,6,4,608
565,0,6,135
626,2,3,127
61,2,1,3
26,1,0,0
635,3,0,0
660,6,1,0
409,2,6,763
24,2,4,14
139,1,5,488
87,0,7,376
172,7,0,0
605,4,0,0
566,6,1,0
194,7,1,0
198,3,0,0
501,2,0,0
61,2,2,30
99,3,0,4
428,5,5,43
44,6,3,3
637,5,3,0
151,6,3,0
31,5,1,0
488,4,3,50
86,4,4,28
704,5,6,91
696,2,4,303
650,0,7,71
308,5,7,68
530,3,1,9
511,0,0,0
577,7,7,0
645,0,1,11
580,6,1,0
98,2,1,0
560,4,0,0
150,0,6,4
1,7,2,0
27,7,5,3
427,7,7,19
61,1,5,132
118,7,3,6
337,3,2,6
405,7,6,11
193,3,5,56
541,6,0,0
229,0,0,8
209,1,7,33
61,3,1,0
249,5,7,0
386,6,1,0
625,3,5,261
500,7,0,0
603,1,7,121
118,3,6,54
396,6,1,0
197,2,3,8
58,2,4,274
471,5,3,8
390,2,2,41
325,4,5,16
207,6,3,0
606,6,7,0
344,4,5,0
375,2,1,7
173,2,7,12
180,3,6,24
336,0,0,6
69,4,2,0
676,1,6,66
2,6,0,0
317,5,4,0
76,5,1,0
139,3,2,13
670,7,5,51
83,7,3,0
644,4,6,108
127,1,0,0
253,5,2,0
363,6,6,0
96,0,0,17
540,7,6,9
212,7,3,20
693,4,0,0
698,7,5,0
593,4,2,0
679,3,1,0
425,5,2,0
89,4,3,16
128,2,3,94
489,5,6,0
257,2,2,31
90,0,0,32
481,4,2,22
342,1,2,17
575,1,2,74
151,5,2,0
271,2,0,0
67,0,7,659
57,0,6,175
421,3,3,51
179,5,7,15
486,2,0,0
284,0,0,9
675,6,3,12
175,1,5,0
647,6,5,86
478,6,5,13
590,5,1,0
4,2,3,0
542,1,4,120
195,7,0,0
380,7,2,22
354,1,0,0
595,7,1,0
454,1,3,111
582,2,0,0
149,7,0,0
189,1,5,38
670,6,4,20
270,1,1,0
649,4,1,0
389,4,2,7
193,0,6,25
605,5,6,28
246,3,7,0
423,2,4,226
251,7,4,0
525,6,2,0
344,5,6,0
491,4,7,0
693,6,0,0
570,7,1,0
524,6,5,23
273,4,5,0
171,6,5,0
387,0,1,7
6,6,4,0
560,3,2,0
611,3,3,0
684,3,6,33
507,4,5,47
243,5,3,17
562,0,4,0
57,3,3,205
340,4,1,0
637,2,1,0
82,7,0,0
314,4,6,93
118,7,5,17
283,7,5,9
227,0,6,0
40,3,1,11
179,3,3,4
180,3,4,15
56,5,4,30
389,0,4,11
585,2,5,0
573,1,7,184
323,0,7,0
16,3,1,0
344,1,2,0
350,3,3,114
80,6,6,0
671,1,4,31
646,1,6,49
204,6,6,0
296,4,0,0
403,5,3,11
22,7,0,0
256,0,1,31
380,7,3,7
730,1,6,82
573,0,7,219
576,3,0,10
106,6,2,0
246,4,1,0
17,5,6,194
11,4,2,3
336,4,7,114
455,6,7,13
652,4,2,12
134,7,4,13
25,0,1,0
621,5,0,0
310,6,5,34
407,6,0,0
690,2,1,0
428,1,5,188
612,1,6,46
688,5,0,0
670,5,0,0
602,5,7,57
536,1,6,0
573,4,1,16
612,3,7,11
109,7,1,0
357,1,4,118
504,5,2,9
633,4,7,0
284,0,7,32
506,0,3,114
318,4,4,10
302,5,3,15
151,0,3,0
367,5,7,7
181,0,5,12
325,2,3,119
45,4,2,0
392,7,7,0
696,0,6,350
343,0,5,6
313,7,3,0
532,2,6,184
36,0,2,57
635,1,6,19
218,2,1,0
407,7,5,18
413,7,6,19
18,2,4,74
326,2,4,71
88,5,2,0
269,4,5,14
540,5,2,9
54,5,6,3
31,7,6,3
568,3,7,52
474,6,1,0
368,4,3,11
222,1,6,0
378,3,3,199
306,6,3,0
132,3,6,133
65,4,3,30
548,7,2,0
410,3,2,51
685,1,6,41
172,5,1,0
415,0,2,12
241,4,4,58
650,0,4,141
205,0,6,85
450,6,4,8
481,5,5,81
551,2,4,120
591,2,5,166
191,2,1,31
333,1,7,83
666,6,1,0
410,5,0,0
335,3,0,10
89,1,7,60
469,6,0,0
345,4,5,0
681,3,6,12
464,6,2,0
633,5,6,0
605,1,1,0
327,3,2,20
448,3,4,13
488,4,2,36
391,4,6,0
208,5,0,0
401,1,4,53
667,3,0,0
577,5,6,176
191,0,6,12
525,2,2,61
426,2,0,0
357,6,0,10
648,2,2,102
156,2,2,51
730,0,6,132
523,0,3,129
563,4,7,0
112,7,0,0
264,4,6,56
373,5,1,7
439,3,0,0
342,2,7,27
673,0,0,21
643,3,0,0
653,3,1,0
300,4,2,0
14,3,3,19
546,0,3,175
44,1,0,0
513,6,5,23
515,0,7,0
170,1,6,0
66,5,7,267
575,0,4,158
134,2,1,0
563,4,2,0
396,1,6,83
539,5,1,9
166,4,2,0
648,4,2,12
494,4,2,0
446,0,7,13
399,0,3,60
285,0,6,65
158,0,4,132
632,2,2,0
518,2,5,167
556,2,7,58
57,4,1,3
681,6,2,0
466,3,1,0
677,2,7,66
465,5,4,0
129,4,2,0
462,1,0,0
131,2,5,143
576,4,6,650
675,1,0,0
351,6,6,0
671,4,1,20
645,4,0,0
314,4,0,0
426,7,1,0
153,4,1,14
302,3,7,55
421,6,1,0
292,5,1,0
566,3,6,177
202,4,3,0
725,7,7,14
609,5,3,0
504,3,4,176
310,4,0,0
19,4,5,292
514,6,3,0
37,3,1,6
297,3,2,0
47,4,6,46
290,6,6,0
156,4,7,110
664,5,4,51
701,4,4,99
362,5,2,17
383,0,4,142
211,5,3,8
340,6,7,21
249,2,3,5
279,4,1,9
172,4,0,0
690,5,0,0
160,6,6,55
127,5,0,0
313,6,3,0
236,4,6,16
589,7,0,0
324,2,5,36
212,2,7,76
254,0,7,27
587,4,4,10
340,3,2,21
439,1,0,0
96,5,2,0
605,3,3,36
151,6,7,4
276,6,3,0
157,4,1,25
34,0,5,229
582,7,7,0
349,3,3,81
337,6,7,21
64,3,5,455
439,5,6,13
173,2,4,19
269,7,1,0
424,1,0,12
198,0,2,0
592,6,5,44
29,3,2,9
650,2,1,12
396,7,2,0
371,7,7,0
218,5,7,21
17,4,1,24
312,1,1,0
539,7,7,0
729,4,6,177
376,0,3,103
570,3,4,277
585,7,2,0
141,3,2,13
241,0,2,14
170,0,0,0
581,3,0,0
463,5,0,0
94,1,7,53
603,0,5,46
333,0,0,57
120,3,5,46
109,6,7,4
660,7,3,0
694,5,7,54
33,5,4,49
586,6,3,0
242,2,1,5
617,3,6,64
216,6,0,0
28,2,5,0
717,3,0,0
103,5,0,0
378,6,3,39
484,0,4,59
298,4,2,0
596,0,7,274
565,2,2,126
435,6,5,45
206,0,2,12
558,6,2,0
376,3,6,159
244,3,7,17
552,0,4,210
278,4,6,14
312,4,4,67
657,1,2,0
321,4,0,0
523,1,1,53
495,3,0,0
38,3,7,68
541,2,7,40
535,6,4,9
624,2,6,194
88,3,2,4
377,1,0,0
268,0,1,5
82,3,0,4
245,1,6,0
350,4,1,10
713,0,6,0
596,4,4,98
684,5,1,0
106,5,5,6
444,5,4,0
135,2,6,205
641,7,2,0
117,5,1,0
217,6,1,0
474,0,4,90
580,7,5,17
500,4,3,267
235,3,3,16
559,7,1,0
92,1,5,196
259,7,6,0
163,6,1,0
35,0,3,221
269,7,6,9
335,3,4,119
272,1,4,0
529,6,0,0
709,2,1,0
587,1,2,0
687,6,7,0
621,7,2,11
319,1,3,0
531,2,7,25
556,7,3,52
479,5,2,0
467,2,2,0
54,6,5,3
413,4,6,70
63,1,2,69
52,3,5,0
504,5,6,372
473,6,6,21
649,5,5,184
129,1,3,320
529,4,4,89
579,4,1,10
388,3,5,149
252,3,6,27
580,1,0,10
581,2,5,115
613,6,6,0
27,3,4,3
172,1,7,24
65,3,7,259
398,3,3,48
591,5,0,0
568,5,5,32
528,2,3,71
551,5,4,31
355,3,1,6
336,5,7,64
262,5,1,9
159,4,2,4
11,1,5,483
587,0,7,17
214,4,1,0
537,1,0,0
553,0,0,42
493,5,1,0
55,0,7,0
341,4,5,37
332,7,7,10
720,4,7,222
55,5,5,9
550,3,6,928
521,3,3,252
590,1,0,0
274,7,6,79
238,4,5,37
333,1,6,293
696,6,6,56
479,0,5,401
498,7,6,22
218,6,2,0
80,0,1,4
127,4,7,11
80,6,1,0
461,7,3,0
564,7,5,0
533,7,5,0
666,3,5,470
186,2,3,50
62,4,0,3
421,2,5,70
247,7,5,0
67,2,6,2179
448,2,5,58
82,7,7,0
354,4,4,37
328,0,0,10
518,6,3,0
641,2,0,0
465,1,3,0
388,2,4,48
319,5,6,0
359,0,5,416
607,1,6,11
8,4,6,3
368,5,3,0
618,7,0,0
288,4,7,55
235,4,0,0
265,5,5,18
138,0,6,499
35,1,3,326
66,0,1,3
433,3,5,480
569,7,7,0
527,1,7,152
3,4,3,3
498,7,7,22
221,1,7,5
161,4,6,501
268,3,6,14
340,7,4,44
652,5,7,102
208,2,7,56
631,3,2,0
290,0,4,0
276,2,6,18
32,1,0,25
455,4,6,45
27,1,7,3
210,7,7,5
76,0,5,4
477,1,1,8
171,3,5,0
168,3,0,0
611,1,3,0
241,6,5,22
522,6,7,29
12,6,0,0
567,1,5,184
501,7,3,8
624,7,0,0
619,0,2,18
27,4,1,0
392,3,6,0
355,1,4,10
603,0,3,121
321,3,2,0
41,7,5,6
224,0,3,5
315,0,0,10
277,6,6,32
47,0,1,3
34,5,1,0
564,6,7,16
212,4,2,0
547,1,0,9
417,3,2,0
164,1,5,922
441,3,0,0
656,0,7,12
717,6,4,22
50,4,2,3
207,5,5,76
310,6,2,6
126,7,3,0
652,7,1,0
159,7,5,4
270,2,6,5
670,6,7,51
177,0,6,0
657,0,4,0
560,6,6,0
444,2,7,13
434,7,3,0
132,5,7,13
473,2,6,180
332,5,1,6
547,1,1,0
161,2,5,462
672,4,4,140
591,0,5,166
114,3,0,4
676,5,0,0
327,2,7,42
637,3,3,0
317,5,6,10
715,3,0,0
424,1,7,51
125,4,1,0
643,0,2,11
187,0,5,34
512,3,3,9
236,5,3,13
369,5,5,0
15,4,4,19
127,4,6,0
339,6,5,27
470,1,6,61
400,2,3,71
176,7,1,0
3,7,4,0
642,2,6,175
613,3,3,0
306,1,5,113
168,4,3,43
38,0,7,95
441,4,3,0
510,2,1,0
118,0,4,46
405,1,0,0
23,6,6,0
265,0,6,47
634,1,7,11
372,6,0,0
332,7,2,0
40,1,6,650
504,4,3,219
368,5,5,11
321,3,1,0
456,6,6,138
315,2,2,26
502,1,3,153
416,6,5,0
453,6,1,0
615,1,5,64
695,5,0,0
318,2,1,0
674,4,6,148
424,5,7,63
413,6,4,0
569,4,7,32
384,4,6,614
481,4,1,8
278,7,0,0
91,3,4,63
345,5,6,0
423,1,2,106
117,5,3,4
568,5,0,32
275,7,5,0
193,0,0,0
687,2,4,0
201,6,6,0
186,5,6,15
527,6,1,0
75,0,4,0
101,6,6,0
585,6,3,0
221,5,2,0
330,5,6,129
83,7,1,0
643,0,5,37
16,5,4,19
56,2,7,66
75,1,0,4
515,7,2,0
177,6,1,0
650,3,2,39
468,4,0,0
547,6,5,144
93,6,5,26
323,2,6,0
285,5,2,5
142,4,5,129
485,3,6,59
327,2,5,87
148,3,6,0
466,7,5,0
503,1,5,499
675,3,2,54
87,7,2,0
493,3,4,109
552,6,5,16
543,6,7,25
539,4,5,0
130,1,2,74
678,3,1,0
701,0,0,35
469,1,6,27
8,7,5,3
514,6,7,0
380,2,1,0
515,0,3,0
527,2,2,23
151,7,2,0
10,3,3,177
182,6,6,4
145,0,5,37
396,3,2,7
153,5,7,73
175,2,1,0
594,4,7,291
397,4,2,0
66,1,0,0
512,3,2,0
296,2,3,6
395,3,1,11
503,5,4,28
521,1,3,167
189,0,7,62
722,0,0,0
3,6,2,0
648,4,0,12
421,7,0,0
235,6,5,13
134,5,1,0
70,5,7,24
446,0,1,13
674,6,5,21
324,2,2,16
621,1,0,0
600,0,3,185
519,4,7,91
212,3,4,33
352,2,0,6
38,3,4,115
495,4,1,0
400,1,5,190
705,3,1,35
628,2,4,60
445,3,2,0
150,4,0,0
472,4,7,69
187,1,7,46
244,5,4,0
547,6,7,9
48,3,2,12
628,1,6,37
4,3,3,11
239,2,0,26
348,2,1,0
377,2,4,120
180,5,7,7
59,5,7,96
668,0,6,318
284,0,1,5
39,6,7,6
190,6,4,12
448,0,5,53
265,2,5,38
415,4,5,12
643,7,5,19
552,1,2,68
585,0,7,17
491,0,7,0
349,1,5,125
666,2,1,12
716,3,2,13
9,7,3,5
685,0,1,21
613,4,3,11
355,6,3,10
274,4,6,5
210,0,4,36
33,2,0,3
166,4,4,80
25,7,7,0
46,5,5,20
419,0,3,0
69,1,3,79
404,5,5,96
358,0,2,48
329,2,1,10
538,1,4,0
21,7,1,0
39,6,1,0
550,3,1,9
17,0,1,19
68,2,2,57
17,2,0,0
138,2,1,0
657,6,2,0
318,2,6,26
123,1,2,7
165,5,3,11
618,6,6,11
588,6,3,10
708,4,6,22
457,4,5,90
383,2,6,744
639,3,2,11
30,7,0,0
410,5,5,87
524,0,2,38
31,4,0,0
436,5,5,25
238,2,2,26
559,4,6,16
425,7,1,0
695,0,2,86
606,0,0,11
681,0,7,0
195,3,6,16
543,0,7,264
562,2,2,0
656,6,7,0
482,6,5,14
584,0,1,0
516,6,5,38
613,1,2,46
16,4,0,0
627,6,1,0
54,2,1,0
9,6,3,0
701,2,0,0
373,6,1,0
565,4,2,0
404,7,4,0
271,6,3,0
13,6,3,0
376,2,0,11
248,1,5,0
572,5,1,10
289,3,0,0
68,3,3,64
289,2,6,40
590,2,2,159
282,1,0,0
178,6,4,120
323,1,4,0
110,0,4,23
0,2,5,11
364,2,1,7
66,5,2,6
459,5,1,13
592,7,3,10
208,1,7,56
432,1,0,13
455,4,1,13
142,0,7,48
434,4,3,66
64,4,0,9
521,1,7,114
539,4,2,0
249,2,6,0
706,5,6,43
680,2,6,12
638,3,0,0
645,7,3,0
237,5,7,29
415,4,2,7
166,1,0,0
304,6,7,6
315,1,1,20
355,0,6,146
629,2,6,49
241,0,7,31
399,1,6,119
555,4,3,74
51,1,6,0
606,4,0,11
118,0,5,29
333,4,2,10
570,2,4,126
350,3,6,87
528,5,7,31
217,5,0,0
39,3,7,49
641,4,6,60
302,4,3,132
257,0,2,36
660,5,5,71
498,0,3,86
550,0,4,111
177,3,4,4
587,5,6,17
197,6,4,0
625,6,7,30
709,2,7,22
242,4,0,0
194,1,1,0
83,7,7,6
225,3,5,13
61,6,3,6
431,2,2,87
545,1,4,104
668,0,2,12
71,4,0,0
417,6,3,7
625,3,1,37
476,7,6,8
593,1,3,186
182,2,6,27
223,7,1,0
251,2,4,0
317,4,0,0
163,1,1,0
504,6,2,0
685,5,1,0
557,5,1,10
420,2,3,24
555,3,4,110
492,5,0,0
519,3,7,129
478,0,6,302
197,7,7,0
536,3,4,0
202,4,7,8
682,1,4,12
407,2,3,202
144,5,1,0
67,2,5,1255
446,0,4,53
39,7,2,0
700,1,6,640
263,1,6,62
156,0,0,7
92,7,0,0
535,7,4,0
311,3,3,64
349,2,6,44
0,3,3,8
54,0,2,6
438,0,0,25
607,6,5,18
98,4,4,17
172,7,2,0
122,7,4,0
515,6,7,0
617,2,3,92
689,2,0,0
495,2,7,72
385,5,3,7
105,4,6,20
438,6,4,0
602,4,7,185
368,6,4,0
463,1,1,27
14,6,5,22
3,5,4,0
404,4,1,71
683,7,0,0
84,5,4,47
43,1,1,14
720,3,7,73
564,3,3,42
134,0,4,52
287,1,1,0
391,4,0,0
442,7,4,0
490,4,1,0
215,1,6,40
580,3,0,0
564,6,1,0
43,3,3,40
249,4,4,0
610,6,1,0
370,4,0,0
283,6,5,38
231,7,4,5
429,7,3,7
541,5,4,15
367,6,3,7
243,1,2,14
701,4,5,540
718,3,3,112
168,0,0,19
39,7,7,32
505,4,7,61
135,5,6,35
377,6,6,0
631,4,7,0
111,5,6,10
9,3,4,96
418,3,6,7
548,6,0,0
728,0,3,899
469,2,4,130
66,2,7,572
141,2,7,48
66,4,1,45
232,2,6,37
706,0,5,99
401,2,6,138
300,2,0,0
500,5,7,181
395,3,5,11
472,2,2,21
107,2,1,4
47,1,4,40
595,1,2,122
352,1,2,44
677,5,0,0
534,3,7,31
359,7,1,0
112,4,5,20
181,2,4,4
348,7,4,0
555,5,5,74
657,7,2,0
289,7,3,0
490,3,6,14
168,3,6,177
621,0,6,64
558,5,6,0
128,4,6,24
36,5,6,72
436,1,7,53
258,6,2,0
285,4,2,5
305,6,5,6
124,4,2,0
210,7,3,0
717,3,6,190
311,6,4,19
731,1,7,200
230,2,6,26
502,4,0,0
350,5,7,17
241,6,4,0
306,5,1,6
422,1,5,101
55,2,3,6
720,3,5,354
359,7,0,0
232,7,4,0
459,2,1,8
1,0,1,0
148,3,1,0
112,6,4,13
405,1,6,346
569,4,5,135
266,5,0,0
686,0,2,0
121,7,4,4
24,7,5,0
619,2,6,121
624,7,3,11
686,6,2,0
272,2,4,14
627,6,5,37
159,2,1,4
541,1,3,111
359,3,0,10
486,0,5,14
36,5,3,14
324,5,7,6
377,1,5,124
118,0,1,10
343,4,7,10
218,1,7,59
345,6,5,0
348,4,3,17
359,4,2,0
164,6,3,18
657,0,5,0
21,3,7,8
594,3,4,98
114,6,1,6
274,0,4,0
109,6,4,10
383,1,5,249
426,5,1,7
439,1,2,25
307,0,0,0
126,5,2,0
119,2,5,56
298,3,6,89
369,0,2,0
7,2,6,0
595,2,0,0
37,0,0,6
355,5,1,6
653,4,4,114
416,0,1,0
352,7,3,0
487,5,3,0
210,5,1,5
466,6,1,0
418,5,2,0
177,3,2,0
725,2,7,613
363,7,3,7
646,5,6,86
673,0,6,469
237,0,5,21
515,2,7,0
378,4,2,0
0,0,2,5
599,1,4,44
248,5,3,5
463,4,4,8
278,2,0,0
666,1,1,12
669,3,4,102
76,3,0,0
607,4,7,18
473,3,0,0
485,6,7,8
620,5,2,11
159,0,5,197
306,0,5,64
719,6,0,0
569,3,0,10
671,3,0,12
240,2,6,36
29,5,3,0
716,6,3,35
182,1,3,7
673,1,5,173
94,5,6,85
380,1,0,0
697,3,5,350
394,4,7,0
704,6,0,0
354,0,2,37
218,0,7,16
6,0,1,0
159,4,0,0
543,7,2,0
471,7,4,8
158,4,3,14
659,2,0,0
388,6,3,0
670,4,3,223
705,5,7,43
687,4,7,0
348,0,2,17
150,6,2,0
253,7,3,0
541,7,4,0
450,2,5,66
378,1,0,7
425,0,2,63
517,0,3,61
475,5,6,146
658,1,4,0
470,5,3,13
447,7,1,0
425,5,5,106
481,6,3,0
660,7,2,0
687,6,4,0
614,1,6,36
47,1,6,54
697,3,4,112
604,1,5,110
574,1,7,184
128,1,3,87
147,2,2,0
251,0,1,0
555,4,1,16
322,4,6,0
59,2,6,244
649,7,2,31
98,3,1,4
420,2,4,24
410,1,1,19
144,2,4,25
44,1,3,80
468,7,5,21
554,7,3,0
74,5,4,4
26,0,5,9
7,7,4,0
198,3,4,5
570,4,6,184
573,7,4,32
659,0,7,0
586,7,2,0
669,1,4,165
491,6,2,0
683,5,7,12
308,7,2,0
154,5,5,69
590,0,1,10
192,3,2,5
719,0,4,182
305,5,6,43
3,7,5,0
396,4,7,41
701,0,5,990
22,2,2,14
627,1,4,30
717,4,0,0
187,5,4,27
30,3,0,0
77,3,2,10
74,4,7,12
156,4,2,0
61,2,7,102
562,7,3,0
398,4,6,48
143,0,7,35
377,6,4,68
490,7,1,0
33,2,3,444
29,6,5,3
290,0,5,0
710,2,1,0
36,5,4,9
149,3,6,0
143,2,0,0
40,2,0,0
80,7,3,0
240,7,3,0
626,7,0,0
259,7,5,22
605,4,6,57
225,1,6,16
247,3,5,0
696,3,0,0
32,4,2,0
536,4,7,0
428,7,2,19
150,7,5,0
707,5,7,35
288,2,7,40
691,2,6,0
364,3,2,22
81,5,2,0
89,5,3,41
123,2,4,17
495,0,2,203
574,1,2,126
516,1,0,0
690,2,3,12
382,7,4,7
244,0,4,0
150,2,0,0
385,6,3,11
593,2,6,210
121,1,3,63
124,5,7,0
48,6,4,15
514,4,2,0
640,4,3,60
436,1,5,25
617,2,5,139
147,1,1,0
86,2,3,136
455,4,4,106
533,7,6,9
228,5,2,0
259,1,0,5
540,7,7,0
447,4,2,0
4,6,7,0
351,0,0,21
126,6,6,0
698,3,5,415
53,2,2,3
424,0,2,106
557,2,2,26
454,5,2,0
449,0,5,40
38,1,4,40
388,2,2,53
674,4,2,0
486,7,1,0
516,2,6,38
174,5,2,0
166,0,5,1175
401,0,0,0
96,7,2,0
496,1,2,81
347,3,5,17
497,1,6,109
531,4,4,65
98,0,3,23
566,1,3,126
525,6,0,0
247,7,1,0
158,3,5,414
668,0,0,12
348,2,2,6
693,4,1,12
463,7,4,0
67,3,7,145
620,2,5,92
344,0,5,0
116,5,1,17
46,2,6,247
632,1,0,0
590,4,3,34
14,2,2,55
290,1,5,0
454,5,5,86
589,1,3,44
322,0,7,0
393,2,3,7
325,5,0,0
425,4,5,87
215,5,3,12
488,0,6,0
176,2,2,0
78,4,4,6
134,3,4,129
504,5,3,29
233,2,6,50
724,3,4,368
352,2,2,64
72,3,4,26
500,2,5,167
365,7,7,0
584,1,1,0
206,5,6,12
299,7,7,0
601,7,7,18
73,6,1,0
189,1,2,31
624,0,5,97
263,1,0,0
56,5,0,0
694,3,4,107
156,1,1,4
385,1,6,335
683,2,6,21
176,3,4,0
200,1,4,5
303,1,0,0
561,1,2,0
109,5,4,29
157,2,1,4
686,0,5,0
182,6,0,0
176,1,5,12
266,1,0,0
116,2,0,0
473,0,2,27
418,3,0,0
266,5,3,0
689,1,1,0
187,7,5,15
457,2,1,13
56,3,0,3
516,4,4,9
94,6,2,0
254,4,2,0
136,3,6,1189
595,0,3,203
466,6,3,0
595,6,4,17
727,2,6,3540
718,4,5,134
691,6,3,0
172,2,7,24
288,0,3,19
442,1,1,0
314,5,4,20
659,0,4,0
471,6,7,90
46,6,2,6
580,4,7,186
593,2,0,0
422,0,2,87
138,7,6,0
462,6,3,21
420,2,5,24
405,3,6,440
173,5,6,0
163,1,3,73
392,7,6,0
173,6,0,0
713,3,6,22
299,4,2,0
401,5,0,0
74,1,7,22
85,7,7,16
70,4,7,12
589,5,4,54
517,6,6,61
226,5,7,0
431,2,0,0
707,0,6,56
162,0,0,4
722,7,1,0
28,2,3,0
165,6,6,32
382,2,4,148
43,1,6,1912
39,2,4,23
197,4,3,5
554,5,3,10
597,2,4,61
62,4,2,24
319,7,2,0
154,5,7,153
317,3,3,20
682,6,0,0
0,3,2,0
242,1,4,9
165,4,0,4
426,7,0,0
634,3,4,0
87,0,1,6
268,6,3,47
124,4,6,0
82,5,2,0
579,0,5,132
145,7,0,0
551,7,5,9
688,0,0,12
691,3,5,0
354,1,3,71
69,5,2,0
250,3,1,0
148,5,7,0
341,5,5,17
666,4,3,184
22,2,3,106
154,1,4,146
214,1,6,154
651,5,1,0
312,6,4,6
62,5,7,24
241,4,6,5
233,0,5,8
649,7,6,39
417,0,1,0
397,2,2,78
433,7,1,0
543,2,3,255
159,1,5,153
559,7,7,0
705,5,3,0
11,0,3,502
370,1,2,0
10,4,6,58
266,7,2,0
378,7,2,0
612,2,3,28
122,4,4,4
24,2,0,0
315,6,6,16
700,1,0,22
309,4,7,43
654,2,7,20
597,6,3,10
337,6,0,0
670,6,3,63
220,3,4,13
552,2,5,393
250,4,3,5
573,2,2,26
234,6,4,13
434,7,1,0
422,0,3,125
53,1,7,0
573,6,3,26
118,5,5,40
443,6,1,0
186,7,4,0
487,2,7,0
526,7,0,0
344,0,6,0
289,4,4,30
489,2,1,0
535,3,0,0
606,3,0,0
147,7,7,0
675,0,4,21
565,2,0,0
292,7,7,0
70,6,6,9
369,5,2,0
406,6,6,41
330,7,5,16
206,2,7,56
276,5,2,0
101,7,6,0
395,4,0,0
23,6,1,0
410,1,7,164
230,2,2,0
566,4,4,152
69,4,4,45
439,3,3,33
33,7,4,83
386,2,4,41
102,3,6,0
534,3,0,0
709,4,6,35
2,6,2,0
158,1,7,91
588,4,7,10
412,4,4,51
573,1,2,116
304,5,4,25
424,5,4,39
215,2,4,36
560,2,5,0
283,3,0,0
310,3,1,25
159,5,3,25
712,0,2,0
496,7,2,0
202,2,1,5
395,1,2,0
23,1,6,46
542,0,0,31
236,7,3,0
201,6,1,0
85,2,4,114
62,7,1,0
382,1,7,107
69,5,1,0
468,3,7,8
65,6,3,0
590,2,6,193
472,0,5,151
135,1,3,109
641,1,1,0
108,2,4,4
440,6,5,20
589,4,5,78
562,5,2,0
393,2,2,0
206,1,4,12
583,2,2,0
470,7,3,8
595,6,6,44
104,1,2,6
182,1,6,7
679,6,2,0
363,6,1,0
119,7,6,0
627,3,1,0
286,5,1,0
87,4,1,10
87,2,3,177
651,5,4,39
272,6,5,14
7,0,0,3
377,0,4,74
621,1,6,46
622,1,5,92
543,7,4,15
325,0,2,26
524,7,2,0
69,1,4,166
159,6,7,18
570,7,7,0
227,4,6,0
513,3,0,0
638,5,7,30
686,5,1,0
662,5,4,20
671,5,2,31
529,3,2,40
65,3,1,15
228,2,4,8
109,2,1,6
523,3,6,219
630,1,1,19
424,3,4,87
268,1,1,5
430,4,5,137
455,3,2,20
708,4,4,22
66,4,2,3
683,1,6,33
553,6,5,26
365,1,0,0
537,4,3,0
391,0,2,0
533,2,5,31
333,7,1,0
69,4,3,171
99,1,3,6
537,5,4,0
321,2,2,16
678,1,1,0
234,7,4,13
142,4,0,4
250,2,1,0
731,0,2,132
339,2,2,64
523,0,5,266
39,5,2,3
261,2,0,0
472,2,6,207
550,5,2,31
222,2,7,0
294,7,1,0
257,5,6,325
153,4,2,0
708,2,5,56
566,4,2,0
315,7,1,0
665,7,5,39
529,7,4,31
693,6,1,0
111,0,7,27
452,4,1,8
397,2,4,126
706,1,7,156
564,3,7,10
353,5,6,37
269,1,5,29
165,0,7,761
5,7,2,0
579,5,7,27
419,7,2,0
191,3,3,31
60,6,1,0
183,5,6,7
683,4,3,12
474,3,7,34
439,6,0,0
211,3,7,504
405,6,6,7
520,1,7,105
587,6,7,0
324,3,2,20
692,4,0,0
215,7,6,5
197,1,6,8
620,3,1,18
3,2,7,0
653,6,1,0
297,4,3,9
479,3,0,48
625,5,4,49
548,2,5,240
687,1,5,0
474,0,2,34
251,2,7,17
664,1,0,0
190,4,1,12
533,2,6,111
421,5,1,19
1,0,0,0
105,0,6,0
474,0,0,21
196,0,4,5
319,7,3,0
409,0,1,19
721,0,0,14
443,7,5,0
672,7,0,0
132,7,4,0
50,3,5,19
41,1,4,109
32,5,3,3
502,0,2,72
237,5,0,0
27,2,1,0
543,0,6,190
309,3,4,55
55,1,0,9
56,0,1,12
469,1,4,77
620,1,3,92
217,6,4,0
453,0,1,25
169,3,7,12
13,1,4,96
446,4,1,0
118,2,4,50
321,3,6,6
333,3,7,67
453,1,5,45
336,5,1,27
33,0,5,143
473,0,4,77
366,0,6,11
675,2,3,161
8,7,1,0
374,5,7,120
701,2,4,238
568,4,3,16
599,4,6,210
648,3,6,133
277,4,3,29
377,1,7,92
445,2,0,0
147,5,7,4
711,6,1,0
584,6,0,0
538,7,2,0
19,7,3,0
380,2,2,74
155,3,1,0
355,7,7,21
469,2,3,151
485,5,6,14
14,6,6,3
164,4,6,1434
640,2,3,60
2,3,4,0
606,4,7,46
128,3,2,0
729,0,3,104
222,7,2,0
108,3,7,6
208,0,5,68
619,2,0,0
674,0,1,0
425,3,7,106
582,4,3,281
15,5,6,46
481,6,4,0
